{
  "BetOptions": {
    "BetWord": "เดิมพัน",
    "BetChangeProgressRemind": "การเปลี่ยนจำนวนเดิมพันจะโหลดกระบวนการเกมตามนั้น",
    "BetOriginalAmountTitle": "จำนวนเดิมพันเดิม:",
    "BetSettingWord": "ตัวเลือกเดิมพัน",
    "ReminderWord": "ตัวเตือนความจำ",
    "BiggestBet": "เดิมพัน\r\nสูงสุด",
    "Confirm": "ยืนยัน",
    "BetCurrencyRate": "ขนาดเดิมพัน",
    "BetMultiple": "ระดับเดิมพัน",
    "BetAmountTitle": "จำนวนเดิมพัน",
    "BetAmount": "จำนวนเดิมพัน:",
    "SubReminderWord": "ตัวเตือนเวลา",
    "BetLines": "เส้น",
    "ReminderHours": "%{value} ชั่วโมง",
    "ReminderMinutes": "%{value} นาที",
    "ReminderSeconds": "%{value} วินาที",
    "BetChangeForfeitProgressRemind": "การเปลี่ยนจำนวนเดิมพันจะยกเลิก\r\nความคืบหน้าปัจจุบันของเกม",
    "MaxPayout": "เงินรางวัลสูงสุด",
    "RTP": "RTP",
    "PayoutProbabilities": "การหมุน 1 ใน %{value} ครั้ง"
  },
  "SpinOptions": {
    "ChooseValue": "เลือกค่า",
    "SettingSliderNumNone": "ไม่มี",
    "AutoSpinWord": "การหมุนอัตโนมัติ",
    "AutoSpinWordShort": "ตัวเลือกการหมุน",
    "SpinSpeed": "ความเร็วการหมุน",
    "NormalSpeed": "ปกติ",
    "FastSpeed": "เทอร์โบ",
    "AutoSpin": "จำนวนหมุนอัตโนมัติ",
    "OnceCashLessThanTitle": "หยุดหากยอดเงินคงเหลือลดลงไป",
    "RequiredTitle": "*จำเป็นต้องมี",
    "OnceCashMoreThanTitle": "หยุดหากยอดเงินคงเหลือเพิ่มขึ้นไป",
    "OnceWinAmountTargetTitle": "หยุดหากได้เงินรางวัลเกินในหนึ่งครั้ง",
    "StartAutoSpin": "เริ่มหมุนอัตโนมัติ",
    "MoreOptions": "เพิ่มเติม",
    "HideOptions": "ซ่อน"
  },
  "SpinOptionsLegacy": {
    "ChooseValue": "เลือกค่า",
    "SettingSliderNumNone": "ไม่มี",
    "AutoSpinWord": "ตัวเลือกการหมุน",
    "AutoSpinWordShort": "ตัวเลือกการหมุน",
    "SpinSpeed": "ความเร็วการหมุน",
    "NormalSpeed": "ปกติ",
    "FastSpeed": "เทอร์โบ",
    "AutoSpin": "หมุนอัตโนมัติ",
    "OnceCashLessThanTitle": "หยุดหากยอดเงินคงเหลือลดลงไป",
    "RequiredTitle": "*จำเป็นต้องมี",
    "OnceCashMoreThanTitle": "หยุดหากยอดเงินคงเหลือเพิ่มขึ้นไป",
    "OnceWinAmountTargetTitle": "หยุดหากได้เงินรางวัลเกินในหนึ่งครั้ง",
    "StartAutoSpin": "เริ่มหมุนอัตโนมัติ"
  }
}
