[
  1,
  [
    "4eb52MUaxAo6/hWYXOmqYV",
    "1dB4oQd1pHVrNyqxxZLs8i",
    "88KtX97gNPJZvBBFxBfqFT",
    "341BTE5+pElIrFUu1TRhYg",
    "22edqvTnZEmKLtV51J15AI",
    "a4tttnfRRDJ7x7UuogLPK8",
    "a1xO5QjThMeofA9OQVCyFR",
    "46oqT8IxFFFo+q3F6lsBIr"
  ],
  ["value"],
  [["cc.AnimationClip", ["_name", "_duration", "sample", "curveData"], 0, 11]],
  [[0, 0, 1, 2, 3, 4]],
  [
    [
      0,
      "turbo_lighting_style_1",
      0.4,
      20,
      [
        { "paths": {}, "props": {} },
        "comps",
        11,
        [
          {},
          "cc.Sprite",
          11,
          [
            {},
            "spriteFrame",
            12,
            [
              [
                [{ "frame": 0 }, "value", 6, 0],
                [{ "frame": 0.05 }, "value", 6, 1],
                [{ "frame": 0.1 }, "value", 6, 2],
                [{ "frame": 0.15 }, "value", 6, 3],
                [{ "frame": 0.2 }, "value", 6, 4],
                [{ "frame": 0.25 }, "value", 6, 5],
                [{ "frame": 0.3 }, "value", 6, 6],
                [{ "frame": 0.35 }, "value", 6, 7]
              ],
              11,
              11,
              11,
              11,
              11,
              11,
              11,
              11
            ]
          ]
        ]
      ]
    ]
  ],
  0,
  0,
  [0, 0, 0, 0, 0, 0, 0, 0],
  [0, 0, 0, 0, 0, 0, 0, 0],
  [0, 1, 2, 3, 4, 5, 6, 7]
]
