[
  1,
  [
    "3eGNT4emtLeY8c6EZb3d33",
    "e38ikkOFVMbLKQXTTTeL9e",
    "ccwu73z7hFK5C7U7ZbC2dP",
    "a6GTDoXKRHZ7Fpn59hoEKJ",
    "55zPtA6C1KO6NaDslvsPrb",
    "6c2T8Oo51FypFmkJWQ7EbA",
    "63buMgt1FCNKHRgv4oUtmR",
    "b8GO/oVBxETr6gRVIuphPh",
    "83//ARS3RLwLO7XfHbB8Wx",
    "6ff38c6SdHPI9eKoNigKmf",
    "f3KIGNLnJEu67oV4YaXCZS",
    "dc4HPCVBlPyaVZDIWZXMEc",
    "5bgRQv5ZxB15tHbxIHLN9Y",
    "92ERAg8oZP+oleo7gw4eOi",
    "be2x26A79AM44PSE1qwcED",
    "d08oEkTkBCVKMdoOBEKxMJ",
    "82c3gpeXhNpZHYj6ww4CG0",
    "7bKQirtKFADoscSGhlTYvR",
    "8ddrB3xtNFxoM2QGbI638M",
    "55D8r2pGZBEIB5MEBcDnT2",
    "68kXiai7JFkZcmKlrd4d6N",
    "a3lVNtHf5A+oTniEqhFG9n",
    "09lj00A5JBo4lOWmVsCtTG",
    "e0xf7UHKpMKqsXXJGiyHF1",
    "f1pCQrVOBPbLGkiI1EEYjw",
    "1dl5Hc3ztMGIlbQbKkyX0s",
    "1fBpewg/JJGIS/YWf6kbN8",
    "7bB9wMxa5J1oHkVxE6XO4A",
    "aepiFuaBFFoaJZrMFcziTQ",
    "afptqL4kBEwqc246rYFQ60",
    "43OaXj0PBImrpooZZsKfvi",
    "149KCy2dhFN6PFdQSSSXmk",
    "7fpIBBD6xGPYXQ/kaGgZ8M"
  ],
  [
    "_textureSetter",
    "h1_brown",
    "h1_brown_bg",
    "h1_brown_blur",
    "h2_green",
    "h2_green_bg",
    "h2_green_blur",
    "h3_blue",
    "h3_blue_bg",
    "h3_blue_blur",
    "h4_purple",
    "h4_purple_bg",
    "h4_purple_blur",
    "h5_red",
    "h5_red_bg",
    "h5_red_blur",
    "h6_gold",
    "h6_gold_bg",
    "h6_gold_blur",
    "l1_diamond",
    "l1_diamond_blur",
    "l2_clover",
    "l2_clover_blur",
    "l3_heart",
    "l3_heart_blur",
    "l4_spade",
    "l4_spade_blur",
    "l_bg",
    "l_bg2",
    "l_bg2_blur",
    "l_bg3",
    "l_bg3_blur",
    "l_bg_blur"
  ],
  ["cc.SpriteFrame", ["cc.SpriteAtlas", ["_name", "_spriteFrames"], 2, 11]],
  [[1, 0, 1, 2]],
  [
    [
      [
        {
          "name": "l2_clover_blur",
          "rect": [709, 338, 59, 69],
          "offset": [0, -2],
          "originalSize": [175, 175],
          "rotated": 1,
          "capInsets": [0, 0, 0, 0]
        }
      ],
      [0],
      0,
      [0],
      [0],
      [0]
    ],
    [
      [
        [
          0,
          "symbols.plist",
          [
            {},
            "h1_brown",
            6,
            0,
            "h1_brown_bg",
            6,
            1,
            "h1_brown_blur",
            6,
            2,
            "h2_green",
            6,
            3,
            "h2_green_bg",
            6,
            4,
            "h2_green_blur",
            6,
            5,
            "h3_blue",
            6,
            6,
            "h3_blue_bg",
            6,
            7,
            "h3_blue_blur",
            6,
            8,
            "h4_purple",
            6,
            9,
            "h4_purple_bg",
            6,
            10,
            "h4_purple_blur",
            6,
            11,
            "h5_red",
            6,
            12,
            "h5_red_bg",
            6,
            13,
            "h5_red_blur",
            6,
            14,
            "h6_gold",
            6,
            15,
            "h6_gold_bg",
            6,
            16,
            "h6_gold_blur",
            6,
            17,
            "l1_diamond",
            6,
            18,
            "l1_diamond_blur",
            6,
            19,
            "l2_clover",
            6,
            20,
            "l2_clover_blur",
            6,
            21,
            "l3_heart",
            6,
            22,
            "l3_heart_blur",
            6,
            23,
            "l4_spade",
            6,
            24,
            "l4_spade_blur",
            6,
            25,
            "l_bg",
            6,
            26,
            "l_bg2",
            6,
            27,
            "l_bg2_blur",
            6,
            28,
            "l_bg3",
            6,
            29,
            "l_bg3_blur",
            6,
            30,
            "l_bg_blur",
            6,
            31
          ]
        ]
      ],
      0,
      0,
      [
        0, 0, 0, 0, 0, 0, 0, 0, 0, 0, 0, 0, 0, 0, 0, 0, 0, 0, 0, 0, 0, 0, 0, 0,
        0, 0, 0, 0, 0, 0, 0, 0
      ],
      [
        1, 2, 3, 4, 5, 6, 7, 8, 9, 10, 11, 12, 13, 14, 15, 16, 17, 18, 19, 20,
        21, 22, 23, 24, 25, 26, 27, 28, 29, 30, 31, 32
      ],
      [
        1, 2, 3, 4, 5, 6, 7, 8, 9, 10, 11, 12, 13, 14, 15, 16, 17, 18, 19, 20,
        21, 22, 23, 24, 25, 26, 27, 28, 29, 30, 31, 32
      ]
    ],
    [
      [
        {
          "name": "l_bg3_blur",
          "rect": [1002, 401, 91, 97],
          "offset": [0, 0],
          "originalSize": [91, 97],
          "rotated": 1,
          "capInsets": [0, 0, 0, 0]
        }
      ],
      [0],
      0,
      [0],
      [0],
      [0]
    ],
    [
      [
        {
          "name": "l4_spade",
          "rect": [1083, 173, 112, 124],
          "offset": [0, -4],
          "originalSize": [350, 350],
          "capInsets": [0, 0, 0, 0]
        }
      ],
      [0],
      0,
      [0],
      [0],
      [0]
    ],
    [
      [
        {
          "name": "l4_spade_blur",
          "rect": [1101, 392, 57, 69],
          "offset": [0, -1],
          "originalSize": [175, 175],
          "capInsets": [0, 0, 0, 0]
        }
      ],
      [0],
      0,
      [0],
      [0],
      [0]
    ],
    [
      [
        {
          "name": "l_bg3",
          "rect": [532, 178, 175, 175],
          "offset": [0, 0],
          "originalSize": [175, 175],
          "capInsets": [0, 0, 0, 0]
        }
      ],
      [0],
      0,
      [0],
      [0],
      [0]
    ],
    [
      [
        {
          "name": "l1_diamond",
          "rect": [263, 358, 106, 126],
          "offset": [-2, -5],
          "originalSize": [350, 350],
          "capInsets": [0, 0, 0, 0]
        }
      ],
      [0],
      0,
      [0],
      [0],
      [0]
    ],
    [
      [
        {
          "name": "h2_green",
          "rect": [139, 358, 122, 120],
          "offset": [3, -5],
          "originalSize": [350, 350],
          "capInsets": [0, 0, 0, 0]
        }
      ],
      [0],
      0,
      [0],
      [0],
      [0]
    ],
    [
      [
        {
          "name": "h4_purple_blur",
          "rect": [685, 399, 93, 107],
          "offset": [0, 0],
          "originalSize": [175, 175],
          "rotated": 1,
          "capInsets": [0, 0, 0, 0]
        }
      ],
      [0],
      0,
      [0],
      [0],
      [0]
    ],
    [
      [
        {
          "name": "h2_green_blur",
          "rect": [857, 304, 93, 107],
          "offset": [0, 0],
          "originalSize": [175, 175],
          "rotated": 1,
          "capInsets": [0, 0, 0, 0]
        }
      ],
      [0],
      0,
      [0],
      [0],
      [0]
    ],
    [
      [
        {
          "name": "l1_diamond_blur",
          "rect": [780, 338, 55, 71],
          "offset": [-1, -1],
          "originalSize": [175, 175],
          "rotated": 1,
          "capInsets": [0, 0, 0, 0]
        }
      ],
      [0],
      0,
      [0],
      [0],
      [0]
    ],
    [
      [
        {
          "name": "h2_green_bg",
          "rect": [187, 1, 175, 175],
          "offset": [0, 0],
          "originalSize": [175, 175],
          "capInsets": [0, 0, 0, 0]
        }
      ],
      [0],
      0,
      [0],
      [0],
      [0]
    ],
    [
      [
        {
          "name": "h3_blue_blur",
          "rect": [966, 306, 93, 107],
          "offset": [0, 0],
          "originalSize": [175, 175],
          "rotated": 1,
          "capInsets": [0, 0, 0, 0]
        }
      ],
      [0],
      0,
      [0],
      [0],
      [0]
    ],
    [
      [
        {
          "name": "l_bg",
          "rect": [178, 181, 175, 175],
          "offset": [0, 0],
          "originalSize": [175, 175],
          "capInsets": [0, 0, 0, 0]
        }
      ],
      [0],
      0,
      [0],
      [0],
      [0]
    ],
    [
      [
        {
          "name": "h6_gold_bg",
          "rect": [895, 1, 175, 175],
          "offset": [0, 0],
          "originalSize": [175, 175],
          "capInsets": [0, 0, 0, 0]
        }
      ],
      [0],
      0,
      [0],
      [0],
      [0]
    ],
    [
      [
        {
          "name": "l_bg_blur",
          "rect": [1083, 299, 91, 97],
          "offset": [0, 0],
          "originalSize": [91, 97],
          "rotated": 1,
          "capInsets": [0, 0, 0, 0]
        }
      ],
      [0],
      0,
      [0],
      [0],
      [0]
    ],
    [
      [
        {
          "name": "h6_gold",
          "rect": [1, 1, 184, 178],
          "offset": [-2, 1],
          "originalSize": [350, 350],
          "capInsets": [0, 0, 0, 0]
        }
      ],
      [0],
      0,
      [0],
      [0],
      [0]
    ],
    [
      [
        {
          "name": "h3_blue_bg",
          "rect": [364, 1, 175, 175],
          "offset": [0, 0],
          "originalSize": [175, 175],
          "capInsets": [0, 0, 0, 0]
        }
      ],
      [0],
      0,
      [0],
      [0],
      [0]
    ],
    [
      [
        {
          "name": "h6_gold_blur",
          "rect": [493, 355, 95, 107],
          "offset": [-1, 0],
          "originalSize": [175, 175],
          "capInsets": [0, 0, 0, 0]
        }
      ],
      [0],
      0,
      [0],
      [0],
      [0]
    ],
    [
      [
        {
          "name": "h5_red",
          "rect": [1072, 1, 166, 170],
          "offset": [-3, 2],
          "originalSize": [350, 350],
          "capInsets": [0, 0, 0, 0]
        }
      ],
      [0],
      0,
      [0],
      [0],
      [0]
    ],
    [
      [
        {
          "name": "l2_clover",
          "rect": [857, 178, 114, 124],
          "offset": [-1, -6],
          "originalSize": [350, 350],
          "capInsets": [0, 0, 0, 0]
        }
      ],
      [0],
      0,
      [0],
      [0],
      [0]
    ],
    [
      [
        {
          "name": "h1_brown_blur",
          "rect": [590, 355, 93, 107],
          "offset": [0, 0],
          "originalSize": [175, 175],
          "capInsets": [0, 0, 0, 0]
        }
      ],
      [0],
      0,
      [0],
      [0],
      [0]
    ],
    [
      [
        {
          "name": "l_bg2",
          "rect": [355, 178, 175, 175],
          "offset": [0, 0],
          "originalSize": [175, 175],
          "capInsets": [0, 0, 0, 0]
        }
      ],
      [0],
      0,
      [0],
      [0],
      [0]
    ],
    [
      [
        {
          "name": "l_bg2_blur",
          "rect": [903, 401, 91, 97],
          "offset": [0, 0],
          "originalSize": [91, 97],
          "rotated": 1,
          "capInsets": [0, 0, 0, 0]
        }
      ],
      [0],
      0,
      [0],
      [0],
      [0]
    ],
    [
      [
        {
          "name": "h3_blue",
          "rect": [1, 358, 136, 124],
          "offset": [1, -4],
          "originalSize": [350, 350],
          "capInsets": [0, 0, 0, 0]
        }
      ],
      [0],
      0,
      [0],
      [0],
      [0]
    ],
    [
      [
        {
          "name": "h5_red_bg",
          "rect": [718, 1, 175, 175],
          "offset": [0, 0],
          "originalSize": [175, 175],
          "capInsets": [0, 0, 0, 0]
        }
      ],
      [0],
      0,
      [0],
      [0],
      [0]
    ],
    [
      [
        {
          "name": "h1_brown_bg",
          "rect": [1, 181, 175, 175],
          "offset": [0, 0],
          "originalSize": [175, 175],
          "capInsets": [0, 0, 0, 0]
        }
      ],
      [0],
      0,
      [0],
      [0],
      [0]
    ],
    [
      [
        {
          "name": "h5_red_blur",
          "rect": [794, 399, 93, 107],
          "offset": [0, 0],
          "originalSize": [175, 175],
          "rotated": 1,
          "capInsets": [0, 0, 0, 0]
        }
      ],
      [0],
      0,
      [0],
      [0],
      [0]
    ],
    [
      [
        {
          "name": "h4_purple_bg",
          "rect": [541, 1, 175, 175],
          "offset": [0, 0],
          "originalSize": [175, 175],
          "capInsets": [0, 0, 0, 0]
        }
      ],
      [0],
      0,
      [0],
      [0],
      [0]
    ],
    [
      [
        {
          "name": "l3_heart",
          "rect": [371, 355, 120, 112],
          "offset": [0, -8],
          "originalSize": [350, 350],
          "capInsets": [0, 0, 0, 0]
        }
      ],
      [0],
      0,
      [0],
      [0],
      [0]
    ],
    [
      [
        {
          "name": "h1_brown",
          "rect": [973, 178, 126, 108],
          "offset": [0, -1],
          "originalSize": [350, 350],
          "rotated": 1,
          "capInsets": [0, 0, 0, 0]
        }
      ],
      [0],
      0,
      [0],
      [0],
      [0]
    ],
    [
      [
        {
          "name": "l3_heart_blur",
          "rect": [1160, 392, 61, 63],
          "offset": [0, -3],
          "originalSize": [175, 175],
          "capInsets": [0, 0, 0, 0]
        }
      ],
      [0],
      0,
      [0],
      [0],
      [0]
    ],
    [
      [
        {
          "name": "h4_purple",
          "rect": [709, 178, 146, 158],
          "offset": [1, 0],
          "originalSize": [350, 350],
          "capInsets": [0, 0, 0, 0]
        }
      ],
      [0],
      0,
      [0],
      [0],
      [0]
    ]
  ]
]
