[
  1,
  ["755QemO8VKoYn/j8Mchu8M"],
  ["_textureSetter"],
  ["cc.SpriteFrame"],
  0,
  [
    [
      [
        {
          "name": "center_turbo_off",
          "rect": [83, 799, 40, 44],
          "offset": [-1, 0],
          "originalSize": [90, 90],
          "capInsets": [0, 0, 0, 0]
        }
      ],
      [0],
      0,
      [0],
      [0],
      [0]
    ],
    [
      [
        {
          "name": "center_turbo_on",
          "rect": [89, 565, 34, 44],
          "offset": [0, 0],
          "originalSize": [90, 90],
          "capInsets": [0, 0, 0, 0]
        }
      ],
      [0],
      0,
      [0],
      [0],
      [0]
    ],
    [
      [
        {
          "name": "turbo_shadow",
          "rect": [77, 1093, 48, 66],
          "offset": [0, 0],
          "originalSize": [70, 70],
          "capInsets": [0, 0, 0, 0]
        }
      ],
      [0],
      0,
      [0],
      [0],
      [0]
    ]
  ]
]
