[
  1,
  [
    "83BVUqHphGroCj1qEgjyey",
    "b0c8vFelxOqIaZRZvH0Z3J",
    "0e7F1QB5dIXJf79Aq9PAs1",
    "8axdLiHpdCKYn/jJYWW3RU",
    "12V2UMwfhBY5aLg8ceE5Bu",
    "54aiIPOvBKz4goT8PLhECD",
    "a54/EKVi1EbqNc1L7U8zVh",
    "a9dGgofrdCWYy7b54rV0eK",
    "fdDOOc1ldNU5loSV3vor+e",
    "49K2UOpW1ALZVfM9cwTdv0",
    "21f32/FO9Idan7WKHqnlHu",
    "deS+OSKu1PmqVqyGkrm5Td"
  ],
  [
    "_textureSetter",
    "grey_0",
    "grey_1",
    "grey_2",
    "grey_3",
    "grey_4",
    "grey_5",
    "grey_6",
    "grey_7",
    "grey_8",
    "grey_9",
    "grey_percent"
  ],
  ["cc.SpriteFrame", ["cc.SpriteAtlas", ["_name", "_spriteFrames"], 2, 11]],
  [[1, 0, 1, 2]],
  [
    [
      [
        {
          "name": "grey_1",
          "rect": [321, 1, 21, 58],
          "offset": [0, 0],
          "originalSize": [21, 58],
          "capInsets": [0, 0, 0, 0]
        }
      ],
      [0],
      0,
      [0],
      [0],
      [0]
    ],
    [
      [
        {
          "name": "grey_3",
          "rect": [41, 1, 37, 61],
          "offset": [0, 0],
          "originalSize": [37, 61],
          "capInsets": [0, 0, 0, 0]
        }
      ],
      [0],
      0,
      [0],
      [0],
      [0]
    ],
    [
      [
        {
          "name": "grey_9",
          "rect": [205, 1, 38, 60],
          "offset": [0, 0],
          "originalSize": [38, 60],
          "capInsets": [0, 0, 0, 0]
        }
      ],
      [0],
      0,
      [0],
      [0],
      [0]
    ],
    [
      [
        {
          "name": "grey_8",
          "rect": [162, 1, 41, 60],
          "offset": [0, 0],
          "originalSize": [41, 60],
          "capInsets": [0, 0, 0, 0]
        }
      ],
      [0],
      0,
      [0],
      [0],
      [0]
    ],
    [
      [
        {
          "name": "grey_4",
          "rect": [118, 1, 42, 60],
          "offset": [0, 0],
          "originalSize": [42, 60],
          "capInsets": [0, 0, 0, 0]
        }
      ],
      [0],
      0,
      [0],
      [0],
      [0]
    ],
    [
      [
        {
          "name": "grey_2",
          "rect": [245, 1, 36, 60],
          "offset": [0, 0],
          "originalSize": [36, 60],
          "capInsets": [0, 0, 0, 0]
        }
      ],
      [0],
      0,
      [0],
      [0],
      [0]
    ],
    [
      [
        {
          "name": "grey_5",
          "rect": [80, 1, 36, 61],
          "offset": [0, 0],
          "originalSize": [36, 61],
          "capInsets": [0, 0, 0, 0]
        }
      ],
      [0],
      0,
      [0],
      [0],
      [0]
    ],
    [
      [
        {
          "name": "grey_6",
          "rect": [1, 1, 38, 61],
          "offset": [0, 0],
          "originalSize": [38, 61],
          "capInsets": [0, 0, 0, 0]
        }
      ],
      [0],
      0,
      [0],
      [0],
      [0]
    ],
    [
      [
        {
          "name": "grey_0",
          "rect": [344, 1, 38, 57],
          "offset": [0, 0],
          "originalSize": [38, 57],
          "capInsets": [0, 0, 0, 0]
        }
      ],
      [0],
      0,
      [0],
      [0],
      [0]
    ],
    [
      [
        [
          0,
          "grey_num.plist",
          [
            {},
            "grey_0",
            6,
            0,
            "grey_1",
            6,
            1,
            "grey_2",
            6,
            2,
            "grey_3",
            6,
            3,
            "grey_4",
            6,
            4,
            "grey_5",
            6,
            5,
            "grey_6",
            6,
            6,
            "grey_7",
            6,
            7,
            "grey_8",
            6,
            8,
            "grey_9",
            6,
            9,
            "grey_percent",
            6,
            10
          ]
        ]
      ],
      0,
      0,
      [0, 0, 0, 0, 0, 0, 0, 0, 0, 0, 0],
      [1, 2, 3, 4, 5, 6, 7, 8, 9, 10, 11],
      [1, 2, 3, 4, 5, 6, 7, 8, 9, 10, 11]
    ],
    [
      [
        {
          "name": "grey_percent",
          "rect": [384, 1, 42, 50],
          "offset": [0, 0],
          "originalSize": [42, 50],
          "capInsets": [0, 0, 0, 0]
        }
      ],
      [0],
      0,
      [0],
      [0],
      [0]
    ],
    [
      [
        {
          "name": "grey_7",
          "rect": [283, 1, 36, 60],
          "offset": [0, 0],
          "originalSize": [36, 60],
          "capInsets": [0, 0, 0, 0]
        }
      ],
      [0],
      0,
      [0],
      [0],
      [0]
    ]
  ]
]
