[
  1,
  [
    "5676dMQKRFHaiTmRAzaJ/I",
    "1eW2gzvx1EXrfYqztc3KVM",
    "43N4af5i5Mj75KQF6I9lT5",
    "422SULDdFHMZb8IgM7DKWE",
    "80b5UbRndCmpAXu1cK+oHy",
    "eap54JmkpB1qTaHF8c661Q",
    "03Hcyxk1dHz4AFEJcao/Lp",
    "fbR84PG7hOyZfWh2w/Ze5A",
    "3dHBfXRm9HD5WCoYpWZpeA",
    "dfTzFgzYdGa5dAq/vDZLna",
    "bcxQLn4ABPRKn+4aSm64Ew",
    "22zl8YYDVNZaU3Q5XvKpIa",
    "39IAV0hJRIDZTIWBaM0Uze",
    "3dIB8MYd5O9KNgrNZUPj8E",
    "a27V53qbxCp4qb9LL5gNZa",
    "95NVgigFJLp7bjHZfvTRTs",
    "5a0EJNOmFE2bpdkghOGAvl",
    "57zEIKrAJCwp44noGJ3/BL",
    "c2HD+6+9JAJKAeTU4270XU",
    "d3jB3WapFMvqJzGUo+IwoN",
    "89yhLe/TRMyKbPtpd8izVR",
    "ad+qEjPyxF0bnd5HSSqwjU",
    "c0wTkpaGtG271YupEcKO1K",
    "32HgwdCh9Kt4gh9VUkyI+v",
    "f6OuFKFw9PtZ5qcnKBDw5I",
    "b4kVqYPGdBBYPezdLA2Nsl",
    "f7lgcEqyNKsoFpeaGmKqbJ",
    "a3hCXH0A9I7ZyTF40wP8qz",
    "cb/MyS249Mt6bip7LhjDHZ",
    "9cUULOXFBIL4uAducCeY0o",
    "03SBIkMORLC5MW/edAry+J",
    "e8O0ytYWdHvJvF/gnBxfnA",
    "88PwrDQylNKbHrIKFWmw3m",
    "d08swOpulJcrc8SGSj868v",
    "d0Qfv6frNDyrfCLZWYC3zM",
    "121FdUqhRPJoORHm9hNNGR",
    "7cM1nuSJNCHpbM41bqR7go",
    "cbMTpCMIpEe7+naonEmWJx",
    "61HXHlgS1G1omFfgvUedMq",
    "e7/TT86/FDzIz0kbrYdZwK",
    "dbQ8qwNwJKM7FR6wQUEkLZ",
    "87MLeYICtCe41Z3HL+0P9p",
    "708vp7UwRN24yOwAo3E0Fn",
    "757xi5YEpN4Jyd+9+xgENB",
    "836/427YRHwYVFEcShk/v+",
    "d6sQ5/JodD57TWD1GZwDH3",
    "86DBP4gAlHEoZhOB2+1hpJ",
    "a33+5A/YZMAoksK6ZQLvd+"
  ],
  [
    "_textureSetter",
    "node",
    "root",
    "nodeActiveNumDisplay",
    "numberContainer",
    "data"
  ],
  [
    "cc.SpriteFrame",
    [
      "cc.Node",
      [
        "_name",
        "_prefab",
        "_contentSize",
        "_children",
        "_components",
        "_parent"
      ],
      2,
      4,
      5,
      2,
      9,
      1
    ],
    ["cc.PrefabInfo", ["fileId", "root", "asset"], 2, 1, 1],
    ["cc.Prefab", ["_name"], 2],
    [
      "1ed41t+MIREkZxbJC7Znbka",
      [
        "node",
        "brownCartsMultSF",
        "silverCartsMultSF",
        "goldCartsMultSF",
        "outlineMultSF",
        "nodeActiveNumDisplay"
      ],
      3,
      1,
      12,
      12,
      12,
      12,
      1
    ],
    [
      "e13cc9FLShL66GevrFVSv5p",
      [
        "maxContainerSize",
        "enableComma",
        "enableDecimal",
        "nodeNumberWidth",
        "nodeNumberScale",
        "commaWidth",
        "commaScale",
        "decimalWidth",
        "decimalScale",
        "decimalNumberWidth",
        "decimalNumberScale",
        "multiplySpriteWidth",
        "multiplySpriteScale",
        "enablePrefixNumber",
        "node",
        "numberContainer"
      ],
      -11,
      1,
      1
    ]
  ],
  [
    [2, 0, 1, 2, 2],
    [3, 0, 2],
    [1, 0, 3, 4, 1, 2, 2],
    [1, 0, 5, 3, 4, 1, 2, 2],
    [1, 0, 5, 1, 2, 2],
    [4, 0, 1, 2, 3, 4, 5, 1],
    [2, 1, 2, 1],
    [5, 0, 1, 2, 3, 4, 5, 6, 7, 8, 9, 10, 11, 12, 13, 14, 15, 15]
  ],
  [
    [
      [
        {
          "name": "mult_g_2",
          "rect": [507, 1, 66, 101],
          "offset": [0, 0],
          "originalSize": [66, 101],
          "capInsets": [0, 0, 0, 0]
        }
      ],
      [0],
      0,
      [0],
      [0],
      [0]
    ],
    [
      [
        {
          "name": "mult_r_4",
          "rect": [213, 1, 77, 103],
          "offset": [0, 0],
          "originalSize": [77, 103],
          "capInsets": [0, 0, 0, 0]
        }
      ],
      [0],
      0,
      [0],
      [0],
      [1]
    ],
    [
      [
        {
          "name": "mult_r_9",
          "rect": [370, 1, 70, 103],
          "offset": [0, 0],
          "originalSize": [70, 103],
          "capInsets": [0, 0, 0, 0]
        }
      ],
      [0],
      0,
      [0],
      [0],
      [1]
    ],
    [
      [
        {
          "name": "mult_g_7",
          "rect": [437, 1, 68, 101],
          "offset": [0, 0],
          "originalSize": [68, 101],
          "capInsets": [0, 0, 0, 0]
        }
      ],
      [0],
      0,
      [0],
      [0],
      [0]
    ],
    [
      [
        {
          "name": "mult_p_8",
          "rect": [292, 1, 76, 103],
          "offset": [0, 0],
          "originalSize": [76, 103],
          "capInsets": [0, 0, 0, 0]
        }
      ],
      [0],
      0,
      [0],
      [0],
      [2]
    ],
    [
      [
        {
          "name": "mult_g_8",
          "rect": [288, 1, 76, 102],
          "offset": [0, 0],
          "originalSize": [76, 102],
          "capInsets": [0, 0, 0, 0]
        }
      ],
      [0],
      0,
      [0],
      [0],
      [0]
    ],
    [
      [
        {
          "name": "mult_g_4",
          "rect": [210, 1, 76, 102],
          "offset": [0, 0],
          "originalSize": [76, 102],
          "capInsets": [0, 0, 0, 0]
        }
      ],
      [0],
      0,
      [0],
      [0],
      [0]
    ],
    [
      [
        {
          "name": "mult_g_9",
          "rect": [366, 1, 69, 102],
          "offset": [0, 0],
          "originalSize": [69, 102],
          "capInsets": [0, 0, 0, 0]
        }
      ],
      [0],
      0,
      [0],
      [0],
      [0]
    ],
    [
      [
        {
          "name": "mult_p_2",
          "rect": [561, 1, 67, 101],
          "offset": [0, 0],
          "originalSize": [67, 101],
          "capInsets": [0, 0, 0, 0]
        }
      ],
      [0],
      0,
      [0],
      [0],
      [2]
    ],
    [
      [
        {
          "name": "mult_p_1",
          "rect": [513, 1, 46, 102],
          "offset": [0, 0],
          "originalSize": [46, 102],
          "capInsets": [0, 0, 0, 0]
        }
      ],
      [0],
      0,
      [0],
      [0],
      [2]
    ],
    [
      [
        {
          "name": "inactive_1",
          "rect": [1, 92, 31, 88],
          "offset": [0, 0],
          "originalSize": [31, 88],
          "rotated": 1,
          "capInsets": [0, 0, 0, 0]
        }
      ],
      [0],
      0,
      [0],
      [0],
      [3]
    ],
    [
      [
        {
          "name": "inactive_5",
          "rect": [404, 1, 52, 90],
          "offset": [0, 0],
          "originalSize": [52, 90],
          "rotated": 1,
          "capInsets": [0, 0, 0, 0]
        }
      ],
      [0],
      0,
      [0],
      [0],
      [3]
    ],
    [
      [
        {
          "name": "inactive_6",
          "rect": [129, 1, 55, 90],
          "offset": [0, 0],
          "originalSize": [55, 90],
          "rotated": 1,
          "capInsets": [0, 0, 0, 0]
        }
      ],
      [0],
      0,
      [0],
      [0],
      [3]
    ],
    [
      [
        {
          "name": "mult_r_x",
          "rect": [703, 1, 64, 70],
          "offset": [0, 0],
          "originalSize": [64, 70],
          "capInsets": [0, 0, 0, 0]
        }
      ],
      [0],
      0,
      [0],
      [0],
      [1]
    ],
    [
      [
        {
          "name": "mult_g_0",
          "rect": [622, 1, 71, 98],
          "offset": [0, 0],
          "originalSize": [71, 98],
          "capInsets": [0, 0, 0, 0]
        }
      ],
      [0],
      0,
      [0],
      [0],
      [0]
    ],
    [
      [
        {
          "name": "inactive_7",
          "rect": [219, 58, 54, 88],
          "offset": [0, 0],
          "originalSize": [54, 88],
          "rotated": 1,
          "capInsets": [0, 0, 0, 0]
        }
      ],
      [0],
      0,
      [0],
      [0],
      [3]
    ],
    [
      [
        {
          "name": "inactive_9",
          "rect": [221, 1, 55, 89],
          "offset": [0, 0],
          "originalSize": [55, 89],
          "rotated": 1,
          "capInsets": [0, 0, 0, 0]
        }
      ],
      [0],
      0,
      [0],
      [0],
      [3]
    ],
    [
      [
        {
          "name": "inactive_4",
          "rect": [1, 1, 62, 89],
          "offset": [0, 0],
          "originalSize": [62, 89],
          "capInsets": [0, 0, 0, 0]
        }
      ],
      [0],
      0,
      [0],
      [0],
      [3]
    ],
    [
      [
        {
          "name": "mult_r_6",
          "rect": [1, 1, 71, 104],
          "offset": [0, 0],
          "originalSize": [71, 104],
          "capInsets": [0, 0, 0, 0]
        }
      ],
      [0],
      0,
      [0],
      [0],
      [1]
    ],
    [
      [
        {
          "name": "mult_p_5",
          "rect": [144, 1, 67, 104],
          "offset": [0, 0],
          "originalSize": [67, 104],
          "capInsets": [0, 0, 0, 0]
        }
      ],
      [0],
      0,
      [0],
      [0],
      [2]
    ],
    [
      [
        {
          "name": "mult_p_0",
          "rect": [630, 1, 71, 98],
          "offset": [0, 0],
          "originalSize": [71, 98],
          "capInsets": [0, 0, 0, 0]
        }
      ],
      [0],
      0,
      [0],
      [0],
      [2]
    ],
    [
      [
        {
          "name": "mult_r_3",
          "rect": [74, 1, 68, 104],
          "offset": [0, 0],
          "originalSize": [68, 104],
          "capInsets": [0, 0, 0, 0]
        }
      ],
      [0],
      0,
      [0],
      [0],
      [1]
    ],
    [
      [
        [1, "mult_num_display"],
        [
          2,
          "mult_num_display",
          [-4],
          [
            [
              5,
              -3,
              [
                [0, 1, 2, 3, 4, 5, 6, 7, 8, 9, null, null, 10],
                6,
                6,
                6,
                6,
                6,
                6,
                6,
                6,
                6,
                6,
                0,
                0,
                6
              ],
              [
                [11, 12, 13, 14, 15, 16, 17, 18, 19, 20, null, null, 21],
                6,
                6,
                6,
                6,
                6,
                6,
                6,
                6,
                6,
                6,
                0,
                0,
                6
              ],
              [
                [22, 23, 24, 25, 26, 27, 28, 29, 30, 31, null, null, 32],
                6,
                6,
                6,
                6,
                6,
                6,
                6,
                6,
                6,
                6,
                0,
                0,
                6
              ],
              [
                [33, 34, 35, 36, 37, 38, 39, 40, 41, 42, null, null, 43],
                6,
                6,
                6,
                6,
                6,
                6,
                6,
                6,
                6,
                6,
                0,
                0,
                6
              ],
              -2
            ]
          ],
          [6, -1, 0],
          [5, 90, 80]
        ],
        [
          3,
          "num_display_controller",
          1,
          [-7],
          [
            [
              7,
              90,
              false,
              false,
              30,
              0.5,
              0,
              0,
              0,
              0,
              0,
              0,
              27,
              0.5,
              true,
              -6,
              -5
            ]
          ],
          [0, "02FMCQGNtMAKEb6Qw2yggX", 1, 0],
          [5, 90, 80]
        ],
        [4, "num_holder", 2, [0, "88D7WbBudEvYttahwwkI0d", 1, 0], [5, 90, 80]]
      ],
      0,
      [
        0, 2, 1, 0, 3, 2, 0, 1, 1, 0, -1, 2, 0, 4, 3, 0, 1, 2, 0, -1, 3, 0, 5,
        1, 7
      ],
      [
        0, 0, 0, 0, 0, 0, 0, 0, 0, 0, 0, 0, 0, 0, 0, 0, 0, 0, 0, 0, 0, 0, 0, 0,
        0, 0, 0, 0, 0, 0, 0, 0, 0, 0, 0, 0, 0, 0, 0, 0, 0, 0, 0, 0
      ],
      [
        -1, -2, -3, -4, -5, -6, -7, -8, -9, -10, -13, -1, -2, -3, -4, -5, -6,
        -7, -8, -9, -10, -13, -1, -2, -3, -4, -5, -6, -7, -8, -9, -10, -13, -1,
        -2, -3, -4, -5, -6, -7, -8, -9, -10, -13
      ],
      [
        4, 5, 6, 7, 8, 9, 10, 11, 12, 13, 14, 15, 16, 17, 18, 19, 20, 21, 22,
        23, 24, 25, 26, 27, 28, 29, 30, 31, 32, 33, 34, 35, 36, 37, 38, 39, 40,
        41, 42, 43, 44, 45, 46, 47
      ]
    ],
    [
      [
        {
          "name": "mult_g_x",
          "rect": [695, 1, 63, 70],
          "offset": [0, 0],
          "originalSize": [63, 70],
          "capInsets": [0, 0, 0, 0]
        }
      ],
      [0],
      0,
      [0],
      [0],
      [0]
    ],
    [
      [
        {
          "name": "mult_r_1",
          "rect": [513, 1, 46, 102],
          "offset": [0, 0],
          "originalSize": [46, 102],
          "capInsets": [0, 0, 0, 0]
        }
      ],
      [0],
      0,
      [0],
      [0],
      [1]
    ],
    [
      [
        {
          "name": "inactive_x",
          "rect": [398, 56, 50, 57],
          "offset": [0, 0],
          "originalSize": [50, 57],
          "capInsets": [0, 0, 0, 0]
        }
      ],
      [0],
      0,
      [0],
      [0],
      [3]
    ],
    [
      [
        {
          "name": "mult_p_6",
          "rect": [1, 1, 71, 104],
          "offset": [0, 0],
          "originalSize": [71, 104],
          "capInsets": [0, 0, 0, 0]
        }
      ],
      [0],
      0,
      [0],
      [0],
      [2]
    ],
    [
      [
        {
          "name": "mult_p_x",
          "rect": [703, 1, 64, 70],
          "offset": [0, 0],
          "originalSize": [64, 70],
          "capInsets": [0, 0, 0, 0]
        }
      ],
      [0],
      0,
      [0],
      [0],
      [2]
    ],
    [
      [
        {
          "name": "mult_g_6",
          "rect": [1, 1, 69, 104],
          "offset": [0, 0],
          "originalSize": [69, 104],
          "capInsets": [0, 0, 0, 0]
        }
      ],
      [0],
      0,
      [0],
      [0],
      [0]
    ],
    [
      [
        {
          "name": "mult_p_7",
          "rect": [442, 1, 69, 102],
          "offset": [0, 0],
          "originalSize": [69, 102],
          "capInsets": [0, 0, 0, 0]
        }
      ],
      [0],
      0,
      [0],
      [0],
      [2]
    ],
    [
      [
        {
          "name": "mult_p_3",
          "rect": [74, 1, 68, 104],
          "offset": [0, 0],
          "originalSize": [68, 104],
          "capInsets": [0, 0, 0, 0]
        }
      ],
      [0],
      0,
      [0],
      [0],
      [2]
    ],
    [
      [
        {
          "name": "inactive_0",
          "rect": [312, 56, 56, 84],
          "offset": [0, 0],
          "originalSize": [56, 84],
          "rotated": 1,
          "capInsets": [0, 0, 0, 0]
        }
      ],
      [0],
      0,
      [0],
      [0],
      [3]
    ],
    [
      [
        {
          "name": "mult_r_2",
          "rect": [561, 1, 67, 101],
          "offset": [0, 0],
          "originalSize": [67, 101],
          "capInsets": [0, 0, 0, 0]
        }
      ],
      [0],
      0,
      [0],
      [0],
      [1]
    ],
    [
      [
        {
          "name": "mult_r_8",
          "rect": [292, 1, 76, 103],
          "offset": [0, 0],
          "originalSize": [76, 103],
          "capInsets": [0, 0, 0, 0]
        }
      ],
      [0],
      0,
      [0],
      [0],
      [1]
    ],
    [
      [
        {
          "name": "mult_r_7",
          "rect": [442, 1, 69, 102],
          "offset": [0, 0],
          "originalSize": [69, 102],
          "capInsets": [0, 0, 0, 0]
        }
      ],
      [0],
      0,
      [0],
      [0],
      [1]
    ],
    [
      [
        {
          "name": "mult_p_4",
          "rect": [213, 1, 77, 103],
          "offset": [0, 0],
          "originalSize": [77, 103],
          "capInsets": [0, 0, 0, 0]
        }
      ],
      [0],
      0,
      [0],
      [0],
      [2]
    ],
    [
      [
        {
          "name": "inactive_8",
          "rect": [65, 1, 62, 89],
          "offset": [0, 0],
          "originalSize": [62, 89],
          "capInsets": [0, 0, 0, 0]
        }
      ],
      [0],
      0,
      [0],
      [0],
      [3]
    ],
    [
      [
        {
          "name": "inactive_3",
          "rect": [312, 1, 53, 90],
          "offset": [0, 0],
          "originalSize": [53, 90],
          "rotated": 1,
          "capInsets": [0, 0, 0, 0]
        }
      ],
      [0],
      0,
      [0],
      [0],
      [3]
    ],
    [
      [
        {
          "name": "mult_g_5",
          "rect": [141, 1, 67, 104],
          "offset": [0, 0],
          "originalSize": [67, 104],
          "capInsets": [0, 0, 0, 0]
        }
      ],
      [0],
      0,
      [0],
      [0],
      [0]
    ],
    [
      [
        {
          "name": "inactive_2",
          "rect": [129, 58, 52, 88],
          "offset": [0, 0],
          "originalSize": [52, 88],
          "rotated": 1,
          "capInsets": [0, 0, 0, 0]
        }
      ],
      [0],
      0,
      [0],
      [0],
      [3]
    ],
    [
      [
        {
          "name": "mult_r_5",
          "rect": [144, 1, 67, 104],
          "offset": [0, 0],
          "originalSize": [67, 104],
          "capInsets": [0, 0, 0, 0]
        }
      ],
      [0],
      0,
      [0],
      [0],
      [1]
    ],
    [
      [
        {
          "name": "mult_g_1",
          "rect": [575, 1, 45, 101],
          "offset": [0, 0],
          "originalSize": [45, 101],
          "capInsets": [0, 0, 0, 0]
        }
      ],
      [0],
      0,
      [0],
      [0],
      [0]
    ],
    [
      [
        {
          "name": "mult_p_9",
          "rect": [370, 1, 70, 103],
          "offset": [0, 0],
          "originalSize": [70, 103],
          "capInsets": [0, 0, 0, 0]
        }
      ],
      [0],
      0,
      [0],
      [0],
      [2]
    ],
    [
      [
        {
          "name": "mult_r_0",
          "rect": [630, 1, 71, 98],
          "offset": [0, 0],
          "originalSize": [71, 98],
          "capInsets": [0, 0, 0, 0]
        }
      ],
      [0],
      0,
      [0],
      [0],
      [1]
    ],
    [
      [
        {
          "name": "mult_g_3",
          "rect": [72, 1, 67, 104],
          "offset": [0, 0],
          "originalSize": [67, 104],
          "capInsets": [0, 0, 0, 0]
        }
      ],
      [0],
      0,
      [0],
      [0],
      [0]
    ]
  ]
]
