[
  1,
  [
    "ecpdLyjvZBwrvm+cedCcQy",
    "f7xbl9BT1N34T2A4kythc/",
    "eaow8hG+JAZ5GbbNJadeGW",
    "10ZdS0wDFCYJNZ/3wRWV8V",
    "afnCZ5kqVL973VNrUKv3Ie",
    "55Al7ufnZJHL8sKGTcOTAf",
    "f8bu8CwbdIbKBAzrrl5ReL",
    "65mSa93l5FYaK/jHMocW+v",
    "b6dl9mDV1J54Rpo/mHFcg4",
    "75y8G7Ug1CGZYCMllLXoYt",
    "973LrfvDhE/4cl8RPyedCl",
    "75sV7tjnlCUImlT1IOq78T",
    "e13gEdVzJPoqjfUDSeX2lf",
    "a2MjXRFdtLlYQ5ouAFv/+R",
    "3bOz0x1dFEJ6W7Svi43Zji",
    "74TPM52IBFk5k61MN2JpHU",
    "5eIWW9iEBEBoZxesgcCgKG",
    "8aLHTYQ51GqbM+5bsr1KAv",
    "342fBu+nBHFJTkP3uzqPhx",
    "6c0FnM7nZCD4hs/RaUKroS"
  ],
  [
    "node",
    "_spriteFrame",
    "_textureSetter",
    "_parent",
    "numberSpriteAtlas",
    "root",
    "data",
    "descriptionTextLabel",
    "descriptionHolder",
    "payoutHolder",
    "symbolHolder",
    "contentLayout",
    "contentHolder",
    "backgroundNode",
    "payout_0",
    "payout_1",
    "payout_2",
    "payout_3",
    "payout_4",
    "payout_5",
    "payout_6",
    "payout_7",
    "payout_8",
    "payout_9",
    "payout_plus",
    "payout_similar",
    "popOutItem",
    "popOutTint"
  ],
  [
    "cc.SpriteFrame",
    [
      "cc.Node",
      [
        "_name",
        "_active",
        "_opacity",
        "_prefab",
        "_contentSize",
        "_trs",
        "_components",
        "_parent",
        "_children",
        "_anchorPoint",
        "_color"
      ],
      0,
      4,
      5,
      7,
      9,
      1,
      2,
      5,
      5
    ],
    [
      "cc.Layout",
      [
        "_resize",
        "_N$layoutType",
        "_N$affectedByScale",
        "_N$spacingX",
        "_N$spacingY",
        "_N$paddingLeft",
        "_N$paddingTop",
        "_N$paddingBottom",
        "node",
        "_layoutSize"
      ],
      -5,
      1,
      5
    ],
    [
      "cc.Sprite",
      [
        "_sizeMode",
        "_isTrimmedMode",
        "_type",
        "node",
        "_spriteFrame",
        "_materials"
      ],
      0,
      1,
      6,
      3
    ],
    [
      "cc.Node",
      [
        "_name",
        "_components",
        "_prefab",
        "_contentSize",
        "_children",
        "_anchorPoint",
        "_parent",
        "_trs"
      ],
      2,
      2,
      4,
      5,
      2,
      5,
      1,
      7
    ],
    ["cc.PrefabInfo", ["fileId", "root", "asset"], 2, 1, 1],
    [
      "e13cc9FLShL66GevrFVSv5p",
      [
        "maxContainerSize",
        "enableComma",
        "enableDecimal",
        "nodeNumberWidth",
        "nodeNumberScale",
        "commaWidth",
        "commaScale",
        "decimalWidth",
        "decimalScale",
        "decimalNumberWidth",
        "decimalNumberScale",
        "multiplySpriteWidth",
        "multiplySpriteScale",
        "blurScale",
        "numberBlurSpriteAtlas",
        "node",
        "numberContainer"
      ],
      -12,
      1,
      1
    ],
    ["cc.Prefab", ["_name"], 2],
    [
      "cc.Node",
      [
        "_name",
        "_parent",
        "_components",
        "_prefab",
        "_color",
        "_contentSize",
        "_anchorPoint"
      ],
      2,
      1,
      12,
      4,
      5,
      5,
      5
    ],
    [
      "91c86THOEhODZtdU8n9qEom",
      [
        "offsetX",
        "offsetY",
        "contentOffset",
        "frameWidth",
        "ratio",
        "node",
        "backgroundNode",
        "contentHolder",
        "contentLayout",
        "symbolHolder",
        "payoutHolder",
        "descriptionHolder",
        "descriptionTextLabel",
        "payoutValueNumDisplayControllerList"
      ],
      -2,
      1,
      1,
      1,
      1,
      1,
      1,
      1,
      1,
      2
    ],
    [
      "05b6c8yPn1LZIH3AnSTBq8U",
      ["followFont", "domainKey", "fontKey", "_N$colorKey", "node"],
      -1,
      1
    ],
    [
      "cc.Label",
      [
        "_string",
        "_fontSize",
        "_lineHeight",
        "_N$horizontalAlign",
        "_N$verticalAlign",
        "_N$overflow",
        "node",
        "_materials"
      ],
      -3,
      1,
      3
    ],
    ["58b31+llD1BAb9tUvY4+l2s", ["node"], 3, 1],
    ["cc.SpriteAtlas", ["_name", "_spriteFrames"], 2, 11],
    [
      "7c05ali6OlCEJ+GOnxbYWHT",
      ["node", "popOutItem", "popOutTint"],
      3,
      1,
      6,
      6
    ]
  ],
  [
    [5, 0, 1, 2, 2],
    [1, 0, 7, 6, 3, 10, 4, 5, 2],
    [3, 0, 1, 3, 5, 4, 3],
    [2, 0, 1, 2, 8, 9, 4],
    [4, 0, 6, 1, 2, 3, 7, 2],
    [7, 0, 2],
    [1, 0, 8, 6, 3, 4, 9, 5, 2],
    [6, 0, 1, 2, 3, 4, 5, 6, 7, 8, 9, 10, 11, 12, 13, 15, 16, 15],
    [1, 0, 8, 6, 3, 10, 4, 5, 2],
    [1, 0, 7, 8, 6, 3, 4, 9, 5, 2],
    [5, 1, 2, 1],
    [2, 0, 1, 3, 4, 2, 8, 9, 6],
    [1, 0, 7, 8, 6, 3, 4, 5, 2],
    [1, 0, 7, 8, 3, 2],
    [1, 0, 7, 6, 3, 4, 5, 2],
    [1, 0, 7, 8, 3, 5, 2],
    [1, 0, 1, 7, 8, 3, 4, 9, 5, 3],
    [1, 0, 7, 3, 4, 5, 2],
    [1, 0, 2, 6, 3, 10, 4, 3],
    [1, 0, 6, 3, 4, 2],
    [4, 0, 4, 1, 2, 3, 5, 2],
    [8, 0, 1, 2, 3, 4, 5, 6, 2],
    [9, 0, 1, 2, 3, 4, 5, 6, 7, 8, 9, 10, 11, 12, 13, 6],
    [2, 0, 1, 5, 6, 7, 3, 4, 8, 9, 8],
    [3, 2, 0, 1, 3, 5, 4, 4],
    [3, 0, 3, 4, 2],
    [10, 0, 1, 2, 3, 4, 5],
    [6, 0, 1, 2, 14, 3, 4, 5, 6, 7, 8, 9, 10, 11, 12, 13, 15, 16, 16],
    [11, 0, 1, 2, 3, 4, 5, 6, 7, 7],
    [12, 0, 1],
    [13, 0, 1, 2],
    [14, 0, 1, 2, 1]
  ],
  [
    [
      [
        {
          "name": "payout_similar",
          "rect": [32, 1, 18, 11],
          "offset": [0, 0],
          "originalSize": [18, 11],
          "capInsets": [0, 0, 0, 0]
        }
      ],
      [0],
      0,
      [0],
      [2],
      [1]
    ],
    [
      [
        [5, "symbol_pop_out_item"],
        [
          6,
          "symbol_pop_out_item",
          [-14],
          [
            [
              22,
              -82,
              28,
              10,
              80,
              2.675,
              -13,
              -12,
              -11,
              -10,
              -9,
              -8,
              -7,
              -6,
              [-2, -3, -4, -5]
            ]
          ],
          [10, -1, 0],
          [5, 507.65, 240],
          [0, 0, 0.415],
          [
            -1.4210854715202004e-14, 8.526512829121202e-14, 0, 0, 0, 0, 1, 1, 1,
            1
          ]
        ],
        [
          6,
          "label_body_2",
          [-16, -17, -18, -19, -20],
          [[3, 1, 1, true, -15, [5, 120, 44.8305]]],
          [0, "b6qBzq7VdHX55zYpsoBdcy", 1, 0],
          [5, 120, 44.8305],
          [0, 0, 0.86],
          [-45, 43.554230000000004, 0, 0, 0, 0, 1, 1, 1, 1]
        ],
        [
          6,
          "label_body_3",
          [-22, -23, -24, -25, -26],
          [[3, 1, 1, true, -21, [5, 106.5, 44.8305]]],
          [0, "c7VS+TgsNOEp0SWAL86rma", 1, 0],
          [5, 106.5, 44.8305],
          [0, 0, 0.86],
          [-45, -11.276269999999993, 0, 0, 0, 0, 1, 1, 1, 1]
        ],
        [
          8,
          "symbol_hit_count_label_group",
          [-28, 2, 3, -29],
          [[11, 1, 2, 24, 10, true, -27, [5, 85, 209.322]]],
          [0, "9bnX+8KIVCE4WlMmROhBFK", 1, 0],
          [4, 4291611852],
          [5, 85, 209.322],
          [-60, 0, 0, 0, 0, 0, 1, 0.8, 0.8, 1]
        ],
        [
          8,
          "payout_value_label_group",
          [-31, -32, -33, -34],
          [[11, 1, 2, 24, 10, true, -30, [5, 110, 209.322]]],
          [0, "f5TNjMI+lHzb5Cfi2pHLe+", 1, 0],
          [4, 4291611852],
          [5, 110, 209.322],
          [57.5, 0, 0, 0, 0, 0, 1, 0.8, 0.8, 1]
        ],
        [
          20,
          "content_layout_holder",
          [-36, -37, -38],
          [-35],
          [0, "f0luiaQyZOH7dE6VAL9ZfH", 1, 0],
          [5, 399, 200],
          [0, 0, 0.5]
        ],
        [
          12,
          "payout_holder",
          6,
          [4, 5],
          [[23, 1, 1, 10, 60, 60, 20, 30, -39, [5, 225, 210]]],
          [0, "31wINMkhFOR4WofW+zuCKE", 1, 0],
          [5, 225, 210],
          [286.5, 0, 0, 0, 0, 0, 1, 1, 1, 1]
        ],
        [
          9,
          "label_body_1",
          4,
          [-41, -42, -43],
          [[3, 1, 1, true, -40, [5, 67.5, 44.8305]]],
          [0, "34vwe05KdDu7jP1JDJ2ZNo", 1, 0],
          [5, 67.5, 44.8305],
          [0, 0, 0.86],
          [-45, 98.38473, 0, 0, 0, 0, 1, 1, 1, 1]
        ],
        [
          9,
          "label_body_4",
          4,
          [-45, -46, -47],
          [[3, 1, 1, true, -44, [5, 90, 44.8305]]],
          [0, "f9QKyhJTBMF4TscV2H8G5Q", 1, 0],
          [5, 90, 44.8305],
          [0, 0, 0.86],
          [-45, -66.10676999999998, 0, 0, 0, 0, 1, 1, 1, 1]
        ],
        [
          13,
          "symbol_pop_out_holder",
          1,
          [-48, -49],
          [0, "51XiipJaJMUJQudRv8++n/", 1, 0]
        ],
        [
          14,
          "background",
          10,
          [[24, 1, 0, false, -50, [0], 1]],
          [0, "36WIBS4rJCF7tJmUno36IV", 1, 0],
          [5, 339, 183],
          [0, 0, 0, 0, 0, 0, 1, 1.3, 1.3, 1.43]
        ],
        [
          15,
          "content_holder",
          10,
          [6],
          [0, "a3nKt6noFL07PSAPX6vAko", 1, 0],
          [10, 0, 0, 0, 0, 0, 1, 1, 1, 1]
        ],
        [
          4,
          "label_body_1",
          5,
          [-51],
          [0, "80bYOhbi5KWrYVs734jGx5", 1, 0],
          [5, 100, 44.8305],
          [0, 82.24575, 0, 0, 0, 0, 1, 1, 1, 1]
        ],
        [
          4,
          "label_body_2",
          5,
          [-52],
          [0, "74Cni8q3xMYIFTHMmTm5hm", 1, 0],
          [5, 100, 44.8305],
          [0, 27.41525, 0, 0, 0, 0, 1, 1, 1, 1]
        ],
        [
          4,
          "label_body_3",
          5,
          [-53],
          [0, "78L1XOZNhG9Z2LucfPpSm7", 1, 0],
          [5, 100, 44.8305],
          [0, -27.41525, 0, 0, 0, 0, 1, 1, 1, 1]
        ],
        [
          4,
          "label_body_4",
          5,
          [-54],
          [0, "e5gdaEeb9BE6FXkWBEsCJi", 1, 0],
          [5, 100, 44.8305],
          [0, -82.24575, 0, 0, 0, 0, 1, 1, 1, 1]
        ],
        [
          16,
          "description_holder",
          false,
          6,
          [-55],
          [0, "22AKh+SBRA7KOZ2TDKxB/j", 1, 0],
          [5, 430, 210],
          [0, 0, 0.5],
          [175, 0, 0, 0, 0, 0, 1, 1, 1, 1]
        ],
        [
          21,
          "description_text",
          17,
          [[-56, [26, true, "setting", "font_style", "desc_color", -57]], 1, 4],
          [0, "c2kRTcSHtBe7n4WkRLaHAy", 1, 0],
          [4, 4285063679],
          [5, 410, 172],
          [0, 0, 0.5]
        ],
        [
          17,
          "symbol_holder",
          6,
          [0, "8f1LoLrVNNvKmFtAYJvnSO", 1, 0],
          [5, 174, 174],
          [87, 0, 0, 0, 0, 0, 1, 1, 1, 1]
        ],
        [
          1,
          "label_body_1_1",
          8,
          [[2, 2, false, -58, [2], 3]],
          [0, "d7atmx5gZFOKTlFAoq6G0K", 1, 0],
          [4, 4284452095],
          [5, 11, 29],
          [8.25, -17.9322, 0, 0, 0, 0, 1, 1.5, 1.5, 0.7865]
        ],
        [
          1,
          "label_body_1_2",
          8,
          [[2, 2, false, -59, [4], 5]],
          [0, "091oewVGRHBrvLl73HJqxr", 1, 0],
          [4, 4284452095],
          [5, 19, 31],
          [30.75, -17.9322, 0, 0, 0, 0, 1, 1.5, 1.5, 0.7865]
        ],
        [
          1,
          "label_body_1_3",
          8,
          [[2, 2, false, -60, [6], 7]],
          [0, "daVign+MFAdKWmdupC/77m", 1, 0],
          [4, 4284452095],
          [5, 15, 18],
          [56.25, -17.9322, 0, 0, 0, 0, 1, 1.5, 1.5, 0.7865]
        ],
        [
          1,
          "label_body_2_1",
          2,
          [[2, 2, false, -61, [8], 9]],
          [0, "00w1gxMIREB48hKPJOvFSP", 1, 0],
          [4, 4284452095],
          [5, 11, 29],
          [8.25, -17.9322, 0, 0, 0, 0, 1, 1.5, 1.5, 0.7865]
        ],
        [
          1,
          "label_body_2_2",
          2,
          [[2, 2, false, -62, [10], 11]],
          [0, "5cw5V+oZ1Fe6wms+ZZWdpN", 1, 0],
          [4, 4284452095],
          [5, 18, 30],
          [30, -17.9322, 0, 0, 0, 0, 1, 1.5, 1.5, 0.7865]
        ],
        [
          1,
          "label_body_2_3",
          2,
          [[2, 2, false, -63, [12], 13]],
          [0, "d30aGSw8JKoKOn2R91BOI6", 1, 0],
          [4, 4284452095],
          [5, 18, 11],
          [57, -17.9322, 0, 0, 0, 0, 1, 1.5, 1.5, 0.7865]
        ],
        [
          1,
          "label_body_2_4",
          2,
          [[2, 2, false, -64, [14], 15]],
          [0, "1dqa7ytL9PpYc4liAzCkPk", 1, 0],
          [4, 4284452095],
          [5, 11, 29],
          [78.75, -17.9322, 0, 0, 0, 0, 1, 1.5, 1.5, 0.7865]
        ],
        [
          1,
          "label_body_2_5",
          2,
          [[2, 2, false, -65, [16], 17]],
          [0, "3fidk4bqND1bsJdormjyP+", 1, 0],
          [4, 4284452095],
          [5, 22, 30],
          [103.5, -17.9322, 0, 0, 0, 0, 1, 1.5, 1.5, 0.7865]
        ],
        [
          1,
          "label_body_3_1",
          3,
          [[2, 2, false, -66, [18], 19]],
          [0, "88QQ3AefVEIpsYfBOdmACr", 1, 0],
          [4, 4284452095],
          [5, 11, 29],
          [8.25, -17.9322, 0, 0, 0, 0, 1, 1.5, 1.5, 0.7865]
        ],
        [
          1,
          "label_body_3_2",
          3,
          [[2, 2, false, -67, [20], 21]],
          [0, "7cnnQuaTpC3ocq8CCz+e6r", 1, 0],
          [4, 4284452095],
          [5, 20, 29],
          [31.5, -17.9322, 0, 0, 0, 0, 1, 1.5, 1.5, 0.7865]
        ],
        [
          1,
          "label_body_3_3",
          3,
          [[2, 2, false, -68, [22], 23]],
          [0, "c4OmKlx5tFJI7QQb8U/PrH", 1, 0],
          [4, 4284452095],
          [5, 18, 11],
          [60, -17.9322, 0, 0, 0, 0, 1, 1.5, 1.5, 0.7865]
        ],
        [
          1,
          "label_body_3_4",
          3,
          [[2, 2, false, -69, [24], 25]],
          [0, "2bkiWn3nFJzJlRUamYMQ5+", 1, 0],
          [4, 4284452095],
          [5, 11, 29],
          [81.75, -17.9322, 0, 0, 0, 0, 1, 1.5, 1.5, 0.7865]
        ],
        [
          1,
          "label_body_3_5",
          3,
          [[2, 2, false, -70, [26], 27]],
          [0, "888DOI0DNAHpe2xYhPh9iB", 1, 0],
          [4, 4284452095],
          [5, 11, 29],
          [98.25, -17.9322, 0, 0, 0, 0, 1, 1.5, 1.5, 0.7865]
        ],
        [
          1,
          "label_body_4_1",
          9,
          [[2, 2, false, -71, [28], 29]],
          [0, "be+ZoPdBBDdLv3mJSkw4Cv", 1, 0],
          [4, 4284452095],
          [5, 22, 30],
          [16.5, -17.9322, 0, 0, 0, 0, 1, 1.5, 1.5, 0.7865]
        ],
        [
          1,
          "label_body_4_2",
          9,
          [[2, 2, false, -72, [30], 31]],
          [0, "cci+ROAj1J56Cubj6rW48B", 1, 0],
          [4, 4284452095],
          [5, 18, 11],
          [46.5, -17.9322, 0, 0, 0, 0, 1, 1.5, 1.5, 0.7865]
        ],
        [
          1,
          "label_body_4_3",
          9,
          [[2, 2, false, -73, [32], 33]],
          [0, "68/rva1v5MKpOdLR2aXzve", 1, 0],
          [4, 4284452095],
          [5, 20, 31],
          [75, -17.9322, 0, 0, 0, 0, 1, 1.5, 1.5, 0.7865]
        ],
        [
          27,
          100,
          false,
          false,
          null,
          30,
          1.5,
          0,
          0,
          0,
          0,
          0,
          0,
          0,
          0,
          0,
          13,
          13
        ],
        [7, 100, false, false, 30, 1.5, 0, 0, 0, 0, 0, 0, 0, 0, 0, 14, 14],
        [7, 100, false, false, 30, 1.5, 0, 0, 0, 0, 0, 0, 0, 0, 0, 15, 15],
        [7, 100, false, false, 30, 1.5, 0, 0, 0, 0, 0, 0, 0, 0, 0, 16, 16],
        [
          28,
          "Lucky Clover symbol may reveal multiplier or Level-up",
          35,
          35,
          1,
          1,
          2,
          18,
          [34]
        ],
        [3, 1, 1, true, 6, [5, 399, 200]]
      ],
      0,
      [
        0, 5, 1, 0, -1, 36, 0, -2, 37, 0, -3, 38, 0, -4, 39, 0, 7, 40, 0, 8, 17,
        0, 9, 7, 0, 10, 19, 0, 11, 41, 0, 12, 12, 0, 13, 11, 0, 0, 1, 0, -1, 10,
        0, 0, 2, 0, -1, 23, 0, -2, 24, 0, -3, 25, 0, -4, 26, 0, -5, 27, 0, 0, 3,
        0, -1, 28, 0, -2, 29, 0, -3, 30, 0, -4, 31, 0, -5, 32, 0, 0, 4, 0, -1,
        8, 0, -4, 9, 0, 0, 5, 0, -1, 13, 0, -2, 14, 0, -3, 15, 0, -4, 16, 0, -1,
        41, 0, -1, 19, 0, -2, 7, 0, -3, 17, 0, 0, 7, 0, 0, 8, 0, -1, 20, 0, -2,
        21, 0, -3, 22, 0, 0, 9, 0, -1, 33, 0, -2, 34, 0, -3, 35, 0, -1, 11, 0,
        -2, 12, 0, 0, 11, 0, -1, 36, 0, -1, 37, 0, -1, 38, 0, -1, 39, 0, -1, 18,
        0, -1, 40, 0, 0, 18, 0, 0, 20, 0, 0, 21, 0, 0, 22, 0, 0, 23, 0, 0, 24,
        0, 0, 25, 0, 0, 26, 0, 0, 27, 0, 0, 28, 0, 0, 29, 0, 0, 30, 0, 0, 31, 0,
        0, 32, 0, 0, 33, 0, 0, 34, 0, 0, 35, 0, 6, 1, 2, 3, 4, 3, 3, 4, 4, 3, 7,
        5, 3, 7, 6, 3, 12, 73
      ],
      [
        0, 0, 0, 0, 0, 0, 0, 0, 0, 0, 0, 0, 0, 0, 0, 0, 0, 0, 0, 0, 0, 0, 0, 0,
        0, 0, 0, 0, 0, 0, 0, 0, 0, 0, 0, 36, 37, 38, 39
      ],
      [
        -1, 1, -1, 1, -1, 1, -1, 1, -1, 1, -1, 1, -1, 1, -1, 1, -1, 1, -1, 1,
        -1, 1, -1, 1, -1, 1, -1, 1, -1, 1, -1, 1, -1, 1, -1, 4, 4, 4, 4
      ],
      [
        0, 12, 0, 2, 0, 5, 0, 6, 0, 2, 0, 7, 0, 3, 0, 2, 0, 8, 0, 2, 0, 9, 0, 3,
        0, 2, 0, 2, 0, 10, 0, 3, 0, 11, 0, 4, 4, 4, 4
      ]
    ],
    [
      [
        {
          "name": "payout_3",
          "rect": [33, 18, 19, 31],
          "offset": [0, 0],
          "originalSize": [19, 31],
          "rotated": 1,
          "capInsets": [0, 0, 0, 0]
        }
      ],
      [0],
      0,
      [0],
      [2],
      [1]
    ],
    [
      [
        {
          "name": "payout_5",
          "rect": [66, 21, 19, 31],
          "offset": [0, 0],
          "originalSize": [19, 31],
          "rotated": 1,
          "capInsets": [0, 0, 0, 0]
        }
      ],
      [0],
      0,
      [0],
      [2],
      [1]
    ],
    [
      [
        {
          "name": "payout_7",
          "rect": [1, 14, 18, 30],
          "offset": [0, 0],
          "originalSize": [18, 30],
          "rotated": 1,
          "capInsets": [0, 0, 0, 0]
        }
      ],
      [0],
      0,
      [0],
      [2],
      [1]
    ],
    [
      [
        {
          "name": "payout_2",
          "rect": [72, 1, 18, 30],
          "offset": [0, 0],
          "originalSize": [18, 30],
          "rotated": 1,
          "capInsets": [0, 0, 0, 0]
        }
      ],
      [0],
      0,
      [0],
      [2],
      [1]
    ],
    [
      [
        [5, "pop_out_tint"],
        [
          18,
          "pop_out_tint",
          180,
          [
            [25, 0, -2, 0],
            [29, -3]
          ],
          [0, "dcxB6xlYtBU4crK9GsPLdt", -1, 0],
          [4, 4278190080],
          [5, 1080, 2340]
        ]
      ],
      0,
      [0, 5, 1, 0, 0, 1, 0, 0, 1, 0, 6, 1, 3],
      [0],
      [1],
      [13]
    ],
    [
      [
        {
          "name": "payout_6",
          "rect": [33, 39, 20, 31],
          "offset": [0, 0],
          "originalSize": [20, 31],
          "rotated": 1,
          "capInsets": [0, 0, 0, 0]
        }
      ],
      [0],
      0,
      [0],
      [2],
      [1]
    ],
    [
      [
        {
          "name": "payout_9",
          "rect": [66, 42, 20, 31],
          "offset": [0, 0],
          "originalSize": [20, 31],
          "rotated": 1,
          "capInsets": [0, 0, 0, 0]
        }
      ],
      [0],
      0,
      [0],
      [2],
      [1]
    ],
    [
      [
        {
          "name": "payout_0",
          "rect": [104, 1, 20, 29],
          "offset": [0, 0],
          "originalSize": [20, 29],
          "capInsets": [0, 0, 0, 0]
        }
      ],
      [0],
      0,
      [0],
      [2],
      [1]
    ],
    [
      [
        {
          "name": "payout_8",
          "rect": [99, 32, 22, 30],
          "offset": [0, 0],
          "originalSize": [22, 30],
          "capInsets": [0, 0, 0, 0]
        }
      ],
      [0],
      0,
      [0],
      [2],
      [1]
    ],
    [
      [
        [
          30,
          "payout_num.plist",
          [
            {},
            "payout_0",
            6,
            0,
            "payout_1",
            6,
            1,
            "payout_2",
            6,
            2,
            "payout_3",
            6,
            3,
            "payout_4",
            6,
            4,
            "payout_5",
            6,
            5,
            "payout_6",
            6,
            6,
            "payout_7",
            6,
            7,
            "payout_8",
            6,
            8,
            "payout_9",
            6,
            9,
            "payout_plus",
            6,
            10,
            "payout_similar",
            6,
            11
          ]
        ]
      ],
      0,
      0,
      [0, 0, 0, 0, 0, 0, 0, 0, 0, 0, 0, 0],
      [14, 15, 16, 17, 18, 19, 20, 21, 22, 23, 24, 25],
      [9, 2, 7, 14, 8, 5, 15, 16, 10, 11, 6, 3]
    ],
    [
      [
        {
          "name": "payout_4",
          "rect": [1, 34, 22, 30],
          "offset": [0, 0],
          "originalSize": [22, 30],
          "rotated": 1,
          "capInsets": [0, 0, 0, 0]
        }
      ],
      [0],
      0,
      [0],
      [2],
      [1]
    ],
    [
      [
        {
          "name": "p_window_02",
          "rect": [695, 1, 386, 225],
          "offset": [0, 0],
          "originalSize": [386, 225],
          "capInsets": [141, 2, 135, 2]
        }
      ],
      [0],
      0,
      [0],
      [2],
      [17]
    ],
    [
      [
        {
          "name": "payout_1",
          "rect": [1, 1, 11, 29],
          "offset": [0, 0],
          "originalSize": [11, 29],
          "rotated": 1,
          "capInsets": [0, 0, 0, 0]
        }
      ],
      [0],
      0,
      [0],
      [2],
      [1]
    ],
    [
      [
        [5, "symbol_payout_controller"],
        [
          19,
          "symbol_payout_controller",
          [[31, -2, 0, 1]],
          [10, -1, 0],
          [5, 1080, 820]
        ]
      ],
      0,
      [0, 5, 1, 0, 0, 1, 0, 6, 1, 2],
      [0, 0],
      [26, 27],
      [18, 19]
    ],
    [
      [
        {
          "name": "payout_plus",
          "rect": [52, 1, 15, 18],
          "offset": [0, 0],
          "originalSize": [15, 18],
          "rotated": 1,
          "capInsets": [0, 0, 0, 0]
        }
      ],
      [0],
      0,
      [0],
      [2],
      [1]
    ]
  ]
]
