[
  1,
  ["d3CfrebLBJNrcSp33pmzlU", "28P4K7daVJQqkm9VmFaZ6G"],
  ["_textureSetter"],
  ["cc.SpriteFrame"],
  0,
  [
    [
      [
        {
          "name": "bw_vfx_d_add_01",
          "rect": [1, 705, 301, 295],
          "offset": [0, 0],
          "originalSize": [301, 295],
          "capInsets": [0, 0, 0, 0]
        }
      ],
      [0],
      0,
      [0],
      [0],
      [0]
    ],
    [
      [
        {
          "name": "bw_vfx_q_add_03",
          "rect": [1, 1, 210, 210],
          "offset": [0, 0],
          "originalSize": [210, 210],
          "capInsets": [0, 0, 0, 0]
        }
      ],
      [0],
      0,
      [0],
      [0],
      [1]
    ]
  ]
]
