[
  1,
  [
    "ecpdLyjvZBwrvm+cedCcQy",
    "eaJ9BmxAtHLbskAy+30CVL",
    "14OwMW7CJF7pq3UkgHRn+R",
    "50UBhNYn1EBLoNo0IxssY3",
    "c5P1ENTiVBGpfW36B5fnPe",
    "05FqCBqeZME6Bb+rFLThyz",
    "59rBIbb/VCyoJSiH0yRNHw",
    "8fASinTEVPL6KFEER5N/+R",
    "3fEEp21YhPyKAYXqXtwC3C"
  ],
  ["node", "_parent", "_spriteFrame", "root", "data"],
  [
    [
      "cc.Node",
      [
        "_name",
        "_groupIndex",
        "_opacity",
        "_prefab",
        "_parent",
        "_components",
        "_children",
        "_trs",
        "_contentSize"
      ],
      0,
      4,
      1,
      9,
      2,
      7,
      5
    ],
    [
      "cc.Node",
      ["_name", "_parent", "_children", "_prefab", "_contentSize", "_trs"],
      2,
      1,
      12,
      4,
      5,
      7
    ],
    ["cc.PrefabInfo", ["fileId", "root", "asset"], 2, 1, 1],
    [
      "cc.AnimationClip",
      ["_name", "_duration", "sample", "wrapMode", "events", "curveData"],
      -3
    ],
    ["cc.Prefab", ["_name"], 2],
    [
      "cc.Node",
      [
        "_name",
        "_parent",
        "_children",
        "_components",
        "_prefab",
        "_contentSize"
      ],
      2,
      1,
      2,
      12,
      4,
      5
    ],
    ["6d2dfbs4ydN2b/rCJXczO2b", ["node", "slotViewsAnim"], 3, 1, 2],
    [
      "cc.Layout",
      ["_enabled", "_resize", "_N$layoutType", "node", "_layoutSize"],
      0,
      1,
      5
    ],
    [
      "cc.Sprite",
      ["_sizeMode", "_isTrimmedMode", "node", "_materials", "_spriteFrame"],
      1,
      1,
      3,
      6
    ],
    ["cc.Animation", ["node", "_clips"], 3, 1, 3]
  ],
  [
    [2, 0, 1, 2, 2],
    [0, 0, 4, 3, 2],
    [0, 0, 2, 4, 6, 3, 7, 3],
    [8, 0, 1, 2, 3, 4, 3],
    [0, 0, 1, 4, 5, 3, 8, 7, 3],
    [1, 0, 1, 2, 3, 4, 5, 2],
    [3, 0, 1, 2, 3, 4, 5, 7],
    [0, 0, 1, 4, 5, 3, 8, 3],
    [5, 0, 1, 2, 3, 4, 5, 2],
    [1, 0, 1, 2, 3, 4, 2],
    [7, 0, 1, 2, 3, 4, 4],
    [9, 0, 1, 1],
    [4, 0, 2],
    [0, 0, 6, 5, 3, 2],
    [6, 0, 1, 1],
    [2, 1, 2, 1]
  ],
  [
    [
      [
        [
          6,
          "f_03_4",
          0.40540540540540543,
          37,
          22,
          [{ "frame": 0.40540540540540543, "func": "onZero", "params": [] }],
          {
            "paths": {
              "visualise_slot_item_1/feature_03_f": {
                "props": { "opacity": [] }
              },
              "visualise_slot_item_2/feature_03_f": {
                "props": { "opacity": [] }
              },
              "visualise_slot_item_3/feature_03_f": {
                "props": {
                  "opacity": [
                    { "frame": 0.08108108108108109, "value": 0 },
                    { "frame": 0.40540540540540543, "value": 255 }
                  ]
                }
              },
              "visualise_slot_item_4/feature_03_f": {
                "props": {
                  "opacity": [
                    { "frame": 0.05405405405405406, "value": 0 },
                    { "frame": 0.1891891891891892, "value": 255 },
                    { "frame": 0.40540540540540543, "value": 0 }
                  ]
                }
              },
              "visualise_slot_item_5/feature_03_f": {
                "props": {
                  "opacity": [
                    { "frame": 0.02702702702702703, "value": 0 },
                    { "frame": 0.16216216216216217, "value": 255 },
                    { "frame": 0.2972972972972973, "value": 0 }
                  ]
                }
              },
              "visualise_slot_item_6/feature_03_f": {
                "props": {
                  "opacity": [
                    { "frame": 0, "value": 0 },
                    { "frame": 0.13513513513513514, "value": 255 },
                    { "frame": 0.2702702702702703, "value": 0 }
                  ]
                }
              }
            }
          }
        ]
      ],
      0,
      0,
      [],
      [],
      []
    ],
    [
      [
        [
          6,
          "f_03_1",
          0.40540540540540543,
          37,
          22,
          [{ "frame": 0.40540540540540543, "func": "onZero", "params": [] }],
          {
            "paths": {
              "visualise_slot_item_1/feature_03_f": {
                "props": { "opacity": [] }
              },
              "visualise_slot_item_2/feature_03_f": {
                "props": { "opacity": [] }
              },
              "visualise_slot_item_3/feature_03_f": {
                "props": { "opacity": [] }
              },
              "visualise_slot_item_4/feature_03_f": {
                "props": { "opacity": [] }
              },
              "visualise_slot_item_5/feature_03_f": {
                "props": { "opacity": [] }
              },
              "visualise_slot_item_6/feature_03_f": {
                "props": {
                  "opacity": [
                    { "frame": 0, "value": 0 },
                    { "frame": 0.40540540540540543, "value": 255 }
                  ]
                }
              }
            }
          }
        ]
      ],
      0,
      0,
      [],
      [],
      []
    ],
    [
      [
        [12, "feature_slot_bg_controller"],
        [
          13,
          "feature_slot_bg_controller",
          [-10, -11, -12, -13, -14, -15, -16],
          [[14, -9, [-2, -3, -4, -5, -6, -7, -8]]],
          [15, -1, 0]
        ],
        [
          8,
          "slot_view",
          1,
          [-19, -20, -21, -22, -23, -24, -25],
          [[[10, false, 1, 2, -17, [5, 0, 1050]], -18], 4, 1],
          [0, "b5ri7rPEJLLaHbhkAaPFlJ", 1, 0],
          [5, 0, 1050]
        ],
        [
          8,
          "slot_view",
          1,
          [-28, -29, -30, -31, -32, -33, -34],
          [[[10, false, 1, 2, -26, [5, 0, 1050]], -27], 4, 1],
          [0, "6do/f7yr9A5LcYsVHVnpz7", 1, 0],
          [5, 0, 1050]
        ],
        [
          8,
          "slot_view",
          1,
          [-37, -38, -39, -40, -41, -42, -43],
          [[[10, false, 1, 2, -35, [5, 0, 1050]], -36], 4, 1],
          [0, "c2sl6Es7hED6YOxcj2T7RQ", 1, 0],
          [5, 0, 1050]
        ],
        [
          8,
          "slot_view",
          1,
          [-46, -47, -48, -49, -50, -51, -52],
          [[[10, false, 1, 2, -44, [5, 0, 1050]], -45], 4, 1],
          [0, "adXDjDh8BCk6+NqLrjxHA/", 1, 0],
          [5, 0, 1050]
        ],
        [
          8,
          "slot_view",
          1,
          [-55, -56, -57, -58, -59, -60, -61],
          [[[10, false, 1, 2, -53, [5, 0, 1050]], -54], 4, 1],
          [0, "b3T/UdL5JFX66frialUEeG", 1, 0],
          [5, 0, 1050]
        ],
        [
          8,
          "slot_view",
          1,
          [-64, -65, -66, -67, -68, -69, -70],
          [[[10, false, 1, 2, -62, [5, 0, 1050]], -63], 4, 1],
          [0, "b27I51St9K4bGeE2kCpkGU", 1, 0],
          [5, 0, 1050]
        ],
        [
          8,
          "slot_view",
          1,
          [-73, -74, -75, -76, -77, -78, -79],
          [[[10, false, 1, 2, -71, [5, 0, 1050]], -72], 4, 1],
          [0, "76w5kdIetHqaYKtJOooOP5", 1, 0],
          [5, 0, 1050]
        ],
        [
          5,
          "visualise_slot_item_0",
          2,
          [
            [
              -80,
              [1, "content_holder", -81, [0, "961RWR6BFFLYlIcnmknAru", 1, 0]]
            ],
            1,
            4
          ],
          [0, "aeEUHsHEZHepZK47/2+LiD", 1, 0],
          [5, 150, 150],
          [0, 450, 0, 0, 0, 0, 1, 1, 1, 1]
        ],
        [
          5,
          "visualise_slot_item_1",
          2,
          [
            [
              -82,
              [1, "content_holder", -83, [0, "ef7WORKRBDNqBp+QuGViko", 1, 0]]
            ],
            1,
            4
          ],
          [0, "6e8LgdnIpO4K6boMoJpX2P", 1, 0],
          [5, 150, 150],
          [0, 300, 0, 0, 0, 0, 1, 1, 1, 1]
        ],
        [
          5,
          "visualise_slot_item_2",
          2,
          [
            [
              -84,
              [1, "content_holder", -85, [0, "8cRoKXLkdDaIwxapGDJBOx", 1, 0]]
            ],
            1,
            4
          ],
          [0, "9cRPAkq19MaKjqR7gGIVMB", 1, 0],
          [5, 150, 150],
          [0, 150, 0, 0, 0, 0, 1, 1, 1, 1]
        ],
        [
          9,
          "visualise_slot_item_3",
          2,
          [
            [
              -86,
              [1, "content_holder", -87, [0, "3e83JXOjtJp4hLkyMaMxt6", 1, 0]]
            ],
            1,
            4
          ],
          [0, "5dNCJBV1VIR4PG3SAIKmi7", 1, 0],
          [5, 150, 150]
        ],
        [
          5,
          "visualise_slot_item_4",
          2,
          [
            [
              -88,
              [1, "content_holder", -89, [0, "8craj0XT9HM532fXIQzxox", 1, 0]]
            ],
            1,
            4
          ],
          [0, "a9/9Y6x3VAP4srpZ11BPkH", 1, 0],
          [5, 150, 150],
          [0, -150, 0, 0, 0, 0, 1, 1, 1, 1]
        ],
        [
          5,
          "visualise_slot_item_5",
          2,
          [
            [
              -90,
              [1, "content_holder", -91, [0, "b6bDh7jUFIUaQiIv88cFgy", 1, 0]]
            ],
            1,
            4
          ],
          [0, "40/HL9sFdAjZ8TbtiRhqgA", 1, 0],
          [5, 150, 150],
          [0, -300, 0, 0, 0, 0, 1, 1, 1, 1]
        ],
        [
          5,
          "visualise_slot_item_6",
          2,
          [
            [
              -92,
              [1, "content_holder", -93, [0, "5fv9W9HwdBcL7Lx879SGXk", 1, 0]]
            ],
            1,
            4
          ],
          [0, "4dSby4CcxNUKv8x7S8hrRU", 1, 0],
          [5, 150, 150],
          [0, -450, 0, 0, 0, 0, 1, 1, 1, 1]
        ],
        [
          5,
          "visualise_slot_item_0",
          3,
          [
            [
              -94,
              [1, "content_holder", -95, [0, "ees5SC1VFBzakc9U/tkhu7", 1, 0]]
            ],
            1,
            4
          ],
          [0, "64e5Gt+6VMdrnz1RlgUpOD", 1, 0],
          [5, 150, 150],
          [0, 450, 0, 0, 0, 0, 1, 1, 1, 1]
        ],
        [
          5,
          "visualise_slot_item_1",
          3,
          [
            [
              -96,
              [1, "content_holder", -97, [0, "61+0CKbAhG65OGzh91OAmT", 1, 0]]
            ],
            1,
            4
          ],
          [0, "a9+HyskpdGVp55z6Ob+/7a", 1, 0],
          [5, 150, 150],
          [0, 300, 0, 0, 0, 0, 1, 1, 1, 1]
        ],
        [
          5,
          "visualise_slot_item_2",
          3,
          [
            [
              -98,
              [1, "content_holder", -99, [0, "ad0EacVIhAMZYy3sthbERd", 1, 0]]
            ],
            1,
            4
          ],
          [0, "5eRr2WwoFOGbAMvVtQBUaJ", 1, 0],
          [5, 150, 150],
          [0, 150, 0, 0, 0, 0, 1, 1, 1, 1]
        ],
        [
          9,
          "visualise_slot_item_3",
          3,
          [
            [
              -100,
              [1, "content_holder", -101, [0, "2bGZhhWIBOQaLtjy43D2CB", 1, 0]]
            ],
            1,
            4
          ],
          [0, "3bKcgGQyhJfLXpbkTNG0T5", 1, 0],
          [5, 150, 150]
        ],
        [
          5,
          "visualise_slot_item_4",
          3,
          [
            [
              -102,
              [1, "content_holder", -103, [0, "392SRONflIT68toSQJ0wN2", 1, 0]]
            ],
            1,
            4
          ],
          [0, "0cyYMPGptBVJyy5b0lSLcO", 1, 0],
          [5, 150, 150],
          [0, -150, 0, 0, 0, 0, 1, 1, 1, 1]
        ],
        [
          5,
          "visualise_slot_item_5",
          3,
          [
            [
              -104,
              [1, "content_holder", -105, [0, "65vH4jN35NQqtbbIM0j/nB", 1, 0]]
            ],
            1,
            4
          ],
          [0, "c8AxsayP9Mk6Y/l0BfXQd+", 1, 0],
          [5, 150, 150],
          [0, -300, 0, 0, 0, 0, 1, 1, 1, 1]
        ],
        [
          5,
          "visualise_slot_item_6",
          3,
          [
            [
              -106,
              [1, "content_holder", -107, [0, "6cZSV4AGhHQo2OwyGfuZIy", 1, 0]]
            ],
            1,
            4
          ],
          [0, "2eXfJLDipGVqlO/od3rn++", 1, 0],
          [5, 150, 150],
          [0, -450, 0, 0, 0, 0, 1, 1, 1, 1]
        ],
        [
          5,
          "visualise_slot_item_0",
          4,
          [
            [
              -108,
              [1, "content_holder", -109, [0, "76t2o98JBL5KQF6HEo9DqY", 1, 0]]
            ],
            1,
            4
          ],
          [0, "62fDl0TnJHqrAUFge0x/SB", 1, 0],
          [5, 150, 150],
          [0, 450, 0, 0, 0, 0, 1, 1, 1, 1]
        ],
        [
          5,
          "visualise_slot_item_1",
          4,
          [
            [
              -110,
              [1, "content_holder", -111, [0, "7aFmR9ohlFsboX8DvZdiv+", 1, 0]]
            ],
            1,
            4
          ],
          [0, "08qoFKN/tBA4STVXHB6D/F", 1, 0],
          [5, 150, 150],
          [0, 300, 0, 0, 0, 0, 1, 1, 1, 1]
        ],
        [
          5,
          "visualise_slot_item_2",
          4,
          [
            [
              -112,
              [1, "content_holder", -113, [0, "c6NKThhzFD/ay8AmZLfbgF", 1, 0]]
            ],
            1,
            4
          ],
          [0, "c3i5X8aiZOJYcFpQmBU/Ch", 1, 0],
          [5, 150, 150],
          [0, 150, 0, 0, 0, 0, 1, 1, 1, 1]
        ],
        [
          9,
          "visualise_slot_item_3",
          4,
          [
            [
              -114,
              [1, "content_holder", -115, [0, "d8rpIJA3pHQZ0Vvj0ON7nc", 1, 0]]
            ],
            1,
            4
          ],
          [0, "e0lPE4lOlOU6+Gm3hgT5Px", 1, 0],
          [5, 150, 150]
        ],
        [
          5,
          "visualise_slot_item_4",
          4,
          [
            [
              -116,
              [1, "content_holder", -117, [0, "a4EnhUn7VBTrks2/WmI98J", 1, 0]]
            ],
            1,
            4
          ],
          [0, "41tV6cwXNAD7z0283i8tE0", 1, 0],
          [5, 150, 150],
          [0, -150, 0, 0, 0, 0, 1, 1, 1, 1]
        ],
        [
          5,
          "visualise_slot_item_5",
          4,
          [
            [
              -118,
              [1, "content_holder", -119, [0, "5aZ+2tod5HjYL7ca0PmGLZ", 1, 0]]
            ],
            1,
            4
          ],
          [0, "d4AGNlyH1DgI3all5aD0eg", 1, 0],
          [5, 150, 150],
          [0, -300, 0, 0, 0, 0, 1, 1, 1, 1]
        ],
        [
          5,
          "visualise_slot_item_6",
          4,
          [
            [
              -120,
              [1, "content_holder", -121, [0, "fdGqf20sdM3oaDXy5NQJXZ", 1, 0]]
            ],
            1,
            4
          ],
          [0, "ff3QhEo4BL1Lz8RkSmSenb", 1, 0],
          [5, 150, 150],
          [0, -450, 0, 0, 0, 0, 1, 1, 1, 1]
        ],
        [
          5,
          "visualise_slot_item_0",
          5,
          [
            [
              -122,
              [1, "content_holder", -123, [0, "c8KjFMPZZNf7Sm+XNZ61/l", 1, 0]]
            ],
            1,
            4
          ],
          [0, "f9rMygAlhMOa6dOHACxdB6", 1, 0],
          [5, 150, 150],
          [0, 450, 0, 0, 0, 0, 1, 1, 1, 1]
        ],
        [
          5,
          "visualise_slot_item_1",
          5,
          [
            [
              -124,
              [1, "content_holder", -125, [0, "7cdVH7H9hI3a1KutbSPT+X", 1, 0]]
            ],
            1,
            4
          ],
          [0, "b0RHPbGHxHha+4KZNZGDEz", 1, 0],
          [5, 150, 150],
          [0, 300, 0, 0, 0, 0, 1, 1, 1, 1]
        ],
        [
          5,
          "visualise_slot_item_2",
          5,
          [
            [
              -126,
              [1, "content_holder", -127, [0, "d4PDhLLYdLd6s7ZJwahSuQ", 1, 0]]
            ],
            1,
            4
          ],
          [0, "639RDIACZBd7Pkd8geHmGb", 1, 0],
          [5, 150, 150],
          [0, 150, 0, 0, 0, 0, 1, 1, 1, 1]
        ],
        [
          9,
          "visualise_slot_item_3",
          5,
          [
            [
              -128,
              [1, "content_holder", -129, [0, "669QQsclhC8pAFw4Efswl+", 1, 0]]
            ],
            1,
            4
          ],
          [0, "a6I7E/wzpMjY0gnuE1wbZH", 1, 0],
          [5, 150, 150]
        ],
        [
          5,
          "visualise_slot_item_4",
          5,
          [
            [
              -130,
              [1, "content_holder", -131, [0, "75evM0MZ9C2JXbVDZa/yIK", 1, 0]]
            ],
            1,
            4
          ],
          [0, "f2yO4zYJdD+Zxohbpt87VB", 1, 0],
          [5, 150, 150],
          [0, -150, 0, 0, 0, 0, 1, 1, 1, 1]
        ],
        [
          5,
          "visualise_slot_item_5",
          5,
          [
            [
              -132,
              [1, "content_holder", -133, [0, "besCtHl3FDFJ3+iOgW54Jf", 1, 0]]
            ],
            1,
            4
          ],
          [0, "34nfQb/x9FYbIpEvkxsv8A", 1, 0],
          [5, 150, 150],
          [0, -300, 0, 0, 0, 0, 1, 1, 1, 1]
        ],
        [
          5,
          "visualise_slot_item_6",
          5,
          [
            [
              -134,
              [1, "content_holder", -135, [0, "25UXjrC1tPIYst8Gqr/q8S", 1, 0]]
            ],
            1,
            4
          ],
          [0, "f1U2ASzfFAApPrb5tJFED9", 1, 0],
          [5, 150, 150],
          [0, -450, 0, 0, 0, 0, 1, 1, 1, 1]
        ],
        [
          5,
          "visualise_slot_item_0",
          6,
          [
            [
              -136,
              [1, "content_holder", -137, [0, "8fxdW2Z1hMZ5I18cvXOPMr", 1, 0]]
            ],
            1,
            4
          ],
          [0, "fa8WC/E5hFHKEouBjPlAQF", 1, 0],
          [5, 150, 150],
          [0, 450, 0, 0, 0, 0, 1, 1, 1, 1]
        ],
        [
          5,
          "visualise_slot_item_1",
          6,
          [
            [
              -138,
              [1, "content_holder", -139, [0, "21rSsxuspAv52lGwa5UtH6", 1, 0]]
            ],
            1,
            4
          ],
          [0, "bfyyMM8yVKwpJOR4/nq7Ro", 1, 0],
          [5, 150, 150],
          [0, 300, 0, 0, 0, 0, 1, 1, 1, 1]
        ],
        [
          5,
          "visualise_slot_item_2",
          6,
          [
            [
              -140,
              [1, "content_holder", -141, [0, "e3RXO2J6BKyoCqf5VRVV0U", 1, 0]]
            ],
            1,
            4
          ],
          [0, "6czKJFrTdDIoql0adc2/nx", 1, 0],
          [5, 150, 150],
          [0, 150, 0, 0, 0, 0, 1, 1, 1, 1]
        ],
        [
          9,
          "visualise_slot_item_3",
          6,
          [
            [
              -142,
              [1, "content_holder", -143, [0, "d7EahyhM9CGK0t4Yzi5mFG", 1, 0]]
            ],
            1,
            4
          ],
          [0, "a7H9n9CX1LHrgl+ChMq/D6", 1, 0],
          [5, 150, 150]
        ],
        [
          5,
          "visualise_slot_item_4",
          6,
          [
            [
              -144,
              [1, "content_holder", -145, [0, "0fL0XlSphIZ6f/sBy6P6Ly", 1, 0]]
            ],
            1,
            4
          ],
          [0, "e2ak0vTltNcY7jVDrozzJV", 1, 0],
          [5, 150, 150],
          [0, -150, 0, 0, 0, 0, 1, 1, 1, 1]
        ],
        [
          5,
          "visualise_slot_item_5",
          6,
          [
            [
              -146,
              [1, "content_holder", -147, [0, "5d57uCCSRFMooHknhEY0je", 1, 0]]
            ],
            1,
            4
          ],
          [0, "a1evv8ndtKV5i9nhsxNgSj", 1, 0],
          [5, 150, 150],
          [0, -300, 0, 0, 0, 0, 1, 1, 1, 1]
        ],
        [
          5,
          "visualise_slot_item_6",
          6,
          [
            [
              -148,
              [1, "content_holder", -149, [0, "2cIc7m541CEbG10aUvcJLr", 1, 0]]
            ],
            1,
            4
          ],
          [0, "45vJxfT8BKKJ8Lqh9vibrR", 1, 0],
          [5, 150, 150],
          [0, -450, 0, 0, 0, 0, 1, 1, 1, 1]
        ],
        [
          5,
          "visualise_slot_item_0",
          7,
          [
            [
              -150,
              [1, "content_holder", -151, [0, "60HWjI8B1KvIeU/MPmQ5/t", 1, 0]]
            ],
            1,
            4
          ],
          [0, "20f7rNDGJGya9NWSYrIYXp", 1, 0],
          [5, 150, 150],
          [0, 450, 0, 0, 0, 0, 1, 1, 1, 1]
        ],
        [
          5,
          "visualise_slot_item_1",
          7,
          [
            [
              -152,
              [1, "content_holder", -153, [0, "a1Bz25WBtKpZvekFlKOikZ", 1, 0]]
            ],
            1,
            4
          ],
          [0, "76srlr0QFIcp9SG8J1qsxM", 1, 0],
          [5, 150, 150],
          [0, 300, 0, 0, 0, 0, 1, 1, 1, 1]
        ],
        [
          5,
          "visualise_slot_item_2",
          7,
          [
            [
              -154,
              [1, "content_holder", -155, [0, "2fqKQTvR9KxblOHxxm6hA3", 1, 0]]
            ],
            1,
            4
          ],
          [0, "d7B0POOMZIho+397MIhlIz", 1, 0],
          [5, 150, 150],
          [0, 150, 0, 0, 0, 0, 1, 1, 1, 1]
        ],
        [
          9,
          "visualise_slot_item_3",
          7,
          [
            [
              -156,
              [1, "content_holder", -157, [0, "07LY49bENEIJMJE+eXnScU", 1, 0]]
            ],
            1,
            4
          ],
          [0, "740LtBYZZOl7beDDU9yZoK", 1, 0],
          [5, 150, 150]
        ],
        [
          5,
          "visualise_slot_item_4",
          7,
          [
            [
              -158,
              [1, "content_holder", -159, [0, "816KR/KJBDPqs50k6S0sEz", 1, 0]]
            ],
            1,
            4
          ],
          [0, "03TkLrujNCF7hNF5IAFoP0", 1, 0],
          [5, 150, 150],
          [0, -150, 0, 0, 0, 0, 1, 1, 1, 1]
        ],
        [
          5,
          "visualise_slot_item_5",
          7,
          [
            [
              -160,
              [1, "content_holder", -161, [0, "29MzkuQr9CEI/TxP21w04d", 1, 0]]
            ],
            1,
            4
          ],
          [0, "71ZnlWTP1LkJoz4xL7KYHZ", 1, 0],
          [5, 150, 150],
          [0, -300, 0, 0, 0, 0, 1, 1, 1, 1]
        ],
        [
          5,
          "visualise_slot_item_6",
          7,
          [
            [
              -162,
              [1, "content_holder", -163, [0, "92Z1qZgcdCRoeIH4cUFfFT", 1, 0]]
            ],
            1,
            4
          ],
          [0, "26eUwN66FMXrGu9z7cBvaK", 1, 0],
          [5, 150, 150],
          [0, -450, 0, 0, 0, 0, 1, 1, 1, 1]
        ],
        [
          5,
          "visualise_slot_item_0",
          8,
          [
            [
              -164,
              [1, "content_holder", -165, [0, "05Q7S1/xhBgaf2qGgoru5n", 1, 0]]
            ],
            1,
            4
          ],
          [0, "77ruCbOi1IeY/4flS2mgZi", 1, 0],
          [5, 150, 150],
          [0, 450, 0, 0, 0, 0, 1, 1, 1, 1]
        ],
        [
          5,
          "visualise_slot_item_1",
          8,
          [
            [
              -166,
              [1, "content_holder", -167, [0, "46bT1bWC1EGrPaBlXr2P8b", 1, 0]]
            ],
            1,
            4
          ],
          [0, "f7XlwKE8dBvZn1VuYpTMfv", 1, 0],
          [5, 150, 150],
          [0, 300, 0, 0, 0, 0, 1, 1, 1, 1]
        ],
        [
          5,
          "visualise_slot_item_2",
          8,
          [
            [
              -168,
              [1, "content_holder", -169, [0, "2cLemvrc9ElqvjDq3NZnNi", 1, 0]]
            ],
            1,
            4
          ],
          [0, "e2UjsoSo5KSJNhrbnwi5aC", 1, 0],
          [5, 150, 150],
          [0, 150, 0, 0, 0, 0, 1, 1, 1, 1]
        ],
        [
          9,
          "visualise_slot_item_3",
          8,
          [
            [
              -170,
              [1, "content_holder", -171, [0, "6dYhta2/JAeLTtLLGtnFSX", 1, 0]]
            ],
            1,
            4
          ],
          [0, "adwAdZJTpHzIyxVrtZvQcG", 1, 0],
          [5, 150, 150]
        ],
        [
          5,
          "visualise_slot_item_4",
          8,
          [
            [
              -172,
              [1, "content_holder", -173, [0, "b36CveslpBB7xn45/xxbdt", 1, 0]]
            ],
            1,
            4
          ],
          [0, "3dVhOYeHdDzZLQua48tiwU", 1, 0],
          [5, 150, 150],
          [0, -150, 0, 0, 0, 0, 1, 1, 1, 1]
        ],
        [
          5,
          "visualise_slot_item_5",
          8,
          [
            [
              -174,
              [1, "content_holder", -175, [0, "0dQiw4ULJM07CJMUkCrV8p", 1, 0]]
            ],
            1,
            4
          ],
          [0, "0esp+ECvpM8J3+DGbqgkzB", 1, 0],
          [5, 150, 150],
          [0, -300, 0, 0, 0, 0, 1, 1, 1, 1]
        ],
        [
          5,
          "visualise_slot_item_6",
          8,
          [
            [
              -176,
              [1, "content_holder", -177, [0, "65/M7YDtpD1rGSN+PhcSbW", 1, 0]]
            ],
            1,
            4
          ],
          [0, "1dzrcJhdxNLoR3qNgpti/v", 1, 0],
          [5, 150, 150],
          [0, -450, 0, 0, 0, 0, 1, 1, 1, 1]
        ],
        [
          2,
          "feature_03_f",
          0,
          9,
          [-178],
          [0, "e8xQWhB6hPqIMcUL/GFsCd", 1, 0],
          [0, 0, 0, 0, 0, 0, 1, 2, 2, 1]
        ],
        [
          7,
          "normal",
          1,
          58,
          [[3, 2, false, -179, [0], 1]],
          [0, "d7aIUF5BZFxI/89PFzaPrm", 1, 0],
          [5, 143, 137]
        ],
        [
          2,
          "feature_03_f",
          0,
          10,
          [-180],
          [0, "ff1T2PMWlLboyl0jQVdjkX", 1, 0],
          [0, 0, 0, 0, 0, 0, 1, 2, 2, 1]
        ],
        [
          4,
          "normal",
          1,
          60,
          [[3, 2, false, -181, [2], 3]],
          [0, "13ju1LS19HooJGB+7y7DYk", 1, 0],
          [5, 143, 137],
          [0, 0, 0, 0, 0, 0, 1, 1, 1, 2]
        ],
        [
          2,
          "feature_03_f",
          0,
          11,
          [-182],
          [0, "8f98f/a7tBAY/ZW1BwQOZD", 1, 0],
          [0, 0, 0, 0, 0, 0, 1, 2, 2, 1]
        ],
        [
          4,
          "normal",
          1,
          62,
          [[3, 2, false, -183, [4], 5]],
          [0, "9fFCNYHhBE7IzA4zRDoFE4", 1, 0],
          [5, 143, 137],
          [0, 0, 0, 0, 0, 0, 1, 1, 1, 2]
        ],
        [
          2,
          "feature_03_f",
          0,
          12,
          [-184],
          [0, "f2YO0rTSBDq6z0BdOl6NZ1", 1, 0],
          [0, 0, 0, 0, 0, 0, 1, 2, 2, 1]
        ],
        [
          4,
          "normal",
          1,
          64,
          [[3, 2, false, -185, [6], 7]],
          [0, "15wfXovclLbo4i+jASRCn5", 1, 0],
          [5, 143, 137],
          [0, 0, 0, 0, 0, 0, 1, 1, 1, 2]
        ],
        [
          2,
          "feature_03_f",
          0,
          13,
          [-186],
          [0, "9fDlmO36hIzr/l8ZlvvQVR", 1, 0],
          [0, 0, 0, 0, 0, 0, 1, 2, 2, 1]
        ],
        [
          4,
          "normal",
          1,
          66,
          [[3, 2, false, -187, [8], 9]],
          [0, "73CiIzsZtKmZud3HXm4G4m", 1, 0],
          [5, 143, 137],
          [0, 0, 0, 0, 0, 0, 1, 1, 1, 2]
        ],
        [
          2,
          "feature_03_f",
          0,
          14,
          [-188],
          [0, "f5Y5wyg+BFi6bD9vWQOJ9n", 1, 0],
          [0, 0, 0, 0, 0, 0, 1, 2, 2, 1]
        ],
        [
          4,
          "normal",
          1,
          68,
          [[3, 2, false, -189, [10], 11]],
          [0, "90khU8U/9AIolCTUZiMVHh", 1, 0],
          [5, 143, 137],
          [0, 0, 0, 0, 0, 0, 1, 1, 1, 2]
        ],
        [
          2,
          "feature_03_f",
          0,
          15,
          [-190],
          [0, "1fJGwZTWVAxrxcuWRf9VLG", 1, 0],
          [0, 0, 0, 0, 0, 0, 1, 2, 2, 1]
        ],
        [
          4,
          "normal",
          1,
          70,
          [[3, 2, false, -191, [12], 13]],
          [0, "c3zFdBu6hBabwcDxrerSx/", 1, 0],
          [5, 143, 137],
          [0, 0, 0, 0, 0, 0, 1, 1, 1, 2]
        ],
        [11, 2, [14, 15, 16, 17, 18, 19, 20]],
        [
          2,
          "feature_03_f",
          0,
          16,
          [-192],
          [0, "6aY/kHVONNS7LhbOqpvUAp", 1, 0],
          [0, 0, 0, 0, 0, 0, 1, 2, 2, 1]
        ],
        [
          7,
          "normal",
          1,
          73,
          [[3, 2, false, -193, [21], 22]],
          [0, "c1OJhuJG9ErJH2DA/ilOcS", 1, 0],
          [5, 143, 137]
        ],
        [
          2,
          "feature_03_f",
          0,
          17,
          [-194],
          [0, "0f7w4HNZxDgbxYjYkX+60C", 1, 0],
          [0, 0, 0, 0, 0, 0, 1, 2, 2, 1]
        ],
        [
          4,
          "normal",
          1,
          75,
          [[3, 2, false, -195, [23], 24]],
          [0, "3e9v6+Ml5MjLXq2JpyULXN", 1, 0],
          [5, 143, 137],
          [0, 0, 0, 0, 0, 0, 1, 1, 1, 2]
        ],
        [
          2,
          "feature_03_f",
          0,
          18,
          [-196],
          [0, "71d7xHsZZB2qHIxads6SaK", 1, 0],
          [0, 0, 0, 0, 0, 0, 1, 2, 2, 1]
        ],
        [
          4,
          "normal",
          1,
          77,
          [[3, 2, false, -197, [25], 26]],
          [0, "3c9xOXvJBLCadAlFp1xXNm", 1, 0],
          [5, 143, 137],
          [0, 0, 0, 0, 0, 0, 1, 1, 1, 2]
        ],
        [
          2,
          "feature_03_f",
          0,
          19,
          [-198],
          [0, "f6RTQi+wFFg4V2ZK0oSq/d", 1, 0],
          [0, 0, 0, 0, 0, 0, 1, 2, 2, 1]
        ],
        [
          4,
          "normal",
          1,
          79,
          [[3, 2, false, -199, [27], 28]],
          [0, "2bpvSVRvpPh7SwmzKmKjLH", 1, 0],
          [5, 143, 137],
          [0, 0, 0, 0, 0, 0, 1, 1, 1, 2]
        ],
        [
          2,
          "feature_03_f",
          0,
          20,
          [-200],
          [0, "37wdmjypZFKrFhlPJ/NHUX", 1, 0],
          [0, 0, 0, 0, 0, 0, 1, 2, 2, 1]
        ],
        [
          4,
          "normal",
          1,
          81,
          [[3, 2, false, -201, [29], 30]],
          [0, "2cDCbVVJRG0JhjGiKtQ7zP", 1, 0],
          [5, 143, 137],
          [0, 0, 0, 0, 0, 0, 1, 1, 1, 2]
        ],
        [
          2,
          "feature_03_f",
          0,
          21,
          [-202],
          [0, "f5cWSNyXtKIqnbbdmJ1qMI", 1, 0],
          [0, 0, 0, 0, 0, 0, 1, 2, 2, 1]
        ],
        [
          4,
          "normal",
          1,
          83,
          [[3, 2, false, -203, [31], 32]],
          [0, "8bsrGrzyZMH6J+PiT9tSYJ", 1, 0],
          [5, 143, 137],
          [0, 0, 0, 0, 0, 0, 1, 1, 1, 2]
        ],
        [
          2,
          "feature_03_f",
          0,
          22,
          [-204],
          [0, "61aLimGfxIlYw0bNtJTBla", 1, 0],
          [0, 0, 0, 0, 0, 0, 1, 2, 2, 1]
        ],
        [
          4,
          "normal",
          1,
          85,
          [[3, 2, false, -205, [33], 34]],
          [0, "a4esWLF8pIlrYik8ZrRrMy", 1, 0],
          [5, 143, 137],
          [0, 0, 0, 0, 0, 0, 1, 1, 1, 2]
        ],
        [11, 3, [35, 36, 37, 38, 39, 40, 41]],
        [
          2,
          "feature_03_f",
          0,
          23,
          [-206],
          [0, "56qD6phVlJFZ1zgXBBD7SV", 1, 0],
          [0, 0, 0, 0, 0, 0, 1, 2, 2, 1]
        ],
        [
          7,
          "normal",
          1,
          88,
          [[3, 2, false, -207, [42], 43]],
          [0, "bdIRAoX0NNF7ACon8gprHz", 1, 0],
          [5, 143, 137]
        ],
        [
          2,
          "feature_03_f",
          0,
          24,
          [-208],
          [0, "d32e0VQUpDdZfm79y29DWs", 1, 0],
          [0, 0, 0, 0, 0, 0, 1, 2, 2, 1]
        ],
        [
          4,
          "normal",
          1,
          90,
          [[3, 2, false, -209, [44], 45]],
          [0, "515+cWaS9P+aYM33OJgHtJ", 1, 0],
          [5, 143, 137],
          [0, 0, 0, 0, 0, 0, 1, 1, 1, 2]
        ],
        [
          2,
          "feature_03_f",
          0,
          25,
          [-210],
          [0, "95uYY+n0pH46wc3iAkpMMo", 1, 0],
          [0, 0, 0, 0, 0, 0, 1, 2, 2, 1]
        ],
        [
          4,
          "normal",
          1,
          92,
          [[3, 2, false, -211, [46], 47]],
          [0, "5d8fSLgcdOEoY6SyJBUyDo", 1, 0],
          [5, 143, 137],
          [0, 0, 0, 0, 0, 0, 1, 1, 1, 2]
        ],
        [
          2,
          "feature_03_f",
          0,
          26,
          [-212],
          [0, "b0g9wX8ydEaInBxeagkI0h", 1, 0],
          [0, 0, 0, 0, 0, 0, 1, 2, 2, 1]
        ],
        [
          4,
          "normal",
          1,
          94,
          [[3, 2, false, -213, [48], 49]],
          [0, "53FmGnqWFIloeMp2De9DeF", 1, 0],
          [5, 143, 137],
          [0, 0, 0, 0, 0, 0, 1, 1, 1, 2]
        ],
        [
          2,
          "feature_03_f",
          0,
          27,
          [-214],
          [0, "51Oi6f0lhDWrv1PEm83hv5", 1, 0],
          [0, 0, 0, 0, 0, 0, 1, 2, 2, 1]
        ],
        [
          4,
          "normal",
          1,
          96,
          [[3, 2, false, -215, [50], 51]],
          [0, "des8ikDQtKjrsfozPzYAxq", 1, 0],
          [5, 143, 137],
          [0, 0, 0, 0, 0, 0, 1, 1, 1, 2]
        ],
        [
          2,
          "feature_03_f",
          0,
          28,
          [-216],
          [0, "1bVmzR5H1LP6oQrsnFf7yo", 1, 0],
          [0, 0, 0, 0, 0, 0, 1, 2, 2, 1]
        ],
        [
          4,
          "normal",
          1,
          98,
          [[3, 2, false, -217, [52], 53]],
          [0, "ed4zZoyYxIZ5nRgdVvfTUi", 1, 0],
          [5, 143, 137],
          [0, 0, 0, 0, 0, 0, 1, 1, 1, 2]
        ],
        [
          2,
          "feature_03_f",
          0,
          29,
          [-218],
          [0, "c2oTzsZ5JNPKsOkxNExyJq", 1, 0],
          [0, 0, 0, 0, 0, 0, 1, 2, 2, 1]
        ],
        [
          4,
          "normal",
          1,
          100,
          [[3, 2, false, -219, [54], 55]],
          [0, "12ah3Vne5GQoVUAoB7XSTS", 1, 0],
          [5, 143, 137],
          [0, 0, 0, 0, 0, 0, 1, 1, 1, 2]
        ],
        [11, 4, [56, 57, 58, 59, 60, 61, 62]],
        [
          2,
          "feature_03_f",
          0,
          30,
          [-220],
          [0, "7fF1eFSPxLHo667IF6bnO4", 1, 0],
          [0, 0, 0, 0, 0, 0, 1, 2, 2, 1]
        ],
        [
          7,
          "normal",
          1,
          103,
          [[3, 2, false, -221, [63], 64]],
          [0, "a4k6Nu82ZGI7Go43cNJCoy", 1, 0],
          [5, 143, 137]
        ],
        [
          2,
          "feature_03_f",
          0,
          31,
          [-222],
          [0, "d9+HKm3whPUqEbheYnWzNk", 1, 0],
          [0, 0, 0, 0, 0, 0, 1, 2, 2, 1]
        ],
        [
          4,
          "normal",
          1,
          105,
          [[3, 2, false, -223, [65], 66]],
          [0, "92nF3T3dRFnr0F3qE9pzdT", 1, 0],
          [5, 143, 137],
          [0, 0, 0, 0, 0, 0, 1, 1, 1, 2]
        ],
        [
          2,
          "feature_03_f",
          0,
          32,
          [-224],
          [0, "cdAKaLUTlEYI1+4kzbXXbu", 1, 0],
          [0, 0, 0, 0, 0, 0, 1, 2, 2, 1]
        ],
        [
          4,
          "normal",
          1,
          107,
          [[3, 2, false, -225, [67], 68]],
          [0, "92VWftgjlHV6hEu1xTMywd", 1, 0],
          [5, 143, 137],
          [0, 0, 0, 0, 0, 0, 1, 1, 1, 2]
        ],
        [
          2,
          "feature_03_f",
          0,
          33,
          [-226],
          [0, "76lvs/0o5G3ZoGkNxYmDI7", 1, 0],
          [0, 0, 0, 0, 0, 0, 1, 2, 2, 1]
        ],
        [
          4,
          "normal",
          1,
          109,
          [[3, 2, false, -227, [69], 70]],
          [0, "0dalu0wDJABb994ncGNWfE", 1, 0],
          [5, 143, 137],
          [0, 0, 0, 0, 0, 0, 1, 1, 1, 2]
        ],
        [
          2,
          "feature_03_f",
          0,
          34,
          [-228],
          [0, "3fJ/3eSnRHn6tb1mxg87Mf", 1, 0],
          [0, 0, 0, 0, 0, 0, 1, 2, 2, 1]
        ],
        [
          4,
          "normal",
          1,
          111,
          [[3, 2, false, -229, [71], 72]],
          [0, "faftjiXPFGNoXAgkLdAbvI", 1, 0],
          [5, 143, 137],
          [0, 0, 0, 0, 0, 0, 1, 1, 1, 2]
        ],
        [
          2,
          "feature_03_f",
          0,
          35,
          [-230],
          [0, "f0imn6bdRDhbK6oupqW3On", 1, 0],
          [0, 0, 0, 0, 0, 0, 1, 2, 2, 1]
        ],
        [
          4,
          "normal",
          1,
          113,
          [[3, 2, false, -231, [73], 74]],
          [0, "48YGzKLC9LDKPGWytlYp6V", 1, 0],
          [5, 143, 137],
          [0, 0, 0, 0, 0, 0, 1, 1, 1, 2]
        ],
        [
          2,
          "feature_03_f",
          0,
          36,
          [-232],
          [0, "8c1NGge+hLba7a+WeJb3BA", 1, 0],
          [0, 0, 0, 0, 0, 0, 1, 2, 2, 1]
        ],
        [
          4,
          "normal",
          1,
          115,
          [[3, 2, false, -233, [75], 76]],
          [0, "28KLFU6EpAZqa1pWBLruGM", 1, 0],
          [5, 143, 137],
          [0, 0, 0, 0, 0, 0, 1, 1, 1, 2]
        ],
        [11, 5, [77, 78, 79, 80, 81, 82, 83]],
        [
          2,
          "feature_03_f",
          0,
          37,
          [-234],
          [0, "04W34ui49JcrGS6XJoILkQ", 1, 0],
          [0, 0, 0, 0, 0, 0, 1, 2, 2, 1]
        ],
        [
          7,
          "normal",
          1,
          118,
          [[3, 2, false, -235, [84], 85]],
          [0, "b2lxnsZt1F4ISFDnYuI2Tq", 1, 0],
          [5, 143, 137]
        ],
        [
          2,
          "feature_03_f",
          0,
          38,
          [-236],
          [0, "f7EgxY5NpFF6IaRjSCTAXz", 1, 0],
          [0, 0, 0, 0, 0, 0, 1, 2, 2, 1]
        ],
        [
          4,
          "normal",
          1,
          120,
          [[3, 2, false, -237, [86], 87]],
          [0, "ce2wb32H5ICKnF9sovIMUI", 1, 0],
          [5, 143, 137],
          [0, 0, 0, 0, 0, 0, 1, 1, 1, 2]
        ],
        [
          2,
          "feature_03_f",
          0,
          39,
          [-238],
          [0, "d9TwVsAQ5K4JgQMJUW5jlI", 1, 0],
          [0, 0, 0, 0, 0, 0, 1, 2, 2, 1]
        ],
        [
          4,
          "normal",
          1,
          122,
          [[3, 2, false, -239, [88], 89]],
          [0, "f76WSmy5VFyJqeGUkAqCue", 1, 0],
          [5, 143, 137],
          [0, 0, 0, 0, 0, 0, 1, 1, 1, 2]
        ],
        [
          2,
          "feature_03_f",
          0,
          40,
          [-240],
          [0, "f0TIoAej1HebbzNBELQNHz", 1, 0],
          [0, 0, 0, 0, 0, 0, 1, 2, 2, 1]
        ],
        [
          4,
          "normal",
          1,
          124,
          [[3, 2, false, -241, [90], 91]],
          [0, "c5EXCXIqBADLEWGpXBvZVC", 1, 0],
          [5, 143, 137],
          [0, 0, 0, 0, 0, 0, 1, 1, 1, 2]
        ],
        [
          2,
          "feature_03_f",
          0,
          41,
          [-242],
          [0, "7cRTIjnidJiqubNlbGpHao", 1, 0],
          [0, 0, 0, 0, 0, 0, 1, 2, 2, 1]
        ],
        [
          4,
          "normal",
          1,
          126,
          [[3, 2, false, -243, [92], 93]],
          [0, "02++4yOPFC5qC56kLgH6xT", 1, 0],
          [5, 143, 137],
          [0, 0, 0, 0, 0, 0, 1, 1, 1, 2]
        ],
        [
          2,
          "feature_03_f",
          0,
          42,
          [-244],
          [0, "97voFIBQVN9rMbqUthnYk5", 1, 0],
          [0, 0, 0, 0, 0, 0, 1, 2, 2, 1]
        ],
        [
          4,
          "normal",
          1,
          128,
          [[3, 2, false, -245, [94], 95]],
          [0, "b4SGZRrR5KU7BbqbocB1Ev", 1, 0],
          [5, 143, 137],
          [0, 0, 0, 0, 0, 0, 1, 1, 1, 2]
        ],
        [
          2,
          "feature_03_f",
          0,
          43,
          [-246],
          [0, "49U7olbFdA/6oeeHZVtST/", 1, 0],
          [0, 0, 0, 0, 0, 0, 1, 2, 2, 1]
        ],
        [
          4,
          "normal",
          1,
          130,
          [[3, 2, false, -247, [96], 97]],
          [0, "eb5FHwORhL8q4OYnSRyLDb", 1, 0],
          [5, 143, 137],
          [0, 0, 0, 0, 0, 0, 1, 1, 1, 2]
        ],
        [11, 6, [98, 99, 100, 101, 102, 103, 104]],
        [
          2,
          "feature_03_f",
          0,
          44,
          [-248],
          [0, "6bHFGk7jBG2p3ST3p9M0wE", 1, 0],
          [0, 0, 0, 0, 0, 0, 1, 2, 2, 1]
        ],
        [
          7,
          "normal",
          1,
          133,
          [[3, 2, false, -249, [105], 106]],
          [0, "3313+393hGdLxYqz9zwDAX", 1, 0],
          [5, 143, 137]
        ],
        [
          2,
          "feature_03_f",
          0,
          45,
          [-250],
          [0, "ebD6j8sddGHZzYZewyXkQB", 1, 0],
          [0, 0, 0, 0, 0, 0, 1, 2, 2, 1]
        ],
        [
          4,
          "normal",
          1,
          135,
          [[3, 2, false, -251, [107], 108]],
          [0, "25IN/suUtPpIkQZOum11ro", 1, 0],
          [5, 143, 137],
          [0, 0, 0, 0, 0, 0, 1, 1, 1, 2]
        ],
        [
          2,
          "feature_03_f",
          0,
          46,
          [-252],
          [0, "0avQzLmdFI+LtbK+F8PMLr", 1, 0],
          [0, 0, 0, 0, 0, 0, 1, 2, 2, 1]
        ],
        [
          4,
          "normal",
          1,
          137,
          [[3, 2, false, -253, [109], 110]],
          [0, "5dZXSbdd1He5eUWto517yQ", 1, 0],
          [5, 143, 137],
          [0, 0, 0, 0, 0, 0, 1, 1, 1, 2]
        ],
        [
          2,
          "feature_03_f",
          0,
          47,
          [-254],
          [0, "1bYBIED9RMV5IzZeKXOnsx", 1, 0],
          [0, 0, 0, 0, 0, 0, 1, 2, 2, 1]
        ],
        [
          4,
          "normal",
          1,
          139,
          [[3, 2, false, -255, [111], 112]],
          [0, "f7Mdm4YaRKR7u23wt8ybtp", 1, 0],
          [5, 143, 137],
          [0, 0, 0, 0, 0, 0, 1, 1, 1, 2]
        ],
        [
          2,
          "feature_03_f",
          0,
          48,
          [-256],
          [0, "d2yrpJKy5Ag4PJJKliwEkN", 1, 0],
          [0, 0, 0, 0, 0, 0, 1, 2, 2, 1]
        ],
        [
          4,
          "normal",
          1,
          141,
          [[3, 2, false, -257, [113], 114]],
          [0, "d7pnsMV/ZNgp1A/87ukj1a", 1, 0],
          [5, 143, 137],
          [0, 0, 0, 0, 0, 0, 1, 1, 1, 2]
        ],
        [
          2,
          "feature_03_f",
          0,
          49,
          [-258],
          [0, "64SGvNrctGl67jLv/na3wg", 1, 0],
          [0, 0, 0, 0, 0, 0, 1, 2, 2, 1]
        ],
        [
          4,
          "normal",
          1,
          143,
          [[3, 2, false, -259, [115], 116]],
          [0, "38bjXKaSlLJoT7Knpm+iZd", 1, 0],
          [5, 143, 137],
          [0, 0, 0, 0, 0, 0, 1, 1, 1, 2]
        ],
        [
          2,
          "feature_03_f",
          0,
          50,
          [-260],
          [0, "30Gmu6aCNMGYx7XX9KiFa/", 1, 0],
          [0, 0, 0, 0, 0, 0, 1, 2, 2, 1]
        ],
        [
          4,
          "normal",
          1,
          145,
          [[3, 2, false, -261, [117], 118]],
          [0, "f7QFkbR81AQ4Jx813A3vTp", 1, 0],
          [5, 143, 137],
          [0, 0, 0, 0, 0, 0, 1, 1, 1, 2]
        ],
        [11, 7, [119, 120, 121, 122, 123, 124, 125]],
        [
          2,
          "feature_03_f",
          0,
          51,
          [-262],
          [0, "b6dA2gbGxPnYwj11iPJfUb", 1, 0],
          [0, 0, 0, 0, 0, 0, 1, 2, 2, 1]
        ],
        [
          7,
          "normal",
          1,
          148,
          [[3, 2, false, -263, [126], 127]],
          [0, "4dtNKSePdKQaXTRaFKhhxE", 1, 0],
          [5, 143, 137]
        ],
        [
          2,
          "feature_03_f",
          0,
          52,
          [-264],
          [0, "cd/AIFjdJAfoLQnwzazVLT", 1, 0],
          [0, 0, 0, 0, 0, 0, 1, 2, 2, 1]
        ],
        [
          4,
          "normal",
          1,
          150,
          [[3, 2, false, -265, [128], 129]],
          [0, "f8dJo/oJ9LzZs2y/8Memab", 1, 0],
          [5, 143, 137],
          [0, 0, 0, 0, 0, 0, 1, 1, 1, 2]
        ],
        [
          2,
          "feature_03_f",
          0,
          53,
          [-266],
          [0, "10zUouHhhCdo1OkGMzGbyn", 1, 0],
          [0, 0, 0, 0, 0, 0, 1, 2, 2, 1]
        ],
        [
          4,
          "normal",
          1,
          152,
          [[3, 2, false, -267, [130], 131]],
          [0, "c0uwww0dRASLDZ6VmjsIaU", 1, 0],
          [5, 143, 137],
          [0, 0, 0, 0, 0, 0, 1, 1, 1, 2]
        ],
        [
          2,
          "feature_03_f",
          0,
          54,
          [-268],
          [0, "b8oBYCXiZNkJyBP1kPYvjE", 1, 0],
          [0, 0, 0, 0, 0, 0, 1, 2, 2, 1]
        ],
        [
          4,
          "normal",
          1,
          154,
          [[3, 2, false, -269, [132], 133]],
          [0, "17VoPKi2JKhpfB/XjB0xTD", 1, 0],
          [5, 143, 137],
          [0, 0, 0, 0, 0, 0, 1, 1, 1, 2]
        ],
        [
          2,
          "feature_03_f",
          0,
          55,
          [-270],
          [0, "2fVMVwg/hAvKfweQaAHIeh", 1, 0],
          [0, 0, 0, 0, 0, 0, 1, 2, 2, 1]
        ],
        [
          4,
          "normal",
          1,
          156,
          [[3, 2, false, -271, [134], 135]],
          [0, "38jorN/AJJaJTHYQPa2WjM", 1, 0],
          [5, 143, 137],
          [0, 0, 0, 0, 0, 0, 1, 1, 1, 2]
        ],
        [
          2,
          "feature_03_f",
          0,
          56,
          [-272],
          [0, "65c8Uaxj1FrY7YlcJTJUkX", 1, 0],
          [0, 0, 0, 0, 0, 0, 1, 2, 2, 1]
        ],
        [
          4,
          "normal",
          1,
          158,
          [[3, 2, false, -273, [136], 137]],
          [0, "11Quzm7E5IebdPH9/PjqnN", 1, 0],
          [5, 143, 137],
          [0, 0, 0, 0, 0, 0, 1, 1, 1, 2]
        ],
        [
          2,
          "feature_03_f",
          0,
          57,
          [-274],
          [0, "32HXa/uC9F/rSpDSCwESr2", 1, 0],
          [0, 0, 0, 0, 0, 0, 1, 2, 2, 1]
        ],
        [
          4,
          "normal",
          1,
          160,
          [[3, 2, false, -275, [138], 139]],
          [0, "504mOuX3BHGLTc2SPzoibb", 1, 0],
          [5, 143, 137],
          [0, 0, 0, 0, 0, 0, 1, 1, 1, 2]
        ],
        [11, 8, [140, 141, 142, 143, 144, 145, 146]]
      ],
      0,
      [
        0, 3, 1, 0, -1, 72, 0, -2, 87, 0, -3, 102, 0, -4, 117, 0, -5, 132, 0,
        -6, 147, 0, -7, 162, 0, 0, 1, 0, -1, 2, 0, -2, 3, 0, -3, 4, 0, -4, 5, 0,
        -5, 6, 0, -6, 7, 0, -7, 8, 0, 0, 2, 0, -2, 72, 0, -1, 9, 0, -2, 10, 0,
        -3, 11, 0, -4, 12, 0, -5, 13, 0, -6, 14, 0, -7, 15, 0, 0, 3, 0, -2, 87,
        0, -1, 16, 0, -2, 17, 0, -3, 18, 0, -4, 19, 0, -5, 20, 0, -6, 21, 0, -7,
        22, 0, 0, 4, 0, -2, 102, 0, -1, 23, 0, -2, 24, 0, -3, 25, 0, -4, 26, 0,
        -5, 27, 0, -6, 28, 0, -7, 29, 0, 0, 5, 0, -2, 117, 0, -1, 30, 0, -2, 31,
        0, -3, 32, 0, -4, 33, 0, -5, 34, 0, -6, 35, 0, -7, 36, 0, 0, 6, 0, -2,
        132, 0, -1, 37, 0, -2, 38, 0, -3, 39, 0, -4, 40, 0, -5, 41, 0, -6, 42,
        0, -7, 43, 0, 0, 7, 0, -2, 147, 0, -1, 44, 0, -2, 45, 0, -3, 46, 0, -4,
        47, 0, -5, 48, 0, -6, 49, 0, -7, 50, 0, 0, 8, 0, -2, 162, 0, -1, 51, 0,
        -2, 52, 0, -3, 53, 0, -4, 54, 0, -5, 55, 0, -6, 56, 0, -7, 57, 0, -1,
        58, 0, 1, 9, 0, -1, 60, 0, 1, 10, 0, -1, 62, 0, 1, 11, 0, -1, 64, 0, 1,
        12, 0, -1, 66, 0, 1, 13, 0, -1, 68, 0, 1, 14, 0, -1, 70, 0, 1, 15, 0,
        -1, 73, 0, 1, 16, 0, -1, 75, 0, 1, 17, 0, -1, 77, 0, 1, 18, 0, -1, 79,
        0, 1, 19, 0, -1, 81, 0, 1, 20, 0, -1, 83, 0, 1, 21, 0, -1, 85, 0, 1, 22,
        0, -1, 88, 0, 1, 23, 0, -1, 90, 0, 1, 24, 0, -1, 92, 0, 1, 25, 0, -1,
        94, 0, 1, 26, 0, -1, 96, 0, 1, 27, 0, -1, 98, 0, 1, 28, 0, -1, 100, 0,
        1, 29, 0, -1, 103, 0, 1, 30, 0, -1, 105, 0, 1, 31, 0, -1, 107, 0, 1, 32,
        0, -1, 109, 0, 1, 33, 0, -1, 111, 0, 1, 34, 0, -1, 113, 0, 1, 35, 0, -1,
        115, 0, 1, 36, 0, -1, 118, 0, 1, 37, 0, -1, 120, 0, 1, 38, 0, -1, 122,
        0, 1, 39, 0, -1, 124, 0, 1, 40, 0, -1, 126, 0, 1, 41, 0, -1, 128, 0, 1,
        42, 0, -1, 130, 0, 1, 43, 0, -1, 133, 0, 1, 44, 0, -1, 135, 0, 1, 45, 0,
        -1, 137, 0, 1, 46, 0, -1, 139, 0, 1, 47, 0, -1, 141, 0, 1, 48, 0, -1,
        143, 0, 1, 49, 0, -1, 145, 0, 1, 50, 0, -1, 148, 0, 1, 51, 0, -1, 150,
        0, 1, 52, 0, -1, 152, 0, 1, 53, 0, -1, 154, 0, 1, 54, 0, -1, 156, 0, 1,
        55, 0, -1, 158, 0, 1, 56, 0, -1, 160, 0, 1, 57, 0, -1, 59, 0, 0, 59, 0,
        -1, 61, 0, 0, 61, 0, -1, 63, 0, 0, 63, 0, -1, 65, 0, 0, 65, 0, -1, 67,
        0, 0, 67, 0, -1, 69, 0, 0, 69, 0, -1, 71, 0, 0, 71, 0, -1, 74, 0, 0, 74,
        0, -1, 76, 0, 0, 76, 0, -1, 78, 0, 0, 78, 0, -1, 80, 0, 0, 80, 0, -1,
        82, 0, 0, 82, 0, -1, 84, 0, 0, 84, 0, -1, 86, 0, 0, 86, 0, -1, 89, 0, 0,
        89, 0, -1, 91, 0, 0, 91, 0, -1, 93, 0, 0, 93, 0, -1, 95, 0, 0, 95, 0,
        -1, 97, 0, 0, 97, 0, -1, 99, 0, 0, 99, 0, -1, 101, 0, 0, 101, 0, -1,
        104, 0, 0, 104, 0, -1, 106, 0, 0, 106, 0, -1, 108, 0, 0, 108, 0, -1,
        110, 0, 0, 110, 0, -1, 112, 0, 0, 112, 0, -1, 114, 0, 0, 114, 0, -1,
        116, 0, 0, 116, 0, -1, 119, 0, 0, 119, 0, -1, 121, 0, 0, 121, 0, -1,
        123, 0, 0, 123, 0, -1, 125, 0, 0, 125, 0, -1, 127, 0, 0, 127, 0, -1,
        129, 0, 0, 129, 0, -1, 131, 0, 0, 131, 0, -1, 134, 0, 0, 134, 0, -1,
        136, 0, 0, 136, 0, -1, 138, 0, 0, 138, 0, -1, 140, 0, 0, 140, 0, -1,
        142, 0, 0, 142, 0, -1, 144, 0, 0, 144, 0, -1, 146, 0, 0, 146, 0, -1,
        149, 0, 0, 149, 0, -1, 151, 0, 0, 151, 0, -1, 153, 0, 0, 153, 0, -1,
        155, 0, 0, 155, 0, -1, 157, 0, 0, 157, 0, -1, 159, 0, 0, 159, 0, -1,
        161, 0, 0, 161, 0, 4, 1, 275
      ],
      [
        0, 0, 0, 0, 0, 0, 0, 0, 0, 0, 0, 0, 0, 0, 0, 0, 0, 0, 0, 0, 0, 0, 0, 0,
        0, 0, 0, 0, 0, 0, 0, 0, 0, 0, 0, 0, 0, 0, 0, 0, 0, 0, 0, 0, 0, 0, 0, 0,
        0, 0, 0, 0, 0, 0, 0, 0, 0, 0, 0, 0, 0, 0, 0, 0, 0, 0, 0, 0, 0, 0, 0, 0,
        0, 0, 0, 0, 0, 0, 0, 0, 0, 0, 0, 0, 0, 0, 0, 0, 0, 0, 0, 0, 0, 0, 0, 0,
        0, 0, 0, 0, 0, 0, 0, 0, 0, 0, 0, 0, 0, 0, 0, 0, 0, 0, 0, 0, 0, 0, 0, 0,
        0, 0, 0, 0, 0, 0, 0, 0, 0, 0, 0, 0, 0, 0, 0, 0, 0, 0, 0, 0, 0, 0, 0, 0,
        0, 0, 0
      ],
      [
        -1, 2, -1, 2, -1, 2, -1, 2, -1, 2, -1, 2, -1, 2, -1, -2, -3, -4, -5, -6,
        -7, -1, 2, -1, 2, -1, 2, -1, 2, -1, 2, -1, 2, -1, 2, -1, -2, -3, -4, -5,
        -6, -7, -1, 2, -1, 2, -1, 2, -1, 2, -1, 2, -1, 2, -1, 2, -1, -2, -3, -4,
        -5, -6, -7, -1, 2, -1, 2, -1, 2, -1, 2, -1, 2, -1, 2, -1, 2, -1, -2, -3,
        -4, -5, -6, -7, -1, 2, -1, 2, -1, 2, -1, 2, -1, 2, -1, 2, -1, 2, -1, -2,
        -3, -4, -5, -6, -7, -1, 2, -1, 2, -1, 2, -1, 2, -1, 2, -1, 2, -1, 2, -1,
        -2, -3, -4, -5, -6, -7, -1, 2, -1, 2, -1, 2, -1, 2, -1, 2, -1, 2, -1, 2,
        -1, -2, -3, -4, -5, -6, -7
      ],
      [
        0, 1, 0, 1, 0, 1, 0, 1, 0, 1, 0, 1, 0, 1, 2, 3, 4, 5, 6, 7, 8, 0, 1, 0,
        1, 0, 1, 0, 1, 0, 1, 0, 1, 0, 1, 2, 3, 4, 5, 6, 7, 8, 0, 1, 0, 1, 0, 1,
        0, 1, 0, 1, 0, 1, 0, 1, 2, 3, 4, 5, 6, 7, 8, 0, 1, 0, 1, 0, 1, 0, 1, 0,
        1, 0, 1, 0, 1, 2, 3, 4, 5, 6, 7, 8, 0, 1, 0, 1, 0, 1, 0, 1, 0, 1, 0, 1,
        0, 1, 2, 3, 4, 5, 6, 7, 8, 0, 1, 0, 1, 0, 1, 0, 1, 0, 1, 0, 1, 0, 1, 2,
        3, 4, 5, 6, 7, 8, 0, 1, 0, 1, 0, 1, 0, 1, 0, 1, 0, 1, 0, 1, 2, 3, 4, 5,
        6, 7, 8
      ]
    ],
    [
      [
        [
          6,
          "f_03_7",
          0.40540540540540543,
          37,
          22,
          [{ "frame": 0.40540540540540543, "func": "onZero", "params": [] }],
          {
            "paths": {
              "visualise_slot_item_0/feature_03_f": {
                "props": {
                  "opacity": [
                    { "frame": 0.1891891891891892, "value": 0 },
                    { "frame": 0.40540540540540543, "value": 255 }
                  ]
                }
              },
              "visualise_slot_item_1/feature_03_f": {
                "props": {
                  "opacity": [
                    { "frame": 0.13513513513513514, "value": 0 },
                    { "frame": 0.2702702702702703, "value": 255 },
                    { "frame": 0.40540540540540543, "value": 0 }
                  ]
                }
              },
              "visualise_slot_item_2/feature_03_f": {
                "props": {
                  "opacity": [
                    { "frame": 0.10810810810810811, "value": 0 },
                    { "frame": 0.24324324324324326, "value": 255 },
                    { "frame": 0.3783783783783784, "value": 0 }
                  ]
                }
              },
              "visualise_slot_item_3/feature_03_f": {
                "props": {
                  "opacity": [
                    { "frame": 0.08108108108108109, "value": 0 },
                    { "frame": 0.21621621621621623, "value": 255 },
                    { "frame": 0.35135135135135137, "value": 0 }
                  ]
                }
              },
              "visualise_slot_item_4/feature_03_f": {
                "props": {
                  "opacity": [
                    { "frame": 0.05405405405405406, "value": 0 },
                    { "frame": 0.1891891891891892, "value": 255 },
                    { "frame": 0.32432432432432434, "value": 0 }
                  ]
                }
              },
              "visualise_slot_item_5/feature_03_f": {
                "props": {
                  "opacity": [
                    { "frame": 0.02702702702702703, "value": 0 },
                    { "frame": 0.16216216216216217, "value": 255 },
                    { "frame": 0.2972972972972973, "value": 0 }
                  ]
                }
              },
              "visualise_slot_item_6/feature_03_f": {
                "props": {
                  "opacity": [
                    { "frame": 0, "value": 0 },
                    { "frame": 0.13513513513513514, "value": 255 },
                    { "frame": 0.2702702702702703, "value": 0 }
                  ]
                }
              }
            }
          }
        ]
      ],
      0,
      0,
      [],
      [],
      []
    ],
    [
      [
        [
          6,
          "f_03_2",
          0.40540540540540543,
          37,
          22,
          [{ "frame": 0.40540540540540543, "func": "onZero", "params": [] }],
          {
            "paths": {
              "visualise_slot_item_1/feature_03_f": {
                "props": { "opacity": [] }
              },
              "visualise_slot_item_2/feature_03_f": {
                "props": { "opacity": [] }
              },
              "visualise_slot_item_3/feature_03_f": {
                "props": { "opacity": [] }
              },
              "visualise_slot_item_4/feature_03_f": {
                "props": { "opacity": [] }
              },
              "visualise_slot_item_5/feature_03_f": {
                "props": {
                  "opacity": [
                    { "frame": 0.02702702702702703, "value": 0 },
                    { "frame": 0.40540540540540543, "value": 255 }
                  ]
                }
              },
              "visualise_slot_item_6/feature_03_f": {
                "props": {
                  "opacity": [
                    { "frame": 0, "value": 0 },
                    { "frame": 0.13513513513513514, "value": 255 },
                    { "frame": 0.40540540540540543, "value": 0 }
                  ]
                }
              }
            }
          }
        ]
      ],
      0,
      0,
      [],
      [],
      []
    ],
    [
      [
        [
          6,
          "f_03_5",
          0.40540540540540543,
          37,
          22,
          [{ "frame": 0.40540540540540543, "func": "onZero", "params": [] }],
          {
            "paths": {
              "visualise_slot_item_1/feature_03_f": {
                "props": { "opacity": [] }
              },
              "visualise_slot_item_2/feature_03_f": {
                "props": {
                  "opacity": [
                    { "frame": 0.10810810810810811, "value": 0 },
                    { "frame": 0.40540540540540543, "value": 255 }
                  ]
                }
              },
              "visualise_slot_item_3/feature_03_f": {
                "props": {
                  "opacity": [
                    { "frame": 0.08108108108108109, "value": 0 },
                    { "frame": 0.21621621621621623, "value": 255 },
                    { "frame": 0.40540540540540543, "value": 0 }
                  ]
                }
              },
              "visualise_slot_item_4/feature_03_f": {
                "props": {
                  "opacity": [
                    { "frame": 0.05405405405405406, "value": 0 },
                    { "frame": 0.1891891891891892, "value": 255 },
                    { "frame": 0.32432432432432434, "value": 0 }
                  ]
                }
              },
              "visualise_slot_item_5/feature_03_f": {
                "props": {
                  "opacity": [
                    { "frame": 0.02702702702702703, "value": 0 },
                    { "frame": 0.16216216216216217, "value": 255 },
                    { "frame": 0.2972972972972973, "value": 0 }
                  ]
                }
              },
              "visualise_slot_item_6/feature_03_f": {
                "props": {
                  "opacity": [
                    { "frame": 0, "value": 0 },
                    { "frame": 0.13513513513513514, "value": 255 },
                    { "frame": 0.2702702702702703, "value": 0 }
                  ]
                }
              }
            }
          }
        ]
      ],
      0,
      0,
      [],
      [],
      []
    ],
    [
      [
        [
          6,
          "f_03_6",
          0.40540540540540543,
          37,
          22,
          [{ "frame": 0.40540540540540543, "func": "onZero", "params": [] }],
          {
            "paths": {
              "visualise_slot_item_1/feature_03_f": {
                "props": {
                  "opacity": [
                    { "frame": 0.13513513513513514, "value": 0 },
                    { "frame": 0.40540540540540543, "value": 255 }
                  ]
                }
              },
              "visualise_slot_item_2/feature_03_f": {
                "props": {
                  "opacity": [
                    { "frame": 0.10810810810810811, "value": 0 },
                    { "frame": 0.24324324324324326, "value": 255 },
                    { "frame": 0.40540540540540543, "value": 0 }
                  ]
                }
              },
              "visualise_slot_item_3/feature_03_f": {
                "props": {
                  "opacity": [
                    { "frame": 0.08108108108108109, "value": 0 },
                    { "frame": 0.21621621621621623, "value": 255 },
                    { "frame": 0.35135135135135137, "value": 0 }
                  ]
                }
              },
              "visualise_slot_item_4/feature_03_f": {
                "props": {
                  "opacity": [
                    { "frame": 0.05405405405405406, "value": 0 },
                    { "frame": 0.1891891891891892, "value": 255 },
                    { "frame": 0.32432432432432434, "value": 0 }
                  ]
                }
              },
              "visualise_slot_item_5/feature_03_f": {
                "props": {
                  "opacity": [
                    { "frame": 0.02702702702702703, "value": 0 },
                    { "frame": 0.16216216216216217, "value": 255 },
                    { "frame": 0.2972972972972973, "value": 0 }
                  ]
                }
              },
              "visualise_slot_item_6/feature_03_f": {
                "props": {
                  "opacity": [
                    { "frame": 0, "value": 0 },
                    { "frame": 0.13513513513513514, "value": 255 },
                    { "frame": 0.2702702702702703, "value": 0 }
                  ]
                }
              }
            }
          }
        ]
      ],
      0,
      0,
      [],
      [],
      []
    ],
    [
      [
        [
          6,
          "f_03_3",
          0.40540540540540543,
          37,
          22,
          [{ "frame": 0.40540540540540543, "func": "onZero", "params": [] }],
          {
            "paths": {
              "visualise_slot_item_1/feature_03_f": {
                "props": { "opacity": [] }
              },
              "visualise_slot_item_2/feature_03_f": {
                "props": { "opacity": [] }
              },
              "visualise_slot_item_3/feature_03_f": {
                "props": { "opacity": [] }
              },
              "visualise_slot_item_4/feature_03_f": {
                "props": {
                  "opacity": [
                    { "frame": 0.05405405405405406, "value": 0 },
                    { "frame": 0.40540540540540543, "value": 255 }
                  ]
                }
              },
              "visualise_slot_item_5/feature_03_f": {
                "props": {
                  "opacity": [
                    { "frame": 0.02702702702702703, "value": 0 },
                    { "frame": 0.16216216216216217, "value": 255 },
                    { "frame": 0.40540540540540543, "value": 0 }
                  ]
                }
              },
              "visualise_slot_item_6/feature_03_f": {
                "props": {
                  "opacity": [
                    { "frame": 0, "value": 0 },
                    { "frame": 0.13513513513513514, "value": 255 },
                    { "frame": 0.40540540540540543, "value": 0 }
                  ]
                }
              }
            }
          }
        ]
      ],
      0,
      0,
      [],
      [],
      []
    ]
  ]
]
