[
  1,
  ["74YfLQJ59AvruGvIbUDn8H"],
  0,
  [
    [
      "sp.SkeletonData",
      ["_name", "_atlasText", "textureNames", "_skeletonJson", "textures"],
      -1,
      3
    ]
  ],
  [[0, 0, 1, 2, 3, 4, 5]],
  [
    [
      0,
      "h6_gold_atlas_symbols",
      "\nsymbols.png\nsize: 512,737\nformat: RGBA8888\nfilter: Linear,Linear\nrepeat: none\nh_blue\n  rotate: 180\n  xy: 296, 156\n  size: 120, 107\n  orig: 122, 113\n  offset: 0, 1\n  index: -1\nh_blue_shadow\n  rotate: false\n  xy: 2, 356\n  size: 121, 111\n  orig: 123, 113\n  offset: 1, 1\n  index: -1\nh_brown\n  rotate: false\n  xy: 191, 20\n  size: 102, 86\n  orig: 102, 86\n  offset: 0, 0\n  index: -1\nh_brown_edge_glow\n  rotate: false\n  xy: 412, 640\n  size: 91, 95\n  orig: 95, 99\n  offset: 2, 2\n  index: -1\nh_brown_shadow\n  rotate: false\n  xy: 2, 156\n  size: 104, 87\n  orig: 106, 91\n  offset: 1, 2\n  index: -1\nh_gold_L\n  rotate: false\n  xy: 321, 10\n  size: 63, 62\n  orig: 64, 63\n  offset: 0, 0\n  index: -1\nh_gold_L2\n  rotate: false\n  xy: 243, 401\n  size: 48, 65\n  orig: 49, 66\n  offset: 0, 1\n  index: -1\nh_gold_R\n  rotate: false\n  xy: 264, 213\n  size: 38, 49\n  orig: 39, 50\n  offset: 0, 0\n  index: -1\nh_gold_edge_glow\n  rotate: false\n  xy: 300, 580\n  size: 110, 155\n  orig: 114, 159\n  offset: 2, 2\n  index: -1\nh_gold_front\n  rotate: 180\n  xy: 83, 88\n  size: 115, 110\n  orig: 115, 110\n  offset: 0, 0\n  index: -1\nh_gold_front_L\n  rotate: false\n  xy: 449, 13\n  size: 61, 57\n  orig: 61, 57\n  offset: 0, 0\n  index: -1\nh_gold_front_R\n  rotate: false\n  xy: 2, 15\n  size: 54, 51\n  orig: 54, 52\n  offset: 0, 0\n  index: -1\nh_gold_mid\n  rotate: false\n  xy: 430, 572\n  size: 63, 67\n  orig: 63, 68\n  offset: 0, 0\n  index: -1\nh_gold_mid_L\n  rotate: false\n  xy: 166, 206\n  size: 28, 39\n  orig: 29, 41\n  offset: 0, 2\n  index: -1\nh_gold_shadow\n  rotate: false\n  xy: 2, 581\n  size: 158, 154\n  orig: 160, 156\n  offset: 1, 1\n  index: -1\nh_gold_sparkle_1\n  rotate: false\n  xy: 261, 368\n  size: 27, 32\n  orig: 31, 34\n  offset: 2, 1\n  index: -1\nh_gold_sparkle_2\n  rotate: false\n  xy: 476, 355\n  size: 26, 27\n  orig: 28, 31\n  offset: 1, 2\n  index: -1\nh_gold_sparkle_3\n  rotate: false\n  xy: 135, 481\n  size: 18, 18\n  orig: 20, 21\n  offset: 1, 1\n  index: -1\nh_gold_sparkle_4\n  rotate: false\n  xy: 135, 529\n  size: 18, 19\n  orig: 20, 21\n  offset: 1, 1\n  index: -1\nh_green\n  rotate: true\n  xy: 2, 45\n  size: 107, 104\n  orig: 109, 113\n  offset: 2, 1\n  index: -1\nh_green_shadow\n  rotate: false\n  xy: 122, 245\n  size: 109, 106\n  orig: 112, 110\n  offset: 2, 2\n  index: -1\nh_purple\n  rotate: 180\n  xy: 370, 245\n  size: 123, 134\n  orig: 125, 134\n  offset: 2, 0\n  index: -1\nh_purple_edge_glow\n  rotate: true\n  xy: 2, 469\n  size: 110, 131\n  orig: 114, 133\n  offset: 2, 1\n  index: -1\nh_purple_shadow\n  rotate: true\n  xy: 162, 467\n  size: 125, 135\n  orig: 127, 137\n  offset: 1, 1\n  index: -1\nh_red_L\n  rotate: false\n  xy: 473, 483\n  size: 28, 38\n  orig: 29, 39\n  offset: 0, 1\n  index: -1\nh_red_R\n  rotate: false\n  xy: 182, 112\n  size: 30, 40\n  orig: 30, 41\n  offset: 0, 0\n  index: -1\nh_red_back\n  rotate: false\n  xy: 422, 379\n  size: 81, 105\n  orig: 82, 106\n  offset: 1, 1\n  index: -1\nh_red_back_L\n  rotate: false\n  xy: 2, 127\n  size: 26, 28\n  orig: 26, 31\n  offset: 0, 1\n  index: -1\nh_red_back_L2\n  rotate: false\n  xy: 453, 512\n  size: 49, 60\n  orig: 49, 61\n  offset: 0, 1\n  index: -1\nh_red_back_R\n  rotate: true\n  xy: 108, 207\n  size: 37, 57\n  orig: 38, 58\n  offset: 0, 0\n  index: -1\nh_red_back_R2\n  rotate: false\n  xy: 490, 618\n  size: 19, 20\n  orig: 19, 21\n  offset: 0, 1\n  index: -1\nh_red_edge_glow\n  rotate: true\n  xy: 299, 484\n  size: 94, 152\n  orig: 98, 154\n  offset: 2, 1\n  index: -1\nh_red_front\n  rotate: false\n  xy: 74, 4\n  size: 129, 69\n  orig: 129, 70\n  offset: 0, 0\n  index: -1\nh_red_front_L\n  rotate: false\n  xy: 135, 501\n  size: 19, 27\n  orig: 19, 28\n  offset: 0, 1\n  index: -1\nh_red_front_R\n  rotate: false\n  xy: 453, 488\n  size: 22, 23\n  orig: 22, 23\n  offset: 0, 0\n  index: -1\nh_red_front_mid\n  rotate: false\n  xy: 135, 550\n  size: 18, 30\n  orig: 19, 31\n  offset: 1, 0\n  index: -1\nh_red_mid_L\n  rotate: false\n  xy: 243, 381\n  size: 13, 21\n  orig: 15, 22\n  offset: 1, 1\n  index: -1\nh_red_mid_R\n  rotate: false\n  xy: 412, 600\n  size: 23, 28\n  orig: 24, 28\n  offset: 0, 0\n  index: -1\nh_red_mid_R2\n  rotate: false\n  xy: 484, 328\n  size: 25, 26\n  orig: 28, 27\n  offset: 1, 1\n  index: -1\nh_red_shadow\n  rotate: false\n  xy: 162, 594\n  size: 136, 141\n  orig: 140, 143\n  offset: 2, 1\n  index: -1\nl_club\n  rotate: 270\n  xy: 258, 60\n  size: 105, 113\n  orig: 105, 113\n  offset: 0, 0\n  index: -1\nl_club_shadow\n  rotate: true\n  xy: 299, 368\n  size: 114, 121\n  orig: 116, 125\n  offset: 1, 2\n  index: -1\nl_diamond\n  rotate: true\n  xy: 368, 40\n  size: 97, 117\n  orig: 97, 117\n  offset: 0, 0\n  index: -1\nl_diamond_shadow\n  rotate: true\n  xy: 243, 263\n  size: 103, 125\n  orig: 107, 127\n  offset: 2, 1\n  index: -1\nl_heart\n  rotate: 270\n  xy: 409, 118\n  size: 111, 100\n  orig: 111, 100\n  offset: 0, 0\n  index: -1\nl_heart_shadow\n  rotate: false\n  xy: 2, 245\n  size: 118, 109\n  orig: 122, 111\n  offset: 2, 1\n  index: -1\nl_spade\n  rotate: true\n  xy: 177, 129\n  size: 115, 122\n  orig: 115, 122\n  offset: 0, 0\n  index: -1\nl_spade_shadow\n  rotate: true\n  xy: 125, 353\n  size: 112, 116\n  orig: 114, 120\n  offset: 1, 2\n  index: -1\n",
      ["symbols.png"],
      {
        "skeleton": {
          "hash": "fQjmNrGysSUF1RuZm2pLauL6Ydk",
          "spine": "3.8.99",
          "x": -95.15,
          "y": -88.8,
          "width": 189.2,
          "height": 179.55
        },
        "bones": [
          { "name": "root", "scaleX": 0.5, "scaleY": 0.5 },
          {
            "name": "_subroot",
            "parent": "root",
            "scaleX": 1.1,
            "scaleY": 1.1
          },
          { "name": "symbol", "parent": "_subroot" },
          { "name": "gem", "parent": "symbol" },
          { "name": "ctrl", "parent": "_subroot" },
          { "name": "opp", "parent": "_subroot" },
          {
            "name": "sparkle_3",
            "parent": "symbol",
            "x": -136.95,
            "y": -15.54
          },
          { "name": "sparkle_2", "parent": "symbol", "x": -97.17, "y": 80.5 },
          { "name": "sparkle_4", "parent": "symbol", "x": 104.91, "y": 122.43 },
          { "name": "sparkle_1", "parent": "symbol", "x": 139.94, "y": -15.47 }
        ],
        "slots": [
          {
            "name": "h_gold_shadow",
            "bone": "symbol",
            "attachment": "h_gold_shadow"
          },
          {
            "name": "h_gold_edge_glow",
            "bone": "gem",
            "attachment": "h_gold_edge_glow",
            "blend": "additive"
          },
          { "name": "h_gold_R", "bone": "gem", "attachment": "h_gold_R" },
          { "name": "h_gold_L", "bone": "gem", "attachment": "h_gold_L" },
          {
            "name": "h_gold_mid_L",
            "bone": "gem",
            "attachment": "h_gold_mid_L"
          },
          { "name": "h_gold_mid", "bone": "gem", "attachment": "h_gold_mid" },
          { "name": "h_gold_L2", "bone": "gem", "attachment": "h_gold_L2" },
          {
            "name": "h_gold_front_R",
            "bone": "gem",
            "attachment": "h_gold_front_R"
          },
          {
            "name": "h_gold_front",
            "bone": "gem",
            "attachment": "h_gold_front"
          },
          {
            "name": "h_gold_front_L",
            "bone": "gem",
            "attachment": "h_gold_front_L"
          },
          {
            "name": "h_gold_sparkle_4",
            "bone": "sparkle_4",
            "color": "ffffff00",
            "attachment": "h_gold_sparkle_4"
          },
          {
            "name": "h_gold_sparkle_3",
            "bone": "sparkle_3",
            "color": "ffffff00",
            "attachment": "h_gold_sparkle_3"
          },
          {
            "name": "h_gold_sparkle_2",
            "bone": "sparkle_2",
            "color": "ffffff00",
            "attachment": "h_gold_sparkle_2"
          },
          {
            "name": "h_gold_sparkle_1",
            "bone": "sparkle_1",
            "color": "ffffff00",
            "attachment": "h_gold_sparkle_1"
          }
        ],
        "transform": [
          {
            "name": "ctrl",
            "target": "ctrl",
            "rotateMix": 0,
            "translateMix": -1,
            "scaleMix": 0,
            "shearMix": 0,
            "bones": ["opp"]
          }
        ],
        "skins": [
          {
            "name": "default",
            "attachments": {
              "h_gold_L": {
                "h_gold_L": {
                  "type": "mesh",
                  "hull": 13,
                  "uvs": [
                    0.88227, 0.81773, 0.67712, 0.95301, 0.43973, 0.99573,
                    0.11685, 0.86472, 0.153, 0.75228, 0.00561, 0.65824, 0.03905,
                    0.49636, 0.09951, 0.38899, 0.19061, 0.18666, 0.29853,
                    0.09256, 0.64156, 0.01139, 0.89068, 0.22938, 0.99159,
                    0.53851, 0.52383, 0.70084, 0.46304, 0.53566, 0.44061,
                    0.39029, 0.43077, 0.8225, 0.21773, 0.71855
                  ],
                  "triangles": [
                    2, 3, 16, 17, 16, 3, 3, 4, 17, 2, 16, 1, 16, 13, 1, 1, 13,
                    0, 16, 17, 13, 0, 13, 12, 4, 5, 17, 5, 6, 17, 6, 7, 17, 17,
                    14, 13, 14, 7, 15, 14, 17, 7, 13, 14, 12, 14, 11, 12, 14,
                    15, 11, 7, 8, 15, 8, 9, 15, 15, 10, 11, 15, 9, 10
                  ],
                  "vertices": [
                    1, 3, -43.95, -11.22, 1, 1, 3, -70.01, -28.13, 1, 1, 3,
                    -100.15, -33.47, 1, 1, 3, -141.16, -17.09, 1, 1, 3, -136.57,
                    -3.04, 1, 1, 3, -155.29, 8.72, 1, 1, 3, -151.04, 28.96, 1,
                    1, 3, -143.36, 42.38, 1, 1, 3, -131.79, 67.67, 1, 1, 3,
                    -118.09, 79.43, 1, 1, 3, -74.52, 89.58, 1, 1, 3, -42.88,
                    62.33, 1, 1, 3, -30.07, 23.69, 1, 2, 3, -89.47, 3.39, 0.95,
                    4, -89.47, 3.39, 0.05, 2, 3, -97.19, 24.04, 0.92, 4, -97.19,
                    24.04, 0.08, 2, 3, -100.04, 42.21, 0.9, 4, -100.04, 42.21,
                    0.1, 2, 3, -101.29, -11.81, 0.95, 4, -101.29, -11.81, 0.05,
                    2, 3, -128.35, 1.18, 0.95, 4, -128.35, 1.18, 0.05
                  ]
                }
              },
              "h_gold_L2": {
                "h_gold_L2": {
                  "type": "mesh",
                  "hull": 11,
                  "uvs": [
                    0.88072, 0.90217, 0.56239, 0.98234, 0.28994, 0.85327,
                    0.15231, 0.57881, 0.01285, 0.28261, 0.02386, 0.1087,
                    0.07977, 0.07473, 0.30452, 0.00001, 0.52105, 0.06521,
                    0.7853, 0.2296, 0.98348, 0.68478, 0.33485, 0.1073, 0.14217,
                    0.17933, 0.28163, 0.38724, 0.51647, 0.80385, 0.54766,
                    0.31605, 0.7697, 0.74271
                  ],
                  "triangles": [
                    2, 14, 1, 1, 16, 0, 1, 14, 16, 0, 16, 10, 2, 3, 14, 3, 13,
                    14, 14, 15, 16, 14, 13, 15, 16, 15, 10, 15, 9, 10, 3, 4, 13,
                    4, 12, 13, 13, 11, 15, 13, 12, 11, 11, 8, 15, 15, 8, 9, 4,
                    5, 12, 5, 6, 12, 12, 6, 11, 6, 7, 11, 11, 7, 8
                  ],
                  "vertices": [
                    1, 3, -20.57, -27.18, 1, 1, 3, -51.45, -37.69, 1, 1, 3,
                    -77.88, -20.78, 1, 2, 3, -91.23, 15.18, 0.948, 4, -91.23,
                    15.18, 0.052, 2, 3, -104.75, 53.98, 0.9, 4, -104.75, 53.98,
                    0.1, 2, 3, -103.69, 76.76, 0.9, 4, -103.69, 76.76, 0.1, 2,
                    3, -98.26, 81.21, 0.9, 4, -98.26, 81.21, 0.1, 2, 3, -76.46,
                    91, 0.9, 4, -76.46, 91, 0.1, 2, 3, -55.46, 82.46, 0.9, 4,
                    -55.46, 82.46, 0.1, 2, 3, -29.83, 60.92, 0.9, 4, -29.83,
                    60.92, 0.1, 1, 3, -10.6, 1.29, 1, 2, 3, -73.52, 76.94, 0.85,
                    4, -73.52, 76.94, 0.15, 2, 3, -92.21, 67.51, 0.85, 4,
                    -92.21, 67.51, 0.15, 2, 3, -78.68, 40.27, 0.87, 4, -78.68,
                    40.27, 0.13, 2, 3, -55.9, -14.3, 0.972, 4, -55.9, -14.3,
                    0.028, 2, 3, -52.88, 49.6, 0.87, 4, -52.88, 49.6, 0.13, 2,
                    3, -31.34, -6.29, 0.972, 4, -31.34, -6.29, 0.028
                  ]
                }
              },
              "h_gold_R": {
                "h_gold_R": {
                  "type": "mesh",
                  "hull": 14,
                  "uvs": [
                    0.63958, 0.87099, 0.57764, 0.97992, 0.42705, 0.95003,
                    0.23421, 0.9082, 0.01821, 0.86661, 0.10377, 0.5677, 0.19115,
                    0.28313, 0.31677, 0.09036, 0.50182, 0.01434, 0.66685,
                    0.07745, 0.82523, 0.36345, 0.75577, 0.57149, 0.97342,
                    0.69969, 0.89623, 0.93345, 0.29064, 0.26075, 0.50728,
                    0.26162, 0.64316, 0.43957, 0.73783, 0.35782, 0.66865,
                    0.20004, 0.57216, 0.3363, 0.59219, 0.20865, 0.31183,
                    0.71784, 0.5048, 0.79529, 0.41924, 0.40658
                  ],
                  "triangles": [
                    1, 2, 0, 2, 22, 0, 2, 3, 22, 13, 0, 12, 3, 21, 22, 3, 4, 21,
                    0, 11, 12, 0, 22, 11, 4, 5, 21, 22, 21, 16, 22, 16, 11, 16,
                    21, 23, 21, 5, 23, 23, 5, 6, 23, 6, 14, 11, 16, 10, 10, 16,
                    17, 23, 19, 16, 16, 19, 17, 18, 19, 20, 19, 18, 17, 23, 15,
                    19, 23, 14, 15, 18, 9, 10, 19, 15, 20, 14, 6, 7, 20, 15, 7,
                    15, 14, 7, 7, 8, 20, 20, 9, 18, 20, 8, 9, 10, 17, 18
                  ],
                  "vertices": [
                    1, 3, 107.89, 10.77, 1, 1, 3, 103.06, -0.01, 1, 1, 3, 91.31,
                    2.95, 1, 1, 3, 76.27, 7.09, 1, 1, 3, 59.42, 11.21, 1, 1, 3,
                    66.09, 40.8, 1, 1, 3, 72.91, 68.97, 1, 1, 3, 82.71, 88.05,
                    1, 1, 3, 97.14, 95.58, 1, 1, 3, 110.01, 89.33, 1, 1, 3,
                    122.37, 61.02, 1, 1, 3, 116.95, 40.42, 1, 1, 3, 133.93,
                    27.73, 1, 1, 3, 127.91, 4.59, 1, 2, 3, 80.67, 71.19, 0.9, 4,
                    80.67, 71.19, 0.1, 2, 3, 97.57, 71.1, 0.9, 4, 97.57, 71.1,
                    0.1, 2, 3, 108.17, 53.48, 0.9, 4, 108.17, 53.48, 0.1, 2, 3,
                    115.55, 61.58, 0.9, 4, 115.55, 61.58, 0.1, 2, 3, 110.15,
                    77.2, 0.9, 4, 110.15, 77.2, 0.1, 2, 3, 102.63, 63.71, 0.9,
                    4, 102.63, 63.71, 0.1, 2, 3, 104.19, 76.34, 0.9, 4, 104.19,
                    76.34, 0.1, 2, 3, 82.32, 25.93, 0.95, 4, 82.32, 25.93, 0.05,
                    2, 3, 97.37, 18.27, 0.95, 4, 97.37, 18.27, 0.05, 2, 3, 90.7,
                    56.75, 0.9, 4, 90.7, 56.75, 0.1
                  ]
                }
              },
              "h_gold_edge_glow": {
                "h_gold_edge_glow": {
                  "x": -59.5,
                  "y": 6.5,
                  "width": 227,
                  "height": 317
                }
              },
              "h_gold_front": {
                "h_gold_front": {
                  "type": "mesh",
                  "hull": 36,
                  "uvs": [
                    0.90392, 0.51922, 0.95884, 0.50149, 1, 0.52845, 0.98561,
                    0.58922, 0.92433, 0.64385, 0.92737, 0.72457, 0.84429,
                    0.79589, 0.78893, 0.78828, 0.637, 0.90201, 0.52945, 0.9335,
                    0.498, 0.96638, 0.37427, 0.99191, 0.264, 0.9979, 0.19323,
                    0.95189, 0.00437, 0.90377, 0.04256, 0.77436, 0.11868,
                    0.69463, 0.17237, 0.5936, 0.1282, 0.55183, 0.14952, 0.48914,
                    0.115, 0.45694, 0.1369, 0.38622, 0.18185, 0.34396, 0.149,
                    0.30041, 0.249, 0.08192, 0.391, 0.00945, 0.454, 0.0021,
                    0.62245, 0.12244, 0.67, 0.13968, 0.779, 0.2342, 0.735,
                    0.34242, 0.789, 0.38027, 0.75182, 0.4462, 0.67936, 0.57469,
                    0.78528, 0.51762, 0.89239, 0.45868, 0.75086, 0.74638,
                    0.5403, 0.73896, 0.346, 0.32571, 0.68461, 0.33861, 0.52416,
                    0.44636, 0.34237, 0.46995, 0.72, 0.2542, 0.44997, 0.24374,
                    0.49849, 0.05685, 0.40657, 0.13175, 0.32757, 0.09184,
                    0.26557, 0.39116, 0.23157, 0.47097, 0.71657, 0.40376,
                    0.35157, 0.70097, 0.62557, 0.42581, 0.31057, 0.54974,
                    0.5753, 0.6217, 0.18464, 0.7226, 0.31893, 0.78244, 0.3481,
                    0.87433, 0.26739, 0.84655, 0.2233, 0.89499, 0.1826, 0.80167,
                    0.27688, 0.9071, 0.45124, 0.82198, 0.48673, 0.80862,
                    0.41843, 0.72283, 0.39634, 0.79878, 0.40839, 0.88527,
                    0.45794, 0.8705, 0.79466, 0.65085, 0.91365, 0.58063,
                    0.83981, 0.56225, 0.35155, 0.63399, 0.48012, 0.33766,
                    0.62112, 0.66685, 0.61708, 0.84031, 0.54132, 0.87919
                  ],
                  "triangles": [
                    12, 13, 60, 12, 60, 11, 60, 13, 58, 10, 65, 66, 10, 11, 65,
                    60, 56, 11, 11, 56, 65, 10, 66, 9, 13, 14, 59, 14, 15, 59,
                    13, 59, 58, 9, 74, 8, 9, 66, 74, 58, 57, 60, 60, 57, 56, 74,
                    73, 8, 7, 73, 36, 7, 8, 73, 58, 59, 57, 56, 64, 65, 65, 61,
                    66, 65, 64, 61, 66, 62, 74, 73, 74, 37, 57, 55, 56, 56, 55,
                    64, 66, 61, 62, 57, 59, 55, 74, 62, 37, 73, 72, 36, 73, 37,
                    72, 62, 61, 63, 61, 64, 63, 62, 63, 37, 15, 16, 59, 59, 54,
                    55, 59, 16, 54, 55, 50, 64, 64, 50, 63, 7, 67, 6, 5, 67, 4,
                    5, 6, 67, 4, 69, 68, 4, 67, 69, 7, 36, 67, 55, 54, 50, 36,
                    72, 67, 67, 72, 33, 37, 53, 72, 37, 63, 53, 53, 63, 70, 16,
                    17, 54, 54, 70, 50, 70, 17, 52, 70, 54, 17, 63, 50, 70, 72,
                    53, 33, 33, 34, 67, 67, 34, 69, 4, 68, 3, 52, 41, 70, 70,
                    40, 53, 70, 41, 40, 53, 51, 33, 53, 40, 51, 18, 19, 17, 17,
                    48, 52, 17, 19, 48, 2, 3, 1, 69, 0, 68, 3, 68, 1, 68, 0, 1,
                    32, 51, 49, 32, 33, 51, 0, 69, 35, 52, 48, 41, 69, 34, 35,
                    48, 19, 21, 19, 20, 21, 21, 22, 48, 48, 47, 41, 48, 22, 47,
                    41, 71, 40, 41, 38, 71, 41, 47, 38, 40, 71, 51, 32, 49, 31,
                    51, 71, 39, 51, 39, 49, 42, 39, 27, 27, 39, 71, 49, 30, 31,
                    49, 39, 30, 47, 22, 38, 38, 24, 46, 23, 24, 38, 38, 22, 23,
                    39, 42, 30, 30, 42, 29, 42, 27, 28, 38, 43, 71, 71, 43, 27,
                    38, 45, 43, 38, 46, 45, 42, 28, 29, 43, 44, 27, 43, 45, 44,
                    46, 25, 45, 45, 26, 44, 45, 25, 26, 46, 24, 25, 27, 44, 26
                  ],
                  "vertices": [
                    1, 3, 123.9, -46.71, 1, 1, 3, 136.53, -42.83, 1, 1, 3, 146,
                    -48.73, 1, 1, 3, 142.69, -62.04, 1, 1, 3, 128.6, -74, 1, 1,
                    3, 129.3, -91.68, 1, 1, 3, 110.19, -107.3, 1, 1, 3, 97.45,
                    -105.63, 1, 1, 3, 62.51, -130.54, 1, 1, 3, 37.77, -137.44,
                    1, 1, 3, 30.54, -144.64, 1, 1, 3, 2.08, -150.23, 1, 1, 3,
                    -23.28, -151.54, 1, 1, 3, -39.56, -141.46, 1, 1, 3, -83,
                    -130.93, 1, 1, 3, -74.21, -102.59, 1, 1, 3, -56.7, -85.12,
                    1, 2, 3, -44.35, -63, 0.9, 4, -44.35, -63, 0.1, 2, 3,
                    -54.51, -53.85, 0.9, 4, -54.51, -53.85, 0.1, 2, 3, -49.61,
                    -40.12, 0.9, 4, -49.61, -40.12, 0.1, 2, 3, -57.55, -33.07,
                    0.9, 4, -57.55, -33.07, 0.1, 2, 3, -52.51, -17.58, 0.9, 4,
                    -52.51, -17.58, 0.1, 2, 3, -42.17, -8.33, 0.9, 4, -42.17,
                    -8.33, 0.1, 2, 3, -49.73, 1.21, 0.9, 4, -49.73, 1.21, 0.1,
                    2, 3, -26.73, 49.06, 0.9, 4, -26.73, 49.06, 0.1, 2, 3, 5.93,
                    64.93, 0.9, 4, 5.93, 64.93, 0.1, 2, 3, 20.42, 66.54, 0.9, 4,
                    20.42, 66.54, 0.1, 2, 3, 59.16, 40.19, 0.9, 4, 59.16, 40.19,
                    0.1, 2, 3, 70.1, 36.41, 0.9, 4, 70.1, 36.41, 0.1, 2, 3,
                    95.17, 15.71, 0.9, 4, 95.17, 15.71, 0.1, 2, 3, 85.05, -7.99,
                    0.9, 4, 85.05, -7.99, 0.1, 2, 3, 97.47, -16.28, 0.9, 4,
                    97.47, -16.28, 0.1, 2, 3, 88.92, -30.72, 0.9, 4, 88.92,
                    -30.72, 0.1, 1, 3, 72.25, -58.86, 1, 1, 3, 96.61, -46.36, 1,
                    1, 3, 121.25, -33.45, 1, 2, 3, 88.7, -96.46, 0.95, 4, 88.7,
                    -96.46, 0.05, 2, 3, 40.27, -94.83, 0.95, 4, 40.27, -94.83,
                    0.05, 2, 3, -4.42, -4.33, 0.88, 4, -4.42, -4.33, 0.12, 2, 3,
                    73.46, -7.16, 0.9, 4, 73.46, -7.16, 0.1, 2, 3, 36.56,
                    -30.75, 0.9, 4, 36.56, -30.75, 0.1, 2, 3, -5.26, -35.92,
                    0.9, 4, -5.26, -35.92, 0.1, 2, 3, 81.6, 11.33, 0.88, 4,
                    81.6, 11.33, 0.12, 2, 3, 19.49, 13.62, 0.85, 4, 19.49,
                    13.62, 0.15, 2, 3, 30.65, 54.55, 0.85, 4, 30.65, 54.55,
                    0.15, 2, 3, 9.51, 38.15, 0.85, 4, 9.51, 38.15, 0.15, 2, 3,
                    -8.66, 46.89, 0.85, 4, -8.66, 46.89, 0.15, 2, 3, -22.92,
                    -18.66, 0.9, 4, -22.92, -18.66, 0.1, 2, 3, -30.74, -36.14,
                    0.9, 4, -30.74, -36.14, 0.1, 2, 3, 80.81, -21.42, 0.9, 4,
                    80.81, -21.42, 0.1, 2, 3, -3.14, -86.51, 0.95, 4, -3.14,
                    -86.51, 0.05, 2, 3, 59.88, -26.25, 0.9, 4, 59.88, -26.25,
                    0.1, 2, 3, -12.57, -53.39, 0.9, 4, -12.57, -53.39, 0.1, 2,
                    3, 48.32, -69.15, 0.93, 4, 48.32, -69.15, 0.07, 2, 3,
                    -41.53, -91.25, 0.95, 4, -41.53, -91.25, 0.05, 2, 3, -10.65,
                    -104.35, 0.95, 4, -10.65, -104.35, 0.05, 2, 3, -3.94,
                    -124.48, 0.95, 4, -3.94, -124.48, 0.05, 2, 3, -22.5,
                    -118.39, 0.92, 4, -22.5, -118.39, 0.08, 2, 3, -32.64, -129,
                    0.95, 4, -32.64, -129, 0.05, 2, 3, -42, -108.57, 0.95, 4,
                    -42, -108.57, 0.05, 2, 3, -20.32, -131.65, 0.92, 4, -20.32,
                    -131.65, 0.08, 2, 3, 19.79, -113.01, 0.92, 4, 19.79,
                    -113.01, 0.08, 2, 3, 27.95, -110.09, 0.95, 4, 27.95,
                    -110.09, 0.05, 2, 3, 12.24, -91.3, 0.95, 4, 12.24, -91.3,
                    0.05, 2, 3, 7.16, -107.93, 0.95, 4, 7.16, -107.93, 0.05, 2,
                    3, 9.93, -126.87, 0.92, 4, 9.93, -126.87, 0.08, 2, 3, 21.33,
                    -123.64, 0.95, 4, 21.33, -123.64, 0.05, 2, 3, 98.77, -75.54,
                    0.95, 4, 98.77, -75.54, 0.05, 2, 3, 126.14, -60.16, 0.95, 4,
                    126.14, -60.16, 0.05, 2, 3, 109.16, -56.13, 0.95, 4, 109.16,
                    -56.13, 0.05, 2, 3, -3.14, -71.84, 0.9257, 4, -3.14, -71.84,
                    0.0743, 2, 3, 26.43, -6.95, 0.87349, 4, 26.43, -6.95,
                    0.12651, 2, 3, 58.86, -79.04, 0.93718, 4, 58.86, -79.04,
                    0.06282, 2, 3, 57.93, -117.03, 0.95, 4, 57.93, -117.03,
                    0.05, 1, 3, 40.5, -125.54, 1
                  ]
                }
              },
              "h_gold_front_L": {
                "h_gold_front_L": {
                  "type": "mesh",
                  "hull": 17,
                  "uvs": [
                    0.95354, 0.53747, 0.86623, 0.6185, 0.87078, 0.68595,
                    0.66791, 0.875, 0.60854, 0.98421, 0.46611, 0.98421, 0.17074,
                    0.74402, 0.0754, 0.66649, 0.00377, 0.51733, 0.08494,
                    0.29846, 0.15954, 0.09733, 0.26801, 0.004, 0.54875, 0.01508,
                    0.63756, 0.02107, 0.85048, 0.18132, 0.95101, 0.22933, 1,
                    0.40533, 0.51171, 0.78903, 0.16752, 0.61067, 0.81295,
                    0.20307, 0.2655, 0.184, 0.63018, 0.56082, 0.21547, 0.39891,
                    0.57009, 0.18953, 0.66311, 0.78071, 0.63583, 0.86097
                  ],
                  "triangles": [
                    20, 10, 11, 20, 11, 12, 23, 12, 13, 19, 23, 13, 20, 12, 23,
                    14, 19, 13, 9, 10, 20, 22, 9, 20, 8, 9, 22, 16, 19, 15, 21,
                    23, 19, 19, 14, 15, 0, 1, 21, 18, 8, 22, 21, 19, 0, 16, 0,
                    19, 7, 8, 18, 17, 6, 18, 7, 18, 6, 24, 21, 1, 24, 1, 2, 22,
                    23, 21, 23, 22, 20, 17, 21, 24, 21, 18, 22, 21, 17, 18, 25,
                    17, 24, 3, 24, 2, 25, 24, 3, 5, 6, 17, 5, 17, 25, 4, 5, 25,
                    4, 25, 3
                  ],
                  "vertices": [
                    1, 3, -33.62, -78.27, 1, 1, 3, -44.19, -87.51, 1, 1, 3,
                    -43.64, -95.2, 1, 1, 3, -68.18, -116.75, 1, 1, 3, -75.37,
                    -129.2, 1, 1, 3, -92.6, -129.2, 1, 1, 3, -128.34, -101.82,
                    1, 1, 3, -139.88, -92.98, 1, 1, 3, -148.54, -75.98, 1, 1, 3,
                    -138.72, -51.02, 1, 1, 3, -129.7, -28.1, 1, 1, 3, -116.57,
                    -17.46, 1, 1, 3, -82.6, -18.72, 1, 1, 3, -71.86, -19.4, 1,
                    1, 3, -46.09, -37.67, 1, 1, 3, -33.93, -43.14, 1, 1, 3, -28,
                    -63.21, 1, 2, 3, -87.08, -106.95, 0.94, 4, -87.08, -106.95,
                    0.06, 2, 3, -128.73, -86.62, 0.9, 4, -128.73, -86.62, 0.1,
                    2, 3, -50.63, -40.15, 0.9, 4, -50.63, -40.15, 0.1, 2, 3,
                    -116.87, -37.98, 0.9, 4, -116.87, -37.98, 0.1, 2, 3, -72.75,
                    -80.93, 0.94, 4, -72.75, -80.93, 0.06, 2, 3, -122.93,
                    -62.48, 0.9, 4, -122.93, -62.48, 0.1, 2, 3, -80.02, -38.61,
                    0.9, 4, -80.02, -38.61, 0.1, 2, 3, -68.76, -106, 0.95, 4,
                    -68.76, -106, 0.05, 2, 3, -72.06, -115.15, 0.95, 4, -72.06,
                    -115.15, 0.05
                  ]
                }
              },
              "h_gold_front_R": {
                "h_gold_front_R": {
                  "type": "mesh",
                  "hull": 12,
                  "uvs": [
                    0.97594, 0.15226, 1, 0.36179, 0.55536, 0.76957, 0.31668,
                    0.98847, 0.16845, 0.95434, 0.06533, 0.88863, 0.01295,
                    0.79431, 0.15267, 0.50622, 0.41105, 0.01538, 0.58895,
                    0.05382, 0.72243, 0.02691, 0.90008, 0.01173, 0.70738,
                    0.25587, 0.46287, 0.23664, 0.83381, 0.18917, 0.85047,
                    0.31989, 0.72834, 0.33912, 0.40451, 0.67552, 0.26387,
                    0.58133
                  ],
                  "triangles": [
                    14, 10, 11, 14, 11, 0, 13, 8, 9, 12, 9, 10, 12, 10, 14, 13,
                    9, 12, 15, 14, 0, 12, 14, 15, 16, 12, 15, 15, 0, 1, 7, 8,
                    13, 18, 7, 13, 17, 18, 13, 16, 17, 13, 16, 13, 12, 2, 17,
                    16, 2, 16, 15, 2, 15, 1, 6, 7, 18, 5, 6, 18, 4, 5, 18, 4,
                    18, 17, 3, 4, 17, 3, 17, 2
                  ],
                  "vertices": [
                    1, 3, 153.43, 14.32, 1, 1, 3, 156, -7.26, 1, 1, 3, 108.42,
                    -49.27, 1, 1, 3, 82.88, -71.81, 1, 1, 3, 67.02, -68.3, 1, 1,
                    3, 55.99, -61.53, 1, 1, 3, 50.39, -51.81, 1, 1, 3, 65.34,
                    -22.14, 1, 1, 3, 92.98, 28.42, 1, 1, 3, 112.02, 24.46, 1, 1,
                    3, 126.3, 27.23, 1, 1, 3, 145.31, 28.79, 1, 2, 3, 124.69,
                    3.65, 0.9, 4, 124.69, 3.65, 0.1, 2, 3, 98.53, 5.63, 0.9, 4,
                    98.53, 5.63, 0.1, 2, 3, 138.22, 10.51, 0.9, 4, 138.22,
                    10.51, 0.1, 2, 3, 140, -2.95, 0.9, 4, 140, -2.95, 0.1, 2, 3,
                    126.93, -4.93, 0.9, 4, 126.93, -4.93, 0.1, 2, 3, 92.28,
                    -39.58, 0.95, 4, 92.28, -39.58, 0.05, 2, 3, 77.23, -29.88,
                    0.95, 4, 77.23, -29.88, 0.05
                  ]
                }
              },
              "h_gold_mid": {
                "h_gold_mid": {
                  "type": "mesh",
                  "hull": 17,
                  "uvs": [
                    0.931, 0.75331, 0.87714, 0.99618, 0.80114, 0.97992, 0.71097,
                    0.96063, 0.64884, 0.94734, 0.48193, 0.91163, 0.37381,
                    0.8885, 0.24397, 0.88065, 0, 0.84455, 0.06488, 0.57441,
                    0.12667, 0.31151, 0.34781, 0.13493, 0.52619, 0.00782,
                    0.66162, 0.01173, 0.8105, 0.15779, 0.95286, 0.27369,
                    0.99162, 0.47991, 0.74514, 0.56107, 0.57029, 0.35893,
                    0.92978, 0.42533, 0.8034, 0.38507, 0.71082, 0.21227,
                    0.66968, 0.10827, 0.62682, 0.07787, 0.48282, 0.09387,
                    0.43654, 0.13547, 0.47073, 0.39493, 0.37587, 0.30916,
                    0.46054, 0.22507, 0.85551, 0.26448, 0.90789, 0.27524,
                    0.77064, 0.71583, 0.89051, 0.60964, 0.80721, 0.51767,
                    0.69851, 0.70446, 0.52784, 0.66748, 0.40695, 0.64662,
                    0.29115, 0.6286, 0.91489, 0.50535, 0.79502, 0.58404,
                    0.85495, 0.74049, 0.59872, 0.21846
                  ],
                  "triangles": [
                    0, 1, 40, 40, 1, 2, 2, 3, 40, 4, 34, 3, 3, 31, 40, 3, 34,
                    31, 4, 5, 34, 5, 35, 34, 5, 6, 35, 7, 37, 6, 6, 36, 35, 6,
                    37, 36, 7, 8, 37, 8, 9, 37, 40, 32, 0, 0, 32, 16, 16, 32,
                    38, 40, 31, 32, 31, 39, 32, 31, 34, 39, 34, 35, 17, 34, 17,
                    39, 17, 35, 18, 17, 18, 20, 21, 20, 18, 36, 26, 35, 35, 26,
                    18, 36, 37, 26, 9, 10, 37, 37, 27, 26, 37, 10, 27, 39, 33,
                    32, 32, 33, 38, 39, 17, 33, 17, 20, 33, 21, 18, 41, 38, 33,
                    19, 38, 19, 16, 19, 33, 20, 19, 15, 16, 20, 30, 19, 19, 30,
                    15, 18, 26, 28, 20, 29, 30, 20, 21, 29, 26, 27, 28, 18, 28,
                    41, 10, 11, 27, 28, 11, 25, 28, 27, 11, 15, 30, 14, 21, 14,
                    29, 14, 30, 29, 41, 28, 24, 28, 25, 24, 41, 22, 21, 41, 23,
                    22, 41, 24, 23, 21, 22, 14, 25, 11, 24, 24, 11, 12, 23, 13,
                    22, 14, 22, 13, 24, 12, 23, 23, 12, 13
                  ],
                  "vertices": [
                    1, 3, 82.31, 49.3, 1, 1, 3, 75.52, 16.52, 1, 2, 3, 65.94,
                    18.71, 0.9, 4, 65.94, 18.71, 0.1, 2, 3, 54.58, 21.31, 0.9,
                    4, 54.58, 21.31, 0.1, 2, 3, 46.75, 23.11, 0.9, 4, 46.75,
                    23.11, 0.1, 2, 3, 25.72, 27.93, 0.9, 4, 25.72, 27.93, 0.1,
                    2, 3, 12.1, 31.05, 0.9, 4, 12.1, 31.05, 0.1, 2, 3, -4.26,
                    32.11, 0.9, 4, -4.26, 32.11, 0.1, 1, 3, -35, 36.99, 1, 1, 3,
                    -26.82, 73.46, 1, 1, 3, -19.04, 108.95, 1, 1, 3, 8.82,
                    132.78, 1, 1, 3, 31.3, 149.94, 1, 1, 3, 48.36, 149.42, 1, 1,
                    3, 67.12, 129.7, 1, 1, 3, 85.06, 114.05, 1, 1, 3, 89.94,
                    86.21, 1, 2, 3, 58.89, 75.26, 0.85, 4, 58.89, 75.26, 0.15,
                    2, 3, 36.86, 102.54, 0.85, 4, 36.86, 102.54, 0.15, 2, 3,
                    82.15, 93.58, 0.9, 4, 82.15, 93.58, 0.1, 2, 3, 66.23, 99.02,
                    0.85, 4, 66.23, 99.02, 0.15, 2, 3, 54.56, 122.34, 0.85, 4,
                    54.56, 122.34, 0.15, 2, 3, 49.38, 136.38, 0.85, 4, 49.38,
                    136.38, 0.15, 2, 3, 43.98, 140.49, 0.85, 4, 43.98, 140.49,
                    0.15, 2, 3, 25.84, 138.33, 0.85, 4, 25.84, 138.33, 0.15, 2,
                    3, 20, 132.71, 0.85, 4, 20, 132.71, 0.15, 2, 3, 24.31,
                    97.68, 0.85, 4, 24.31, 97.68, 0.15, 2, 3, 12.36, 109.26,
                    0.85, 4, 12.36, 109.26, 0.15, 2, 3, 23.03, 120.62, 0.85, 4,
                    23.03, 120.62, 0.15, 2, 3, 72.79, 115.29, 0.85, 4, 72.79,
                    115.29, 0.15, 2, 3, 79.39, 113.84, 0.9, 4, 79.39, 113.84,
                    0.1, 2, 3, 62.1, 54.36, 0.868, 4, 62.1, 54.36, 0.132, 2, 3,
                    77.2, 68.7, 0.9, 4, 77.2, 68.7, 0.1, 2, 3, 66.71, 81.11,
                    0.85, 4, 66.71, 81.11, 0.15, 2, 3, 53.01, 55.9, 0.868, 4,
                    53.01, 55.9, 0.132, 2, 3, 31.51, 60.89, 0.868, 4, 31.51,
                    60.89, 0.132, 2, 3, 16.28, 63.71, 0.868, 4, 16.28, 63.71,
                    0.132, 2, 3, 1.68, 66.14, 0.868, 4, 1.68, 66.14, 0.132, 2,
                    3, 80.28, 82.78, 0.9, 4, 80.28, 82.78, 0.1, 2, 3, 65.17,
                    72.15, 0.85, 4, 65.17, 72.15, 0.15, 2, 3, 72.72, 51.03, 0.9,
                    4, 72.72, 51.03, 0.1, 2, 3, 40.44, 121.51, 0.85, 4, 40.44,
                    121.51, 0.15
                  ]
                }
              },
              "h_gold_mid_L": {
                "h_gold_mid_L": {
                  "type": "mesh",
                  "hull": 10,
                  "uvs": [
                    0.97179, 0.93954, 0.67632, 0.93463, 0.04467, 0.91339,
                    0.03291, 0.55554, 0.05877, 0.26143, 0.04937, 0.13237,
                    0.24375, 0.01471, 0.64032, 0.03759, 0.80253, 0.17155,
                    0.8754, 0.53594, 0.55642, 0.53267, 0.51411, 0.12089
                  ],
                  "triangles": [
                    1, 9, 0, 2, 10, 1, 1, 10, 9, 2, 3, 10, 3, 4, 10, 10, 8, 9,
                    4, 11, 10, 10, 11, 8, 11, 5, 6, 11, 4, 5, 11, 7, 8, 11, 6, 7
                  ],
                  "vertices": [
                    1, 3, -4.61, 41.96, 1, 1, 3, -21.45, 42.36, 1, 1, 3, -57.45,
                    44.1, 1, 1, 3, -58.12, 73.45, 1, 1, 3, -56.65, 97.56, 1, 1,
                    3, -57.19, 108.15, 1, 1, 3, -46.11, 117.79, 1, 1, 3, -23.5,
                    115.92, 1, 1, 3, -14.26, 104.93, 1, 1, 3, -10.1, 75.05, 1,
                    2, 3, -28.28, 75.32, 0.93, 4, -28.28, 75.32, 0.07, 2, 3,
                    -30.7, 109.09, 0.85, 4, -30.7, 109.09, 0.15
                  ]
                }
              },
              "h_gold_shadow": {
                "h_gold_shadow": {
                  "x": 5.45,
                  "y": -5.45,
                  "width": 320,
                  "height": 312
                }
              },
              "h_gold_sparkle_1": {
                "h_gold_sparkle_1": {
                  "x": 0.56,
                  "y": -0.53,
                  "width": 61,
                  "height": 68
                }
              },
              "h_gold_sparkle_2": {
                "h_gold_sparkle_2": {
                  "x": 0.17,
                  "y": -1,
                  "width": 56,
                  "height": 61
                }
              },
              "h_gold_sparkle_3": {
                "h_gold_sparkle_3": {
                  "x": -0.05,
                  "y": -0.46,
                  "width": 40,
                  "height": 42
                }
              },
              "h_gold_sparkle_4": {
                "h_gold_sparkle_4": {
                  "x": -0.91,
                  "y": -0.43,
                  "width": 40,
                  "height": 42
                }
              }
            }
          }
        ],
        "animations": {
          "spawn": {
            "slots": {
              "h_gold_sparkle_1": {
                "color": [
                  {
                    "time": 0.1333,
                    "color": "ffffff00",
                    "curve": 0.25,
                    "c3": 0.75
                  },
                  {
                    "time": 0.3,
                    "color": "ffffffff",
                    "curve": 0.25,
                    "c3": 0.75
                  },
                  { "time": 0.5, "color": "ffffff00" }
                ]
              },
              "h_gold_sparkle_2": {
                "color": [
                  {
                    "time": 0.0333,
                    "color": "ffffff00",
                    "curve": 0.25,
                    "c3": 0.75
                  },
                  {
                    "time": 0.2,
                    "color": "ffffffff",
                    "curve": 0.25,
                    "c3": 0.75
                  },
                  { "time": 0.3667, "color": "ffffff00" }
                ]
              },
              "h_gold_sparkle_3": {
                "color": [
                  { "color": "ffffff00", "curve": 0.25, "c3": 0.75 },
                  {
                    "time": 0.1667,
                    "color": "ffffffff",
                    "curve": 0.25,
                    "c3": 0.75
                  },
                  { "time": 0.3333, "color": "ffffff00" }
                ]
              },
              "h_gold_sparkle_4": {
                "color": [
                  {
                    "time": 0.0667,
                    "color": "ffffff00",
                    "curve": 0.25,
                    "c3": 0.75
                  },
                  {
                    "time": 0.2333,
                    "color": "ffffffff",
                    "curve": 0.25,
                    "c3": 0.75
                  },
                  { "time": 0.4, "color": "ffffff00" }
                ]
              }
            },
            "bones": {
              "gem": {
                "rotate": [
                  { "curve": 0.25, "c3": 0.75 },
                  { "time": 0.0667, "angle": -1, "curve": 0.25, "c3": 0.75 },
                  { "time": 0.2333, "angle": 1, "curve": 0.25, "c3": 0.444 },
                  { "time": 0.4, "angle": -1, "curve": 0.25, "c3": 0.481 },
                  { "time": 0.5 }
                ],
                "translate": [
                  { "curve": 0.397, "c2": 0.51, "c3": 0.75 },
                  { "time": 0.0333, "y": -5, "curve": 0.25, "c3": 0.75 },
                  { "time": 0.1333, "y": 2, "curve": 0.25, "c3": 0.444 },
                  { "time": 0.3, "y": -1, "curve": 0.25, "c3": 0.481 },
                  { "time": 0.5 }
                ]
              },
              "ctrl": {
                "translate": [
                  { "curve": 0.25, "c3": 0.75 },
                  { "time": 0.0667, "y": 10, "curve": 0.25, "c3": 0.75 },
                  { "time": 0.2667, "y": -20, "curve": 0.25, "c3": 0.75 },
                  { "time": 0.5 }
                ]
              },
              "sparkle_4": {
                "rotate": [
                  { "time": 0.0667, "curve": 0.25, "c3": 0.75 },
                  { "time": 0.4, "angle": -60 }
                ]
              },
              "sparkle_3": {
                "rotate": [
                  { "curve": 0.25, "c3": 0.75 },
                  { "time": 0.3333, "angle": -60 }
                ]
              },
              "sparkle_2": {
                "rotate": [
                  { "time": 0.0333, "curve": 0.25, "c3": 0.75 },
                  { "time": 0.3667, "angle": -60 }
                ]
              },
              "sparkle_1": {
                "rotate": [
                  { "time": 0.1333, "curve": 0.25, "c3": 0.75 },
                  { "time": 0.5, "angle": -60 }
                ]
              }
            }
          },
          "win": {
            "slots": {
              "h_gold_sparkle_1": {
                "color": [
                  {
                    "time": 0.1333,
                    "color": "ffffff00",
                    "curve": 0.25,
                    "c3": 0.75
                  },
                  {
                    "time": 0.3,
                    "color": "ffffffff",
                    "curve": 0.25,
                    "c3": 0.75
                  },
                  { "time": 0.5, "color": "ffffff00" }
                ]
              },
              "h_gold_sparkle_2": {
                "color": [
                  {
                    "time": 0.0333,
                    "color": "ffffff00",
                    "curve": 0.25,
                    "c3": 0.75
                  },
                  {
                    "time": 0.2,
                    "color": "ffffffff",
                    "curve": 0.25,
                    "c3": 0.75
                  },
                  { "time": 0.3667, "color": "ffffff00" }
                ]
              },
              "h_gold_sparkle_3": {
                "color": [
                  { "color": "ffffff00", "curve": 0.25, "c3": 0.75 },
                  {
                    "time": 0.1667,
                    "color": "ffffffff",
                    "curve": 0.25,
                    "c3": 0.75
                  },
                  { "time": 0.3333, "color": "ffffff00" }
                ]
              },
              "h_gold_sparkle_4": {
                "color": [
                  {
                    "time": 0.0667,
                    "color": "ffffff00",
                    "curve": 0.25,
                    "c3": 0.75
                  },
                  {
                    "time": 0.2333,
                    "color": "ffffffff",
                    "curve": 0.25,
                    "c3": 0.75
                  },
                  { "time": 0.4, "color": "ffffff00" }
                ]
              }
            },
            "bones": {
              "ctrl": {
                "translate": [
                  { "curve": 0.25, "c3": 0.75 },
                  {
                    "time": 0.0667,
                    "x": -25,
                    "y": 25,
                    "curve": 0.25,
                    "c3": 0.75
                  },
                  {
                    "time": 0.2667,
                    "x": 35,
                    "y": -35,
                    "curve": 0.25,
                    "c3": 0.75
                  },
                  { "time": 0.5 }
                ]
              },
              "gem": {
                "rotate": [
                  { "curve": 0.25, "c3": 0.75 },
                  { "time": 0.1, "angle": -3.51, "curve": 0.25, "c3": 0.75 },
                  { "time": 0.3, "angle": 2.21, "curve": 0.25, "c3": 0.75 },
                  { "time": 0.3667, "angle": -1.59, "curve": 0.25, "c3": 0.75 },
                  { "time": 0.5 }
                ],
                "translate": [
                  { "curve": 0.385, "c2": 0.49, "c3": 0.75 },
                  { "time": 0.0333, "y": -7, "curve": 0.25, "c3": 0.75 },
                  {
                    "time": 0.1667,
                    "x": 0.33,
                    "y": 12.99,
                    "curve": 0.25,
                    "c3": 0.75
                  },
                  { "time": 0.2667, "y": -2, "curve": 0.25, "c3": 0.75 },
                  { "time": 0.4 }
                ],
                "scale": [
                  { "curve": 0.25, "c3": 0.75 },
                  {
                    "time": 0.1667,
                    "x": 1.07,
                    "y": 1.07,
                    "curve": 0.25,
                    "c3": 0.55
                  },
                  {
                    "time": 0.3,
                    "x": 0.99,
                    "y": 0.99,
                    "curve": 0.25,
                    "c3": 0.55
                  },
                  {
                    "time": 0.4333,
                    "x": 1.003,
                    "y": 1.003,
                    "curve": 0.25,
                    "c3": 0.615
                  },
                  { "time": 0.5 }
                ]
              },
              "sparkle_3": {
                "rotate": [
                  { "curve": 0.25, "c3": 0.75 },
                  { "time": 0.3333, "angle": -60 }
                ]
              },
              "sparkle_2": {
                "rotate": [
                  { "time": 0.0333, "curve": 0.25, "c3": 0.75 },
                  { "time": 0.3667, "angle": -60 }
                ]
              },
              "sparkle_4": {
                "rotate": [
                  { "time": 0.0667, "curve": 0.25, "c3": 0.75 },
                  { "time": 0.4, "angle": -60 }
                ],
                "shear": [{ "y": -0.11 }]
              },
              "sparkle_1": {
                "rotate": [
                  { "time": 0.1333, "curve": 0.25, "c3": 0.75 },
                  { "time": 0.5, "angle": -60 }
                ],
                "shear": [{ "y": -0.11 }]
              }
            }
          }
        }
      },
      [0]
    ]
  ],
  0,
  0,
  [0],
  [-1],
  [0]
]
