[
  1,
  0,
  0,
  [
    [
      "cc.AnimationClip",
      ["_name", "_duration", "sample", "wrapMode", "curveData"],
      -1,
      11
    ]
  ],
  [[0, 0, 1, 2, 3, 4, 5]],
  [
    [
      0,
      "bns_vfx_a_10_loop",
      5.166666666666667,
      24,
      2,
      [
        {},
        "props",
        11,
        [
          {},
          "color",
          12,
          [
            [
              [{ "frame": 0 }, "value", 8, [4, 4294967295]],
              [{ "frame": 0.4583333333333333 }, "value", 8, [4, 4278190080]],
              [{ "frame": 0.7083333333333334 }, "value", 8, [4, 4294967295]],
              [{ "frame": 0.9583333333333334 }, "value", 8, [4, 4286677377]],
              [{ "frame": 1.4583333333333333 }, "value", 8, [4, 4293190884]],
              [{ "frame": 1.7083333333333333 }, "value", 8, [4, 4287269514]],
              [{ "frame": 1.9583333333333333 }, "value", 8, [4, 4294440951]],
              [{ "frame": 2.4166666666666665 }, "value", 8, [4, 4279440147]],
              [{ "frame": 2.75 }, "value", 8, [4, 4294967295]],
              [{ "frame": 3 }, "value", 8, [4, 4278190080]],
              [{ "frame": 3.25 }, "value", 8, [4, 4294967295]],
              [{ "frame": 3.5 }, "value", 8, [4, 4286677377]],
              [{ "frame": 4.208333333333333 }, "value", 8, [4, 4293190884]],
              [{ "frame": 4.458333333333333 }, "value", 8, [4, 4287269514]],
              [{ "frame": 4.708333333333333 }, "value", 8, [4, 4294440951]],
              [{ "frame": 5.166666666666667 }, "value", 8, [4, 4294967295]]
            ],
            11,
            11,
            11,
            11,
            11,
            11,
            11,
            11,
            11,
            11,
            11,
            11,
            11,
            11,
            11,
            11
          ]
        ]
      ]
    ]
  ],
  0,
  0,
  [],
  [],
  []
]
