[
  1,
  ["74YfLQJ59AvruGvIbUDn8H"],
  0,
  [
    [
      "sp.SkeletonData",
      ["_name", "_atlasText", "textureNames", "_skeletonJson", "textures"],
      -1,
      3
    ]
  ],
  [[0, 0, 1, 2, 3, 4, 5]],
  [
    [
      0,
      "h4_purple_atlas_symbols",
      "\nsymbols.png\nsize: 512,737\nformat: RGBA8888\nfilter: Linear,Linear\nrepeat: none\nh_blue\n  rotate: 180\n  xy: 296, 156\n  size: 120, 107\n  orig: 122, 113\n  offset: 0, 1\n  index: -1\nh_blue_shadow\n  rotate: false\n  xy: 2, 356\n  size: 121, 111\n  orig: 123, 113\n  offset: 1, 1\n  index: -1\nh_brown\n  rotate: false\n  xy: 191, 20\n  size: 102, 86\n  orig: 102, 86\n  offset: 0, 0\n  index: -1\nh_brown_edge_glow\n  rotate: false\n  xy: 412, 640\n  size: 91, 95\n  orig: 95, 99\n  offset: 2, 2\n  index: -1\nh_brown_shadow\n  rotate: false\n  xy: 2, 156\n  size: 104, 87\n  orig: 106, 91\n  offset: 1, 2\n  index: -1\nh_gold_L\n  rotate: false\n  xy: 321, 10\n  size: 63, 62\n  orig: 64, 63\n  offset: 0, 0\n  index: -1\nh_gold_L2\n  rotate: false\n  xy: 243, 401\n  size: 48, 65\n  orig: 49, 66\n  offset: 0, 1\n  index: -1\nh_gold_R\n  rotate: false\n  xy: 264, 213\n  size: 38, 49\n  orig: 39, 50\n  offset: 0, 0\n  index: -1\nh_gold_edge_glow\n  rotate: false\n  xy: 300, 580\n  size: 110, 155\n  orig: 114, 159\n  offset: 2, 2\n  index: -1\nh_gold_front\n  rotate: 180\n  xy: 83, 88\n  size: 115, 110\n  orig: 115, 110\n  offset: 0, 0\n  index: -1\nh_gold_front_L\n  rotate: false\n  xy: 449, 13\n  size: 61, 57\n  orig: 61, 57\n  offset: 0, 0\n  index: -1\nh_gold_front_R\n  rotate: false\n  xy: 2, 15\n  size: 54, 51\n  orig: 54, 52\n  offset: 0, 0\n  index: -1\nh_gold_mid\n  rotate: false\n  xy: 430, 572\n  size: 63, 67\n  orig: 63, 68\n  offset: 0, 0\n  index: -1\nh_gold_mid_L\n  rotate: false\n  xy: 166, 206\n  size: 28, 39\n  orig: 29, 41\n  offset: 0, 2\n  index: -1\nh_gold_shadow\n  rotate: false\n  xy: 2, 581\n  size: 158, 154\n  orig: 160, 156\n  offset: 1, 1\n  index: -1\nh_gold_sparkle_1\n  rotate: false\n  xy: 261, 368\n  size: 27, 32\n  orig: 31, 34\n  offset: 2, 1\n  index: -1\nh_gold_sparkle_2\n  rotate: false\n  xy: 476, 355\n  size: 26, 27\n  orig: 28, 31\n  offset: 1, 2\n  index: -1\nh_gold_sparkle_3\n  rotate: false\n  xy: 135, 481\n  size: 18, 18\n  orig: 20, 21\n  offset: 1, 1\n  index: -1\nh_gold_sparkle_4\n  rotate: false\n  xy: 135, 529\n  size: 18, 19\n  orig: 20, 21\n  offset: 1, 1\n  index: -1\nh_green\n  rotate: true\n  xy: 2, 45\n  size: 107, 104\n  orig: 109, 113\n  offset: 2, 1\n  index: -1\nh_green_shadow\n  rotate: false\n  xy: 122, 245\n  size: 109, 106\n  orig: 112, 110\n  offset: 2, 2\n  index: -1\nh_purple\n  rotate: 180\n  xy: 370, 245\n  size: 123, 134\n  orig: 125, 134\n  offset: 2, 0\n  index: -1\nh_purple_edge_glow\n  rotate: true\n  xy: 2, 469\n  size: 110, 131\n  orig: 114, 133\n  offset: 2, 1\n  index: -1\nh_purple_shadow\n  rotate: true\n  xy: 162, 467\n  size: 125, 135\n  orig: 127, 137\n  offset: 1, 1\n  index: -1\nh_red_L\n  rotate: false\n  xy: 473, 483\n  size: 28, 38\n  orig: 29, 39\n  offset: 0, 1\n  index: -1\nh_red_R\n  rotate: false\n  xy: 182, 112\n  size: 30, 40\n  orig: 30, 41\n  offset: 0, 0\n  index: -1\nh_red_back\n  rotate: false\n  xy: 422, 379\n  size: 81, 105\n  orig: 82, 106\n  offset: 1, 1\n  index: -1\nh_red_back_L\n  rotate: false\n  xy: 2, 127\n  size: 26, 28\n  orig: 26, 31\n  offset: 0, 1\n  index: -1\nh_red_back_L2\n  rotate: false\n  xy: 453, 512\n  size: 49, 60\n  orig: 49, 61\n  offset: 0, 1\n  index: -1\nh_red_back_R\n  rotate: true\n  xy: 108, 207\n  size: 37, 57\n  orig: 38, 58\n  offset: 0, 0\n  index: -1\nh_red_back_R2\n  rotate: false\n  xy: 490, 618\n  size: 19, 20\n  orig: 19, 21\n  offset: 0, 1\n  index: -1\nh_red_edge_glow\n  rotate: true\n  xy: 299, 484\n  size: 94, 152\n  orig: 98, 154\n  offset: 2, 1\n  index: -1\nh_red_front\n  rotate: false\n  xy: 74, 4\n  size: 129, 69\n  orig: 129, 70\n  offset: 0, 0\n  index: -1\nh_red_front_L\n  rotate: false\n  xy: 135, 501\n  size: 19, 27\n  orig: 19, 28\n  offset: 0, 1\n  index: -1\nh_red_front_R\n  rotate: false\n  xy: 453, 488\n  size: 22, 23\n  orig: 22, 23\n  offset: 0, 0\n  index: -1\nh_red_front_mid\n  rotate: false\n  xy: 135, 550\n  size: 18, 30\n  orig: 19, 31\n  offset: 1, 0\n  index: -1\nh_red_mid_L\n  rotate: false\n  xy: 243, 381\n  size: 13, 21\n  orig: 15, 22\n  offset: 1, 1\n  index: -1\nh_red_mid_R\n  rotate: false\n  xy: 412, 600\n  size: 23, 28\n  orig: 24, 28\n  offset: 0, 0\n  index: -1\nh_red_mid_R2\n  rotate: false\n  xy: 484, 328\n  size: 25, 26\n  orig: 28, 27\n  offset: 1, 1\n  index: -1\nh_red_shadow\n  rotate: false\n  xy: 162, 594\n  size: 136, 141\n  orig: 140, 143\n  offset: 2, 1\n  index: -1\nl_club\n  rotate: 270\n  xy: 258, 60\n  size: 105, 113\n  orig: 105, 113\n  offset: 0, 0\n  index: -1\nl_club_shadow\n  rotate: true\n  xy: 299, 368\n  size: 114, 121\n  orig: 116, 125\n  offset: 1, 2\n  index: -1\nl_diamond\n  rotate: true\n  xy: 368, 40\n  size: 97, 117\n  orig: 97, 117\n  offset: 0, 0\n  index: -1\nl_diamond_shadow\n  rotate: true\n  xy: 243, 263\n  size: 103, 125\n  orig: 107, 127\n  offset: 2, 1\n  index: -1\nl_heart\n  rotate: 270\n  xy: 409, 118\n  size: 111, 100\n  orig: 111, 100\n  offset: 0, 0\n  index: -1\nl_heart_shadow\n  rotate: false\n  xy: 2, 245\n  size: 118, 109\n  orig: 122, 111\n  offset: 2, 1\n  index: -1\nl_spade\n  rotate: true\n  xy: 177, 129\n  size: 115, 122\n  orig: 115, 122\n  offset: 0, 0\n  index: -1\nl_spade_shadow\n  rotate: true\n  xy: 125, 353\n  size: 112, 116\n  orig: 114, 120\n  offset: 1, 2\n  index: -1\n",
      ["symbols.png"],
      {
        "skeleton": {
          "hash": "o5WgqxdRPEnkp5vsT0C+zEN/CcA",
          "spine": "3.8.99",
          "x": -73.12,
          "y": -80.35,
          "width": 147.97,
          "height": 158.39
        },
        "bones": [
          { "name": "root", "scaleX": 0.5, "scaleY": 0.5 },
          {
            "name": "_subroot",
            "parent": "root",
            "scaleX": 1.1,
            "scaleY": 1.1
          },
          { "name": "symbol", "parent": "_subroot" },
          { "name": "gem", "parent": "symbol" },
          { "name": "ctrl", "parent": "_subroot" },
          { "name": "opp", "parent": "_subroot" }
        ],
        "slots": [
          {
            "name": "h_purple_shadow",
            "bone": "symbol",
            "attachment": "h_purple_shadow"
          },
          {
            "name": "h_purple_edge_glow",
            "bone": "gem",
            "attachment": "h_purple_edge_glow",
            "blend": "additive"
          },
          { "name": "h_purple", "bone": "gem", "attachment": "h_purple" }
        ],
        "transform": [
          {
            "name": "ctrl",
            "target": "ctrl",
            "rotateMix": 0,
            "translateMix": -1,
            "scaleMix": 0,
            "shearMix": 0,
            "bones": ["opp"]
          }
        ],
        "skins": [
          {
            "name": "default",
            "attachments": {
              "h_purple": {
                "h_purple": {
                  "type": "mesh",
                  "hull": 25,
                  "uvs": [
                    0.49352, 1, 0.28616, 0.96008, 0.10664, 0.87228, 0.01767,
                    0.582, 0.05227, 0.55139, 0.03732, 0.44769, 0.07218, 0.39842,
                    0.04812, 0.35102, 0.10536, 0.22994, 0.20434, 0.14308,
                    0.33587, 0.00001, 0.5092, 0.05839, 0.65596, 0.1005, 0.71254,
                    0.25771, 0.78218, 0.2362, 0.86008, 0.2432, 0.9375, 0.35277,
                    0.93863, 0.46931, 1, 0.47212, 0.97095, 0.56907, 0.92208,
                    0.61448, 0.97597, 0.6589, 0.89808, 0.78367, 0.77328, 0.823,
                    0.7296, 0.91198, 0.31116, 0.82069, 0.41473, 0.6862, 0.68371,
                    0.62257, 0.51306, 0.60564, 0.19978, 0.59436, 0.66362,
                    0.51944, 0.45524, 0.36047, 0.28926, 0.36611, 0.60138,
                    0.27274, 0.45022, 0.10911, 0.28484, 0.15106, 0.21658,
                    0.73175, 0.11304, 0.6432, 0.67354, 0.73828, 0.5033, 0.83616,
                    0.77708, 0.69447, 0.8096, 0.3031, 0.71574, 0.51257, 0.75406,
                    0.59973, 0.93291, 0.52672, 0.12066, 0.28592, 0.25222,
                    0.15389, 0.25064, 0.36153, 0.17144, 0.37858, 0.28865,
                    0.5573, 0.26326, 0.61773, 0.8403, 0.52363
                  ],
                  "triangles": [
                    0, 1, 39, 0, 39, 24, 39, 1, 25, 1, 2, 25, 39, 38, 24, 24,
                    38, 23, 2, 36, 25, 2, 37, 36, 2, 3, 37, 25, 26, 39, 39, 28,
                    38, 39, 26, 28, 23, 40, 22, 23, 38, 40, 25, 36, 26, 22, 20,
                    21, 22, 40, 20, 38, 27, 40, 38, 28, 27, 37, 29, 36, 36, 50,
                    26, 36, 29, 50, 27, 43, 40, 40, 43, 20, 50, 49, 26, 26, 49,
                    28, 3, 4, 37, 37, 4, 29, 28, 30, 27, 27, 42, 43, 27, 30, 42,
                    28, 49, 31, 49, 32, 31, 50, 29, 49, 43, 51, 20, 20, 44, 19,
                    20, 51, 44, 28, 31, 30, 43, 42, 51, 29, 4, 48, 48, 5, 6, 29,
                    48, 49, 19, 44, 18, 18, 44, 17, 48, 47, 49, 49, 47, 32, 48,
                    4, 5, 44, 51, 17, 42, 41, 51, 17, 41, 16, 17, 51, 41, 42,
                    30, 33, 30, 31, 33, 33, 13, 42, 41, 13, 14, 41, 42, 13, 6,
                    7, 48, 7, 45, 48, 48, 45, 47, 31, 32, 35, 35, 32, 47, 47,
                    46, 35, 47, 45, 46, 35, 34, 31, 31, 34, 33, 41, 15, 16, 7,
                    8, 45, 41, 14, 15, 45, 9, 46, 45, 8, 9, 33, 34, 12, 33, 12,
                    13, 12, 34, 11, 35, 46, 10, 34, 35, 10, 10, 46, 9, 34, 10,
                    11
                  ],
                  "vertices": [
                    1, 3, 1.71, -136.28, 1, 1, 3, -50.13, -125.62, 1, 1, 3,
                    -95.01, -102.18, 1, 1, 3, -117.25, -24.67, 1, 1, 3, -108.6,
                    -16.5, 1, 1, 3, -112.34, 11.19, 1, 1, 3, -103.62, 24.34, 1,
                    1, 3, -109.64, 37, 1, 1, 3, -95.33, 69.33, 1, 1, 3, -70.58,
                    92.52, 1, 1, 3, -37.7, 130.72, 1, 1, 3, 5.63, 115.13, 1, 1,
                    3, 42.32, 103.89, 1, 1, 3, 56.47, 61.91, 1, 1, 3, 73.88,
                    67.66, 1, 1, 3, 93.35, 65.79, 1, 1, 3, 112.71, 36.53, 1, 1,
                    3, 112.99, 5.42, 1, 1, 3, 128.33, 4.67, 1, 1, 3, 121.07,
                    -21.22, 1, 1, 3, 108.85, -33.34, 1, 1, 3, 122.33, -45.2, 1,
                    1, 3, 102.85, -78.52, 1, 1, 3, 71.65, -89.02, 1, 1, 3,
                    60.73, -112.78, 1, 2, 3, -43.88, -88.4, 0.9, 4, -43.88,
                    -88.4, 0.1, 2, 3, -17.98, -52.49, 0.85, 4, -17.98, -52.49,
                    0.15, 2, 3, 49.26, -35.5, 0.85, 4, 49.26, -35.5, 0.15, 2, 3,
                    6.6, -30.98, 0.85, 4, 6.6, -30.98, 0.15, 2, 3, -71.72,
                    -27.97, 0.85, 4, -71.72, -27.97, 0.15, 2, 3, 44.24, -7.97,
                    0.85, 4, 44.24, -7.97, 0.15, 2, 3, -7.86, 34.48, 0.85, 4,
                    -7.86, 34.48, 0.15, 2, 3, -49.35, 32.97, 0.85, 4, -49.35,
                    32.97, 0.15, 2, 3, 28.68, 57.9, 0.85, 4, 28.68, 57.9, 0.15,
                    2, 3, -9.11, 101.59, 0.85, 4, -9.11, 101.59, 0.15, 2, 3,
                    -50.46, 90.39, 0.85, 4, -50.46, 90.39, 0.15, 2, 3, -67.52,
                    -64.66, 0.9, 4, -67.52, -64.66, 0.1, 2, 3, -93.41, -41.01,
                    0.9, 4, -93.41, -41.01, 0.1, 2, 3, 46.72, -66.4, 0.9, 4,
                    46.72, -66.4, 0.1, 2, 3, 4.16, -92.53, 0.9, 4, 4.16, -92.53,
                    0.1, 2, 3, 72.6, -54.7, 0.9, 4, 72.6, -54.7, 0.1, 2, 3,
                    80.73, 49.79, 0.83, 4, 80.73, 49.79, 0.17, 2, 3, 57.27,
                    -6.14, 0.85, 4, 57.27, -6.14, 0.15, 2, 3, 66.85, -29.41,
                    0.85, 4, 66.85, -29.41, 0.15, 2, 3, 111.56, -9.91, 0.9, 4,
                    111.56, -9.91, 0.1, 2, 3, -91.5, 54.38, 0.9, 4, -91.5,
                    54.38, 0.1, 2, 3, -58.61, 89.63, 0.90322, 4, -58.61, 89.63,
                    0.09678, 2, 3, -59.01, 34.19, 0.87676, 4, -59.01, 34.19,
                    0.12324, 2, 3, -78.81, 29.64, 0.9, 4, -78.81, 29.64, 0.1, 2,
                    3, -49.5, -18.08, 0.85, 4, -49.5, -18.08, 0.15, 2, 3,
                    -55.85, -34.21, 0.86726, 4, -55.85, -34.21, 0.13274, 2, 3,
                    88.41, -9.09, 0.87837, 4, 88.41, -9.09, 0.12163
                  ]
                }
              },
              "h_purple_edge_glow": {
                "h_purple_edge_glow": {
                  "x": -19.44,
                  "y": 8.89,
                  "width": 227,
                  "height": 266
                }
              },
              "h_purple_shadow": {
                "h_purple_shadow": {
                  "x": 9.09,
                  "y": -9.09,
                  "width": 254,
                  "height": 274
                }
              }
            }
          }
        ],
        "animations": {
          "spawn": {
            "bones": {
              "gem": {
                "rotate": [
                  { "curve": 0.25, "c3": 0.75 },
                  { "time": 0.0667, "angle": -1, "curve": 0.25, "c3": 0.75 },
                  { "time": 0.2333, "angle": 1, "curve": 0.25, "c3": 0.444 },
                  { "time": 0.3667, "angle": -1, "curve": 0.25, "c3": 0.481 },
                  { "time": 0.5 }
                ],
                "translate": [
                  { "curve": 0.397, "c2": 0.51, "c3": 0.75 },
                  { "time": 0.0333, "y": -5, "curve": 0.25, "c3": 0.75 },
                  { "time": 0.1333, "y": 2, "curve": 0.25, "c3": 0.444 },
                  { "time": 0.3, "y": -1, "curve": 0.25, "c3": 0.481 },
                  { "time": 0.5 }
                ]
              },
              "ctrl": {
                "translate": [
                  { "curve": 0.25, "c3": 0.75 },
                  { "time": 0.0667, "y": 10, "curve": 0.25, "c3": 0.75 },
                  { "time": 0.2667, "y": -20, "curve": 0.25, "c3": 0.75 },
                  { "time": 0.5 }
                ]
              }
            }
          },
          "win": {
            "bones": {
              "ctrl": {
                "translate": [
                  { "curve": 0.25, "c3": 0.75 },
                  {
                    "time": 0.0667,
                    "x": -25,
                    "y": 25,
                    "curve": 0.25,
                    "c3": 0.75
                  },
                  {
                    "time": 0.2667,
                    "x": 35,
                    "y": -35,
                    "curve": 0.25,
                    "c3": 0.75
                  },
                  { "time": 0.5 }
                ]
              },
              "gem": {
                "rotate": [
                  { "curve": 0.25, "c3": 0.75 },
                  { "time": 0.1, "angle": -3.51, "curve": 0.25, "c3": 0.75 },
                  { "time": 0.3, "angle": 2.21, "curve": 0.25, "c3": 0.75 },
                  { "time": 0.3667, "angle": -1.59, "curve": 0.25, "c3": 0.75 },
                  { "time": 0.5 }
                ],
                "translate": [
                  { "curve": 0.385, "c2": 0.49, "c3": 0.75 },
                  { "time": 0.0333, "y": -7, "curve": 0.25, "c3": 0.75 },
                  {
                    "time": 0.1667,
                    "x": 0.33,
                    "y": 12.99,
                    "curve": 0.25,
                    "c3": 0.75
                  },
                  { "time": 0.2667, "y": -2, "curve": 0.25, "c3": 0.75 },
                  { "time": 0.4 }
                ],
                "scale": [
                  { "curve": 0.25, "c3": 0.75 },
                  {
                    "time": 0.1667,
                    "x": 1.07,
                    "y": 1.07,
                    "curve": 0.25,
                    "c3": 0.55
                  },
                  {
                    "time": 0.3,
                    "x": 0.99,
                    "y": 0.99,
                    "curve": 0.25,
                    "c3": 0.55
                  },
                  {
                    "time": 0.4333,
                    "x": 1.003,
                    "y": 1.003,
                    "curve": 0.25,
                    "c3": 0.615
                  },
                  { "time": 0.5 }
                ]
              }
            }
          }
        }
      },
      [0]
    ]
  ],
  0,
  0,
  [0],
  [-1],
  [0]
]
