[
  1,
  ["74YfLQJ59AvruGvIbUDn8H"],
  0,
  [
    [
      "sp.SkeletonData",
      ["_name", "_atlasText", "textureNames", "_skeletonJson", "textures"],
      -1,
      3
    ]
  ],
  [[0, 0, 1, 2, 3, 4, 5]],
  [
    [
      0,
      "h3_blue_atlas_symbols",
      "\nsymbols.png\nsize: 512,737\nformat: RGBA8888\nfilter: Linear,Linear\nrepeat: none\nh_blue\n  rotate: 180\n  xy: 296, 156\n  size: 120, 107\n  orig: 122, 113\n  offset: 0, 1\n  index: -1\nh_blue_shadow\n  rotate: false\n  xy: 2, 356\n  size: 121, 111\n  orig: 123, 113\n  offset: 1, 1\n  index: -1\nh_brown\n  rotate: false\n  xy: 191, 20\n  size: 102, 86\n  orig: 102, 86\n  offset: 0, 0\n  index: -1\nh_brown_edge_glow\n  rotate: false\n  xy: 412, 640\n  size: 91, 95\n  orig: 95, 99\n  offset: 2, 2\n  index: -1\nh_brown_shadow\n  rotate: false\n  xy: 2, 156\n  size: 104, 87\n  orig: 106, 91\n  offset: 1, 2\n  index: -1\nh_gold_L\n  rotate: false\n  xy: 321, 10\n  size: 63, 62\n  orig: 64, 63\n  offset: 0, 0\n  index: -1\nh_gold_L2\n  rotate: false\n  xy: 243, 401\n  size: 48, 65\n  orig: 49, 66\n  offset: 0, 1\n  index: -1\nh_gold_R\n  rotate: false\n  xy: 264, 213\n  size: 38, 49\n  orig: 39, 50\n  offset: 0, 0\n  index: -1\nh_gold_edge_glow\n  rotate: false\n  xy: 300, 580\n  size: 110, 155\n  orig: 114, 159\n  offset: 2, 2\n  index: -1\nh_gold_front\n  rotate: 180\n  xy: 83, 88\n  size: 115, 110\n  orig: 115, 110\n  offset: 0, 0\n  index: -1\nh_gold_front_L\n  rotate: false\n  xy: 449, 13\n  size: 61, 57\n  orig: 61, 57\n  offset: 0, 0\n  index: -1\nh_gold_front_R\n  rotate: false\n  xy: 2, 15\n  size: 54, 51\n  orig: 54, 52\n  offset: 0, 0\n  index: -1\nh_gold_mid\n  rotate: false\n  xy: 430, 572\n  size: 63, 67\n  orig: 63, 68\n  offset: 0, 0\n  index: -1\nh_gold_mid_L\n  rotate: false\n  xy: 166, 206\n  size: 28, 39\n  orig: 29, 41\n  offset: 0, 2\n  index: -1\nh_gold_shadow\n  rotate: false\n  xy: 2, 581\n  size: 158, 154\n  orig: 160, 156\n  offset: 1, 1\n  index: -1\nh_gold_sparkle_1\n  rotate: false\n  xy: 261, 368\n  size: 27, 32\n  orig: 31, 34\n  offset: 2, 1\n  index: -1\nh_gold_sparkle_2\n  rotate: false\n  xy: 476, 355\n  size: 26, 27\n  orig: 28, 31\n  offset: 1, 2\n  index: -1\nh_gold_sparkle_3\n  rotate: false\n  xy: 135, 481\n  size: 18, 18\n  orig: 20, 21\n  offset: 1, 1\n  index: -1\nh_gold_sparkle_4\n  rotate: false\n  xy: 135, 529\n  size: 18, 19\n  orig: 20, 21\n  offset: 1, 1\n  index: -1\nh_green\n  rotate: true\n  xy: 2, 45\n  size: 107, 104\n  orig: 109, 113\n  offset: 2, 1\n  index: -1\nh_green_shadow\n  rotate: false\n  xy: 122, 245\n  size: 109, 106\n  orig: 112, 110\n  offset: 2, 2\n  index: -1\nh_purple\n  rotate: 180\n  xy: 370, 245\n  size: 123, 134\n  orig: 125, 134\n  offset: 2, 0\n  index: -1\nh_purple_edge_glow\n  rotate: true\n  xy: 2, 469\n  size: 110, 131\n  orig: 114, 133\n  offset: 2, 1\n  index: -1\nh_purple_shadow\n  rotate: true\n  xy: 162, 467\n  size: 125, 135\n  orig: 127, 137\n  offset: 1, 1\n  index: -1\nh_red_L\n  rotate: false\n  xy: 473, 483\n  size: 28, 38\n  orig: 29, 39\n  offset: 0, 1\n  index: -1\nh_red_R\n  rotate: false\n  xy: 182, 112\n  size: 30, 40\n  orig: 30, 41\n  offset: 0, 0\n  index: -1\nh_red_back\n  rotate: false\n  xy: 422, 379\n  size: 81, 105\n  orig: 82, 106\n  offset: 1, 1\n  index: -1\nh_red_back_L\n  rotate: false\n  xy: 2, 127\n  size: 26, 28\n  orig: 26, 31\n  offset: 0, 1\n  index: -1\nh_red_back_L2\n  rotate: false\n  xy: 453, 512\n  size: 49, 60\n  orig: 49, 61\n  offset: 0, 1\n  index: -1\nh_red_back_R\n  rotate: true\n  xy: 108, 207\n  size: 37, 57\n  orig: 38, 58\n  offset: 0, 0\n  index: -1\nh_red_back_R2\n  rotate: false\n  xy: 490, 618\n  size: 19, 20\n  orig: 19, 21\n  offset: 0, 1\n  index: -1\nh_red_edge_glow\n  rotate: true\n  xy: 299, 484\n  size: 94, 152\n  orig: 98, 154\n  offset: 2, 1\n  index: -1\nh_red_front\n  rotate: false\n  xy: 74, 4\n  size: 129, 69\n  orig: 129, 70\n  offset: 0, 0\n  index: -1\nh_red_front_L\n  rotate: false\n  xy: 135, 501\n  size: 19, 27\n  orig: 19, 28\n  offset: 0, 1\n  index: -1\nh_red_front_R\n  rotate: false\n  xy: 453, 488\n  size: 22, 23\n  orig: 22, 23\n  offset: 0, 0\n  index: -1\nh_red_front_mid\n  rotate: false\n  xy: 135, 550\n  size: 18, 30\n  orig: 19, 31\n  offset: 1, 0\n  index: -1\nh_red_mid_L\n  rotate: false\n  xy: 243, 381\n  size: 13, 21\n  orig: 15, 22\n  offset: 1, 1\n  index: -1\nh_red_mid_R\n  rotate: false\n  xy: 412, 600\n  size: 23, 28\n  orig: 24, 28\n  offset: 0, 0\n  index: -1\nh_red_mid_R2\n  rotate: false\n  xy: 484, 328\n  size: 25, 26\n  orig: 28, 27\n  offset: 1, 1\n  index: -1\nh_red_shadow\n  rotate: false\n  xy: 162, 594\n  size: 136, 141\n  orig: 140, 143\n  offset: 2, 1\n  index: -1\nl_club\n  rotate: 270\n  xy: 258, 60\n  size: 105, 113\n  orig: 105, 113\n  offset: 0, 0\n  index: -1\nl_club_shadow\n  rotate: true\n  xy: 299, 368\n  size: 114, 121\n  orig: 116, 125\n  offset: 1, 2\n  index: -1\nl_diamond\n  rotate: true\n  xy: 368, 40\n  size: 97, 117\n  orig: 97, 117\n  offset: 0, 0\n  index: -1\nl_diamond_shadow\n  rotate: true\n  xy: 243, 263\n  size: 103, 125\n  orig: 107, 127\n  offset: 2, 1\n  index: -1\nl_heart\n  rotate: 270\n  xy: 409, 118\n  size: 111, 100\n  orig: 111, 100\n  offset: 0, 0\n  index: -1\nl_heart_shadow\n  rotate: false\n  xy: 2, 245\n  size: 118, 109\n  orig: 122, 111\n  offset: 2, 1\n  index: -1\nl_spade\n  rotate: true\n  xy: 177, 129\n  size: 115, 122\n  orig: 115, 122\n  offset: 0, 0\n  index: -1\nl_spade_shadow\n  rotate: true\n  xy: 125, 353\n  size: 112, 116\n  orig: 114, 120\n  offset: 1, 2\n  index: -1\n",
      ["symbols.png"],
      {
        "skeleton": {
          "hash": "fauiHLG2SgNGSI8zZPqyvbDStpY",
          "spine": "3.8.99",
          "x": -66.18,
          "y": -67.54,
          "width": 136.18,
          "height": 125.07
        },
        "bones": [
          { "name": "root", "scaleX": 0.5, "scaleY": 0.5 },
          {
            "name": "_subroot",
            "parent": "root",
            "scaleX": 1.1,
            "scaleY": 1.1
          },
          { "name": "symbol", "parent": "_subroot" },
          { "name": "gem", "parent": "symbol" },
          { "name": "ctrl", "parent": "_subroot" },
          { "name": "opp", "parent": "_subroot" }
        ],
        "slots": [
          {
            "name": "h_blue_shadow",
            "bone": "symbol",
            "attachment": "h_blue_shadow"
          },
          { "name": "h_blue", "bone": "gem", "attachment": "h_blue" }
        ],
        "transform": [
          {
            "name": "ctrl",
            "target": "ctrl",
            "rotateMix": 0,
            "translateMix": -1,
            "scaleMix": 0,
            "shearMix": 0,
            "bones": ["opp"]
          }
        ],
        "skins": [
          {
            "name": "default",
            "attachments": {
              "h_blue": {
                "h_blue": {
                  "type": "mesh",
                  "hull": 19,
                  "uvs": [
                    0.91376, 0.7622, 0.81669, 0.88035, 0.58331, 0.97906,
                    0.45286, 0.98953, 0.22086, 0.92373, 0.08973, 0.82049,
                    0.00278, 0.67995, 0.0153, 0.56156, 0.11072, 0.43419,
                    0.14652, 0.18386, 0.22811, 0.05886, 0.30105, 0.08684,
                    0.37407, 0.04699, 0.47064, 0.08375, 0.67203, 0.05235,
                    0.92072, 0.26173, 0.98192, 0.46237, 0.89012, 0.61067,
                    0.94993, 0.67522, 0.64004, 0.81281, 0.50291, 0.82673,
                    0.30402, 0.74701, 0.20417, 0.67672, 0.79861, 0.23229,
                    0.44421, 0.32651, 0.55022, 0.14854, 0.12072, 0.52991,
                    0.8765, 0.42349, 0.68346, 0.39208, 0.34158, 0.19616,
                    0.25981, 0.2485, 0.74734, 0.77555, 0.25539, 0.57937,
                    0.33284, 0.70077, 0.4455, 0.66338, 0.66023, 0.69144,
                    0.82365, 0.69625, 0.80114, 0.64273
                  ],
                  "triangles": [
                    4, 21, 3, 3, 21, 20, 20, 21, 33, 3, 20, 2, 20, 33, 34, 1,
                    19, 31, 1, 2, 19, 2, 20, 19, 4, 5, 21, 21, 5, 22, 0, 31, 36,
                    0, 1, 31, 19, 20, 35, 5, 6, 22, 26, 6, 7, 6, 26, 22, 19, 35,
                    31, 35, 20, 34, 31, 37, 36, 31, 35, 37, 0, 36, 18, 21, 22,
                    33, 22, 32, 33, 33, 32, 34, 36, 17, 18, 36, 37, 17, 37, 35,
                    28, 32, 24, 34, 32, 30, 24, 30, 29, 24, 22, 26, 32, 35, 34,
                    28, 34, 24, 28, 37, 27, 17, 37, 28, 27, 17, 27, 16, 30, 32,
                    8, 7, 8, 26, 32, 26, 8, 27, 15, 16, 8, 9, 30, 28, 23, 27,
                    27, 23, 15, 24, 25, 28, 28, 25, 23, 23, 25, 14, 25, 29, 13,
                    25, 24, 29, 9, 10, 30, 30, 11, 29, 30, 10, 11, 15, 23, 14,
                    29, 12, 13, 29, 11, 12, 25, 13, 14
                  ],
                  "vertices": [
                    1, 3, 101.04, -59.26, 1, 1, 3, 77.46, -85.96, 1, 1, 3,
                    20.74, -108.27, 1, 1, 3, -10.96, -110.63, 1, 1, 3, -67.33,
                    -95.76, 1, 1, 3, -99.2, -72.43, 1, 1, 3, -120.32, -40.67, 1,
                    1, 3, -117.28, -13.91, 1, 1, 3, -94.1, 14.87, 1, 1, 3,
                    -85.4, 71.45, 1, 1, 3, -65.57, 99.7, 1, 1, 3, -47.85, 93.37,
                    1, 1, 3, -30.1, 102.38, 1, 1, 3, -6.63, 94.07, 1, 1, 3,
                    42.3, 101.17, 1, 1, 3, 102.73, 53.85, 1, 1, 3, 117.61, 8.5,
                    1, 1, 3, 95.3, -25.01, 1, 1, 3, 109.83, -39.6, 1, 2, 3,
                    34.53, -70.7, 0.9, 4, 34.53, -70.7, 0.1, 2, 3, 1.21, -73.84,
                    0.9, 4, 1.21, -73.84, 0.1, 2, 3, -47.12, -55.82, 0.9, 4,
                    -47.12, -55.82, 0.1, 2, 3, -71.39, -39.94, 0.9, 4, -71.39,
                    -39.94, 0.1, 2, 3, 73.06, 60.5, 0.85, 4, 73.06, 60.5, 0.15,
                    2, 3, -13.06, 39.21, 0.85, 4, -13.06, 39.21, 0.15, 2, 3,
                    12.7, 79.43, 0.85, 4, 12.7, 79.43, 0.15, 2, 3, -91.67,
                    -6.76, 0.9, 4, -91.67, -6.76, 0.1, 2, 3, 91.99, 17.29, 0.85,
                    4, 91.99, 17.29, 0.15, 2, 3, 45.08, 24.39, 0.85, 4, 45.08,
                    24.39, 0.15, 2, 3, -38, 68.67, 0.85, 4, -38, 68.67, 0.15, 2,
                    3, -57.87, 56.84, 0.85, 4, -57.87, 56.84, 0.15, 2, 3, 60.6,
                    -62.27, 0.9, 4, 60.6, -62.27, 0.1, 2, 3, -58.94, -17.94,
                    0.85, 4, -58.94, -17.94, 0.15, 2, 3, -40.12, -45.37, 0.9, 4,
                    -40.12, -45.37, 0.1, 2, 3, -12.74, -36.92, 0.85, 4, -12.74,
                    -36.92, 0.15, 2, 3, 39.43, -43.27, 0.85, 4, 39.43, -43.27,
                    0.15, 2, 3, 79.15, -44.35, 0.95263, 4, 79.15, -44.35,
                    0.04737, 2, 3, 73.68, -32.26, 0.94189, 4, 73.68, -32.26,
                    0.05811
                  ]
                }
              },
              "h_blue_shadow": {
                "h_blue_shadow": {
                  "x": 3.64,
                  "y": -9.09,
                  "rotation": 0.33,
                  "width": 246,
                  "height": 226
                }
              }
            }
          }
        ],
        "animations": {
          "spawn": {
            "bones": {
              "gem": {
                "rotate": [
                  { "curve": 0.25, "c3": 0.75 },
                  { "time": 0.0667, "angle": -1, "curve": 0.25, "c3": 0.75 },
                  { "time": 0.2333, "angle": 1, "curve": 0.25, "c3": 0.444 },
                  { "time": 0.3667, "angle": -1, "curve": 0.25, "c3": 0.481 },
                  { "time": 0.5 }
                ],
                "translate": [
                  { "curve": 0.397, "c2": 0.51, "c3": 0.75 },
                  { "time": 0.0333, "y": -5, "curve": 0.25, "c3": 0.75 },
                  { "time": 0.1333, "y": 2, "curve": 0.25, "c3": 0.444 },
                  { "time": 0.3, "y": -1, "curve": 0.25, "c3": 0.481 },
                  { "time": 0.5 }
                ]
              },
              "ctrl": {
                "translate": [
                  { "curve": 0.25, "c3": 0.75 },
                  { "time": 0.0667, "y": 10, "curve": 0.25, "c3": 0.75 },
                  { "time": 0.2667, "y": -20, "curve": 0.25, "c3": 0.75 },
                  { "time": 0.5 }
                ]
              }
            }
          },
          "win": {
            "bones": {
              "ctrl": {
                "translate": [
                  { "curve": 0.25, "c3": 0.75 },
                  {
                    "time": 0.0667,
                    "x": -25,
                    "y": 25,
                    "curve": 0.25,
                    "c3": 0.75
                  },
                  {
                    "time": 0.2667,
                    "x": 35,
                    "y": -35,
                    "curve": 0.25,
                    "c3": 0.75
                  },
                  { "time": 0.5 }
                ]
              },
              "gem": {
                "rotate": [
                  { "curve": 0.25, "c3": 0.75 },
                  { "time": 0.1, "angle": -3.51, "curve": 0.25, "c3": 0.75 },
                  { "time": 0.3, "angle": 2.21, "curve": 0.25, "c3": 0.75 },
                  { "time": 0.3667, "angle": -1.59, "curve": 0.25, "c3": 0.75 },
                  { "time": 0.5 }
                ],
                "translate": [
                  { "curve": 0.385, "c2": 0.49, "c3": 0.75 },
                  { "time": 0.0333, "y": -7, "curve": 0.25, "c3": 0.75 },
                  {
                    "time": 0.1667,
                    "x": 0.33,
                    "y": 12.99,
                    "curve": 0.25,
                    "c3": 0.75
                  },
                  { "time": 0.2667, "y": -2, "curve": 0.25, "c3": 0.75 },
                  { "time": 0.4 }
                ],
                "scale": [
                  { "curve": 0.25, "c3": 0.75 },
                  {
                    "time": 0.1667,
                    "x": 1.07,
                    "y": 1.07,
                    "curve": 0.25,
                    "c3": 0.55
                  },
                  {
                    "time": 0.3,
                    "x": 0.99,
                    "y": 0.99,
                    "curve": 0.25,
                    "c3": 0.55
                  },
                  {
                    "time": 0.4333,
                    "x": 1.003,
                    "y": 1.003,
                    "curve": 0.25,
                    "c3": 0.615
                  },
                  { "time": 0.5 }
                ]
              }
            }
          }
        }
      },
      [0]
    ]
  ],
  0,
  0,
  [0],
  [-1],
  [0]
]
