[
  1,
  ["6eyHfJnotEEo5T1cn53uBT"],
  ["_textureSetter"],
  ["cc.SpriteFrame"],
  0,
  [
    [
      [
        {
          "name": "fs_vfx_e_add_03",
          "rect": [399, 129, 138, 110],
          "offset": [0, 8],
          "originalSize": [250, 250],
          "rotated": 1,
          "capInsets": [0, 0, 0, 0]
        }
      ],
      [0],
      0,
      [0],
      [0],
      [0]
    ],
    [
      [
        {
          "name": "fs_vfx_e_add_07",
          "rect": [271, 1, 138, 126],
          "offset": [-1, 5],
          "originalSize": [250, 250],
          "capInsets": [0, 0, 0, 0]
        }
      ],
      [0],
      0,
      [0],
      [0],
      [0]
    ],
    [
      [
        {
          "name": "fs_vfx_e_add_11",
          "rect": [1, 279, 136, 132],
          "offset": [-1, 4],
          "originalSize": [250, 250],
          "rotated": 1,
          "capInsets": [0, 0, 0, 0]
        }
      ],
      [0],
      0,
      [0],
      [0],
      [0]
    ],
    [
      [
        {
          "name": "fs_vfx_e_add_19",
          "rect": [197, 411, 100, 108],
          "offset": [-2, 4],
          "originalSize": [250, 250],
          "rotated": 1,
          "capInsets": [0, 0, 0, 0]
        }
      ],
      [0],
      0,
      [0],
      [0],
      [0]
    ],
    [
      [
        {
          "name": "fs_vfx_e_add_22",
          "rect": [525, 339, 96, 76],
          "offset": [-11, -6],
          "originalSize": [250, 250],
          "capInsets": [0, 0, 0, 0]
        }
      ],
      [0],
      0,
      [0],
      [0],
      [0]
    ],
    [
      [
        {
          "name": "fs_vfx_e_add_02",
          "rect": [621, 113, 106, 106],
          "offset": [-16, 9],
          "originalSize": [250, 250],
          "capInsets": [0, 0, 0, 0]
        }
      ],
      [0],
      0,
      [0],
      [0],
      [0]
    ],
    [
      [
        {
          "name": "fs_vfx_e_add_09",
          "rect": [1, 141, 136, 132],
          "offset": [-2, 3],
          "originalSize": [250, 250],
          "rotated": 1,
          "capInsets": [0, 0, 0, 0]
        }
      ],
      [0],
      0,
      [0],
      [0],
      [0]
    ],
    [
      [
        {
          "name": "fs_vfx_e_add_10",
          "rect": [1, 1, 138, 134],
          "offset": [-1, 3],
          "originalSize": [250, 250],
          "rotated": 1,
          "capInsets": [0, 0, 0, 0]
        }
      ],
      [0],
      0,
      [0],
      [0],
      [0]
    ],
    [
      [
        {
          "name": "fs_vfx_e_add_08",
          "rect": [275, 269, 136, 126],
          "offset": [-1, 4],
          "originalSize": [250, 250],
          "rotated": 1,
          "capInsets": [0, 0, 0, 0]
        }
      ],
      [0],
      0,
      [0],
      [0],
      [0]
    ],
    [
      [
        {
          "name": "fs_vfx_e_add_25",
          "rect": [99, 417, 96, 86],
          "offset": [-11, -7],
          "originalSize": [250, 250],
          "capInsets": [0, 0, 0, 0]
        }
      ],
      [0],
      0,
      [0],
      [0],
      [0]
    ],
    [
      [
        {
          "name": "fs_vfx_e_add_14",
          "rect": [403, 269, 114, 120],
          "offset": [3, 2],
          "originalSize": [250, 250],
          "capInsets": [0, 0, 0, 0]
        }
      ],
      [0],
      0,
      [0],
      [0],
      [0]
    ],
    [
      [
        {
          "name": "fs_vfx_e_add_13",
          "rect": [265, 135, 132, 132],
          "offset": [-3, 7],
          "originalSize": [250, 250],
          "capInsets": [0, 0, 0, 0]
        }
      ],
      [0],
      0,
      [0],
      [0],
      [0]
    ],
    [
      [
        {
          "name": "fs_vfx_e_add_01",
          "rect": [417, 391, 106, 108],
          "offset": [-16, 7],
          "originalSize": [250, 250],
          "capInsets": [0, 0, 0, 0]
        }
      ],
      [0],
      0,
      [0],
      [0],
      [0]
    ],
    [
      [
        {
          "name": "fs_vfx_e_add_18",
          "rect": [307, 407, 104, 108],
          "offset": [1, 2],
          "originalSize": [250, 250],
          "rotated": 1,
          "capInsets": [0, 0, 0, 0]
        }
      ],
      [0],
      0,
      [0],
      [0],
      [0]
    ],
    [
      [
        {
          "name": "fs_vfx_e_add_17",
          "rect": [623, 387, 102, 108],
          "offset": [4, 2],
          "originalSize": [250, 250],
          "capInsets": [0, 0, 0, 0]
        }
      ],
      [0],
      0,
      [0],
      [0],
      [0]
    ],
    [
      [
        {
          "name": "fs_vfx_e_add_05",
          "rect": [135, 141, 138, 128],
          "offset": [-1, 0],
          "originalSize": [250, 250],
          "rotated": 1,
          "capInsets": [0, 0, 0, 0]
        }
      ],
      [0],
      0,
      [0],
      [0],
      [0]
    ],
    [
      [
        {
          "name": "fs_vfx_e_add_16",
          "rect": [511, 113, 108, 116],
          "offset": [3, 3],
          "originalSize": [250, 250],
          "capInsets": [0, 0, 0, 0]
        }
      ],
      [0],
      0,
      [0],
      [0],
      [0]
    ],
    [
      [
        {
          "name": "fs_vfx_e_add_00",
          "rect": [519, 231, 106, 106],
          "offset": [-16, 6],
          "originalSize": [250, 250],
          "capInsets": [0, 0, 0, 0]
        }
      ],
      [0],
      0,
      [0],
      [0],
      [0]
    ],
    [
      [
        {
          "name": "fs_vfx_e_add_06",
          "rect": [135, 281, 138, 128],
          "offset": [-1, 3],
          "originalSize": [250, 250],
          "capInsets": [0, 0, 0, 0]
        }
      ],
      [0],
      0,
      [0],
      [0],
      [0]
    ],
    [
      [
        {
          "name": "fs_vfx_e_add_12",
          "rect": [137, 1, 132, 132],
          "offset": [-1, 5],
          "originalSize": [250, 250],
          "capInsets": [0, 0, 0, 0]
        }
      ],
      [0],
      0,
      [0],
      [0],
      [0]
    ],
    [
      [
        {
          "name": "fs_vfx_e_add_04",
          "rect": [411, 1, 138, 110],
          "offset": [-1, 8],
          "originalSize": [250, 250],
          "capInsets": [0, 0, 0, 0]
        }
      ],
      [0],
      0,
      [0],
      [0],
      [0]
    ],
    [
      [
        {
          "name": "fs_vfx_e_add_24",
          "rect": [1, 417, 96, 88],
          "offset": [-11, -8],
          "originalSize": [250, 250],
          "capInsets": [0, 0, 0, 0]
        }
      ],
      [0],
      0,
      [0],
      [0],
      [0]
    ],
    [
      [
        {
          "name": "fs_vfx_e_add_20",
          "rect": [525, 417, 88, 78],
          "offset": [-7, -10],
          "originalSize": [250, 250],
          "rotated": 1,
          "capInsets": [0, 0, 0, 0]
        }
      ],
      [0],
      0,
      [0],
      [0],
      [0]
    ],
    [
      [
        {
          "name": "fs_vfx_e_add_21",
          "rect": [627, 307, 98, 78],
          "offset": [-12, -8],
          "originalSize": [250, 250],
          "capInsets": [0, 0, 0, 0]
        }
      ],
      [0],
      0,
      [0],
      [0],
      [0]
    ],
    [
      [
        {
          "name": "fs_vfx_e_add_23",
          "rect": [627, 221, 96, 84],
          "offset": [-11, -10],
          "originalSize": [250, 250],
          "capInsets": [0, 0, 0, 0]
        }
      ],
      [0],
      0,
      [0],
      [0],
      [0]
    ],
    [
      [
        {
          "name": "fs_vfx_e_add_15",
          "rect": [551, 1, 106, 110],
          "offset": [5, 0],
          "originalSize": [250, 250],
          "capInsets": [0, 0, 0, 0]
        }
      ],
      [0],
      0,
      [0],
      [0],
      [0]
    ]
  ]
]
