[
  1,
  ["94lP+MM1pAWo+RUIl0f5WT", "33CvZblhZENambWVyFnQP7"],
  ["_textureSetter"],
  ["cc.SpriteFrame"],
  0,
  [
    [
      [
        {
          "name": "bw_vfx_p_add_27",
          "rect": [1, 403, 378, 396],
          "offset": [0, 7],
          "originalSize": [378, 410],
          "capInsets": [0, 0, 0, 0]
        }
      ],
      [0],
      0,
      [0],
      [0],
      [0]
    ],
    [
      [
        {
          "name": "bw_vfx_p_add_43",
          "rect": [1909, 1, 150, 76],
          "offset": [-86, -35],
          "originalSize": [378, 410],
          "rotated": 1,
          "capInsets": [0, 0, 0, 0]
        }
      ],
      [0],
      0,
      [0],
      [0],
      [0]
    ],
    [
      [
        {
          "name": "bw_vfx_p_add_44",
          "rect": [1909, 153, 58, 58],
          "offset": [-77, 5],
          "originalSize": [378, 410],
          "capInsets": [0, 0, 0, 0]
        }
      ],
      [0],
      0,
      [0],
      [0],
      [0]
    ],
    [
      [
        {
          "name": "bw_vfx_p_add_34",
          "rect": [381, 1065, 374, 326],
          "offset": [-2, -21],
          "originalSize": [378, 410],
          "capInsets": [0, 0, 0, 0]
        }
      ],
      [0],
      0,
      [0],
      [0],
      [0]
    ],
    [
      [
        {
          "name": "bw_vfx_p_add_29",
          "rect": [381, 1, 376, 386],
          "offset": [-1, 0],
          "originalSize": [378, 410],
          "rotated": 1,
          "capInsets": [0, 0, 0, 0]
        }
      ],
      [0],
      0,
      [0],
      [0],
      [0]
    ],
    [
      [
        {
          "name": "bw_vfx_p_add_07",
          "rect": [1, 1, 378, 292],
          "offset": [0, -53],
          "originalSize": [378, 410],
          "capInsets": [0, 0, 0, 0]
        }
      ],
      [0],
      0,
      [0],
      [0],
      [1]
    ],
    [
      [
        {
          "name": "bw_vfx_p_add_17",
          "rect": [761, 733, 378, 330],
          "offset": [0, -31],
          "originalSize": [378, 410],
          "capInsets": [0, 0, 0, 0]
        }
      ],
      [0],
      0,
      [0],
      [0],
      [0]
    ],
    [
      [
        {
          "name": "bw_vfx_p_add_02",
          "rect": [1131, 1791, 320, 218],
          "offset": [-18, -90],
          "originalSize": [378, 410],
          "capInsets": [0, 0, 0, 0]
        }
      ],
      [0],
      0,
      [0],
      [0],
      [0]
    ],
    [
      [
        {
          "name": "bw_vfx_p_add_18",
          "rect": [1531, 717, 378, 344],
          "offset": [0, -23],
          "originalSize": [378, 410],
          "capInsets": [0, 0, 0, 0]
        }
      ],
      [0],
      0,
      [0],
      [0],
      [0]
    ],
    [
      [
        {
          "name": "bw_vfx_p_add_16",
          "rect": [757, 1065, 378, 320],
          "offset": [0, -37],
          "originalSize": [378, 410],
          "capInsets": [0, 0, 0, 0]
        }
      ],
      [0],
      0,
      [0],
      [0],
      [0]
    ],
    [
      [
        {
          "name": "bw_vfx_p_add_01",
          "rect": [1829, 1743, 290, 198],
          "offset": [-17, -100],
          "originalSize": [378, 410],
          "rotated": 1,
          "capInsets": [0, 0, 0, 0]
        }
      ],
      [0],
      0,
      [0],
      [0],
      [0]
    ],
    [
      [
        {
          "name": "bw_vfx_p_add_31",
          "rect": [1, 1587, 378, 390],
          "offset": [0, 4],
          "originalSize": [378, 410],
          "capInsets": [0, 0, 0, 0]
        }
      ],
      [0],
      0,
      [0],
      [0],
      [0]
    ],
    [
      [
        {
          "name": "bw_vfx_p_add_46",
          "rect": [1, 1979, 3, 3],
          "offset": [-187.5, 203.5],
          "originalSize": [378, 410],
          "capInsets": [0, 0, 0, 0]
        }
      ],
      [0],
      0,
      [0],
      [0],
      [0]
    ],
    [
      [
        {
          "name": "bw_vfx_p_add_14",
          "rect": [1137, 1411, 378, 314],
          "offset": [0, -39],
          "originalSize": [378, 410],
          "rotated": 1,
          "capInsets": [0, 0, 0, 0]
        }
      ],
      [0],
      0,
      [0],
      [0],
      [0]
    ],
    [
      [
        {
          "name": "bw_vfx_p_add_08",
          "rect": [381, 1721, 364, 312],
          "offset": [-7, -43],
          "originalSize": [378, 410],
          "capInsets": [0, 0, 0, 0]
        }
      ],
      [0],
      0,
      [0],
      [0],
      [0]
    ],
    [
      [
        {
          "name": "bw_vfx_p_add_24",
          "rect": [1, 1195, 378, 390],
          "offset": [0, 0],
          "originalSize": [378, 410],
          "capInsets": [0, 0, 0, 0]
        }
      ],
      [0],
      0,
      [0],
      [0],
      [0]
    ],
    [
      [
        {
          "name": "bw_vfx_p_add_22",
          "rect": [1151, 365, 378, 358],
          "offset": [0, -16],
          "originalSize": [378, 410],
          "capInsets": [0, 0, 0, 0]
        }
      ],
      [0],
      0,
      [0],
      [0],
      [0]
    ],
    [
      [
        {
          "name": "bw_vfx_p_add_36",
          "rect": [349, 813, 312, 324],
          "offset": [-33, -22],
          "originalSize": [378, 410],
          "rotated": 1,
          "capInsets": [0, 0, 0, 0]
        }
      ],
      [0],
      0,
      [0],
      [0],
      [1]
    ],
    [
      [
        {
          "name": "bw_vfx_p_add_37",
          "rect": [381, 281, 376, 280],
          "offset": [-1, 6],
          "originalSize": [378, 410],
          "capInsets": [0, 0, 0, 0]
        }
      ],
      [0],
      0,
      [0],
      [0],
      [1]
    ],
    [
      [
        {
          "name": "bw_vfx_p_add_40",
          "rect": [1137, 1071, 356, 338],
          "offset": [11, -21],
          "originalSize": [378, 410],
          "capInsets": [0, 0, 0, 0]
        }
      ],
      [0],
      0,
      [0],
      [0],
      [0]
    ],
    [
      [
        {
          "name": "bw_vfx_p_add_42",
          "rect": [1875, 1405, 336, 158],
          "offset": [21, -115],
          "originalSize": [378, 410],
          "rotated": 1,
          "capInsets": [0, 0, 0, 0]
        }
      ],
      [0],
      0,
      [0],
      [0],
      [0]
    ],
    [
      [
        {
          "name": "bw_vfx_p_add_13",
          "rect": [1531, 1, 376, 362],
          "offset": [1, -18],
          "originalSize": [378, 410],
          "capInsets": [0, 0, 0, 0]
        }
      ],
      [0],
      0,
      [0],
      [0],
      [0]
    ],
    [
      [
        {
          "name": "bw_vfx_p_add_30",
          "rect": [1, 295, 372, 308],
          "offset": [-3, -40],
          "originalSize": [378, 410],
          "capInsets": [0, 0, 0, 0]
        }
      ],
      [0],
      0,
      [0],
      [0],
      [1]
    ],
    [
      [
        {
          "name": "bw_vfx_p_add_26",
          "rect": [1, 1, 378, 400],
          "offset": [0, 5],
          "originalSize": [378, 410],
          "capInsets": [0, 0, 0, 0]
        }
      ],
      [0],
      0,
      [0],
      [0],
      [0]
    ],
    [
      [
        {
          "name": "bw_vfx_p_add_23",
          "rect": [1151, 1, 378, 362],
          "offset": [0, -13],
          "originalSize": [378, 410],
          "capInsets": [0, 0, 0, 0]
        }
      ],
      [0],
      0,
      [0],
      [0],
      [0]
    ],
    [
      [
        {
          "name": "bw_vfx_p_add_33",
          "rect": [751, 1707, 378, 312],
          "offset": [0, -38],
          "originalSize": [378, 410],
          "capInsets": [0, 0, 0, 0]
        }
      ],
      [0],
      0,
      [0],
      [0],
      [0]
    ],
    [
      [
        {
          "name": "bw_vfx_p_add_10",
          "rect": [381, 733, 378, 330],
          "offset": [0, -34],
          "originalSize": [378, 410],
          "capInsets": [0, 0, 0, 0]
        }
      ],
      [0],
      0,
      [0],
      [0],
      [0]
    ],
    [
      [
        {
          "name": "bw_vfx_p_add_03",
          "rect": [1, 605, 346, 234],
          "offset": [-16, -81],
          "originalSize": [378, 410],
          "capInsets": [0, 0, 0, 0]
        }
      ],
      [0],
      0,
      [0],
      [0],
      [1]
    ],
    [
      [
        {
          "name": "bw_vfx_p_add_15",
          "rect": [757, 1387, 378, 318],
          "offset": [0, -37],
          "originalSize": [378, 410],
          "capInsets": [0, 0, 0, 0]
        }
      ],
      [0],
      0,
      [0],
      [0],
      [0]
    ],
    [
      [
        {
          "name": "bw_vfx_p_add_28",
          "rect": [769, 1, 374, 380],
          "offset": [-2, 0],
          "originalSize": [378, 410],
          "rotated": 1,
          "capInsets": [0, 0, 0, 0]
        }
      ],
      [0],
      0,
      [0],
      [0],
      [0]
    ],
    [
      [
        {
          "name": "bw_vfx_p_add_25",
          "rect": [1, 801, 378, 392],
          "offset": [0, 2],
          "originalSize": [378, 410],
          "capInsets": [0, 0, 0, 0]
        }
      ],
      [0],
      0,
      [0],
      [0],
      [0]
    ],
    [
      [
        {
          "name": "bw_vfx_p_add_05",
          "rect": [759, 409, 370, 264],
          "offset": [-4, -67],
          "originalSize": [378, 410],
          "rotated": 1,
          "capInsets": [0, 0, 0, 0]
        }
      ],
      [0],
      0,
      [0],
      [0],
      [1]
    ],
    [
      [
        {
          "name": "bw_vfx_p_add_32",
          "rect": [1453, 1723, 374, 310],
          "offset": [-2, -39],
          "originalSize": [378, 410],
          "capInsets": [0, 0, 0, 0]
        }
      ],
      [0],
      0,
      [0],
      [0],
      [0]
    ],
    [
      [
        {
          "name": "bw_vfx_p_add_39",
          "rect": [675, 813, 322, 310],
          "offset": [-28, -30],
          "originalSize": [378, 410],
          "capInsets": [0, 0, 0, 0]
        }
      ],
      [0],
      0,
      [0],
      [0],
      [1]
    ],
    [
      [
        {
          "name": "bw_vfx_p_add_45",
          "rect": [1, 1979, 3, 3],
          "offset": [-187.5, 203.5],
          "originalSize": [378, 410],
          "capInsets": [0, 0, 0, 0]
        }
      ],
      [0],
      0,
      [0],
      [0],
      [0]
    ],
    [
      [
        {
          "name": "bw_vfx_p_add_41",
          "rect": [761, 1, 226, 260],
          "offset": [11, -1],
          "originalSize": [378, 410],
          "rotated": 1,
          "capInsets": [0, 0, 0, 0]
        }
      ],
      [0],
      0,
      [0],
      [0],
      [1]
    ],
    [
      [
        {
          "name": "bw_vfx_p_add_19",
          "rect": [769, 377, 378, 354],
          "offset": [0, -20],
          "originalSize": [378, 410],
          "capInsets": [0, 0, 0, 0]
        }
      ],
      [0],
      0,
      [0],
      [0],
      [0]
    ],
    [
      [
        {
          "name": "bw_vfx_p_add_11",
          "rect": [1529, 1063, 378, 340],
          "offset": [0, -29],
          "originalSize": [378, 410],
          "capInsets": [0, 0, 0, 0]
        }
      ],
      [0],
      0,
      [0],
      [0],
      [0]
    ],
    [
      [
        {
          "name": "bw_vfx_p_add_35",
          "rect": [1495, 1405, 378, 316],
          "offset": [0, -26],
          "originalSize": [378, 410],
          "capInsets": [0, 0, 0, 0]
        }
      ],
      [0],
      0,
      [0],
      [0],
      [0]
    ],
    [
      [
        {
          "name": "bw_vfx_p_add_09",
          "rect": [381, 1393, 368, 326],
          "offset": [-5, -35],
          "originalSize": [378, 410],
          "capInsets": [0, 0, 0, 0]
        }
      ],
      [0],
      0,
      [0],
      [0],
      [0]
    ],
    [
      [
        {
          "name": "bw_vfx_p_add_21",
          "rect": [381, 379, 378, 352],
          "offset": [0, -21],
          "originalSize": [378, 410],
          "capInsets": [0, 0, 0, 0]
        }
      ],
      [0],
      0,
      [0],
      [0],
      [0]
    ],
    [
      [
        {
          "name": "bw_vfx_p_add_12",
          "rect": [1531, 365, 378, 350],
          "offset": [0, -24],
          "originalSize": [378, 410],
          "capInsets": [0, 0, 0, 0]
        }
      ],
      [0],
      0,
      [0],
      [0],
      [0]
    ],
    [
      [
        {
          "name": "bw_vfx_p_add_38",
          "rect": [1, 841, 324, 290],
          "offset": [-27, 0],
          "originalSize": [378, 410],
          "capInsets": [0, 0, 0, 0]
        }
      ],
      [0],
      0,
      [0],
      [0],
      [1]
    ],
    [
      [
        {
          "name": "bw_vfx_p_add_00",
          "rect": [761, 229, 260, 178],
          "offset": [-15, -110],
          "originalSize": [378, 410],
          "capInsets": [0, 0, 0, 0]
        }
      ],
      [0],
      0,
      [0],
      [0],
      [1]
    ],
    [
      [
        {
          "name": "bw_vfx_p_add_04",
          "rect": [375, 563, 358, 248],
          "offset": [-10, -74],
          "originalSize": [378, 410],
          "capInsets": [0, 0, 0, 0]
        }
      ],
      [0],
      0,
      [0],
      [0],
      [1]
    ],
    [
      [
        {
          "name": "bw_vfx_p_add_20",
          "rect": [1149, 725, 378, 344],
          "offset": [0, -25],
          "originalSize": [378, 410],
          "capInsets": [0, 0, 0, 0]
        }
      ],
      [0],
      0,
      [0],
      [0],
      [0]
    ],
    [
      [
        {
          "name": "bw_vfx_p_add_06",
          "rect": [381, 1, 378, 278],
          "offset": [0, -60],
          "originalSize": [378, 410],
          "capInsets": [0, 0, 0, 0]
        }
      ],
      [0],
      0,
      [0],
      [0],
      [1]
    ]
  ]
]
