[
  1,
  [
    "40Vwu17ZNBnJrOfAA0U7M8",
    "b4d3SZefhOyZkXOu6eunbt",
    "0bEeB4wyNE8qBjtpOIusJl",
    "a7OLl8zxNGs79j2a4dkG88",
    "5bOSoR9XlFwpQejoZ0InQf",
    "d2Yv61yDJAV6GShMbrkpH2",
    "eajLtgX+FFI6wz+7EJG8r5",
    "ccsneBqp5LzK3ynrcM6aHd",
    "60kdPG0VpO6qFPXOaxlWhF",
    "6cm6u9Z6RNCp7seuzauJaU",
    "2f/cC+nK9IjKT8GESdlSPU",
    "6dIRUFxJZBx5QbeQWOBCC8",
    "4d9kCwW2xHc7NfubuYlsgL",
    "a8GouLgbtOd5Ftw5xOUqoq",
    "06FlFDiXJN4bSM/CPxvBCp",
    "5bzhkIdd1H/7QWXT3Y7aYP",
    "dbzZndoPlF8Zbl2Attu/Dg",
    "27lF/Qum9MVbNF1txrSHcD",
    "c0UcDwo3JNHYenMoLaFufQ",
    "68jgOHe2lBU5PHs2lzhWHo",
    "62TBscIdFIKK3tRuxX/Vtj",
    "82F75PiIdDI5eEEooXJU7I",
    "5fBy5Anm9KO6IJ6lnuzKDW",
    "9a2UU4j+BFA75x8mkxZizo",
    "15suLuJeBEiKKSTTPPGYuQ",
    "40dby3dtJOK66wWC86yuf9",
    "car8nx0JNByKQD9tJKt2Xo",
    "23waRRu3pEs6wJZ1QaOXl0",
    "5dTSaJWx5Nur+zsGFXFe8V",
    "f9dMgaHG1NtoAL7UOWoDfM"
  ],
  ["_textureSetter", "value"],
  [
    "cc.SpriteFrame",
    ["cc.AnimationClip", ["_name", "_duration", "sample", "curveData"], 0, 11]
  ],
  [[1, 0, 1, 2, 3, 4]],
  [
    [
      [
        {
          "name": "wh_vfx_e_add_13",
          "rect": [367, 1, 156, 180],
          "offset": [-14, -1],
          "originalSize": [240, 240],
          "rotated": 1,
          "capInsets": [0, 0, 0, 0]
        }
      ],
      [0],
      0,
      [0],
      [0],
      [0]
    ],
    [
      [
        {
          "name": "wh_vfx_e_add_01",
          "rect": [361, 187, 3, 3],
          "offset": [-118.5, 118.5],
          "originalSize": [240, 240],
          "capInsets": [0, 0, 0, 0]
        }
      ],
      [0],
      0,
      [0],
      [0],
      [0]
    ],
    [
      [
        {
          "name": "wh_vfx_e_add_23",
          "rect": [301, 705, 104, 108],
          "offset": [9, 7],
          "originalSize": [240, 240],
          "capInsets": [0, 0, 0, 0]
        }
      ],
      [0],
      0,
      [0],
      [0],
      [0]
    ],
    [
      [
        {
          "name": "wh_vfx_e_add_26",
          "rect": [609, 705, 60, 76],
          "offset": [3, -5],
          "originalSize": [240, 240],
          "capInsets": [0, 0, 0, 0]
        }
      ],
      [0],
      0,
      [0],
      [0],
      [0]
    ],
    [
      [
        {
          "name": "wh_vfx_e_add_16",
          "rect": [151, 667, 140, 148],
          "offset": [1, -6],
          "originalSize": [240, 240],
          "rotated": 1,
          "capInsets": [0, 0, 0, 0]
        }
      ],
      [0],
      0,
      [0],
      [0],
      [0]
    ],
    [
      [
        {
          "name": "wh_vfx_e_add_09",
          "rect": [185, 179, 168, 174],
          "offset": [-7, -2],
          "originalSize": [240, 240],
          "rotated": 1,
          "capInsets": [0, 0, 0, 0]
        }
      ],
      [0],
      0,
      [0],
      [0],
      [0]
    ],
    [
      [
        {
          "name": "wh_vfx_e_add_24",
          "rect": [513, 705, 94, 104],
          "offset": [8, 5],
          "originalSize": [240, 240],
          "capInsets": [0, 0, 0, 0]
        }
      ],
      [0],
      0,
      [0],
      [0],
      [0]
    ],
    [
      [
        {
          "name": "wh_vfx_e_add_11",
          "rect": [1, 1, 180, 182],
          "offset": [-3, -3],
          "originalSize": [240, 240],
          "rotated": 1,
          "capInsets": [0, 0, 0, 0]
        }
      ],
      [0],
      0,
      [0],
      [0],
      [0]
    ],
    [
      [
        {
          "name": "wh_vfx_e_add_03",
          "rect": [547, 259, 130, 136],
          "offset": [-7, -3],
          "originalSize": [240, 240],
          "capInsets": [0, 0, 0, 0]
        }
      ],
      [0],
      0,
      [0],
      [0],
      [0]
    ],
    [
      [
        {
          "name": "wh_vfx_e_add_14",
          "rect": [1, 355, 154, 166],
          "offset": [-14, -8],
          "originalSize": [240, 240],
          "rotated": 1,
          "capInsets": [0, 0, 0, 0]
        }
      ],
      [0],
      0,
      [0],
      [0],
      [0]
    ],
    [
      [
        {
          "name": "wh_vfx_e_add_27",
          "rect": [535, 331, 10, 10],
          "offset": [9, 10],
          "originalSize": [240, 240],
          "capInsets": [0, 0, 0, 0]
        }
      ],
      [0],
      0,
      [0],
      [0],
      [0]
    ],
    [
      [
        {
          "name": "wh_vfx_e_add_21",
          "rect": [287, 547, 106, 112],
          "offset": [8, 6],
          "originalSize": [240, 240],
          "capInsets": [0, 0, 0, 0]
        }
      ],
      [0],
      0,
      [0],
      [0],
      [0]
    ],
    [
      [
        {
          "name": "wh_vfx_e_add_07",
          "rect": [1, 183, 172, 170],
          "offset": [-1, -2],
          "originalSize": [240, 240],
          "capInsets": [0, 0, 0, 0]
        }
      ],
      [0],
      0,
      [0],
      [0],
      [0]
    ],
    [
      [
        {
          "name": "wh_vfx_e_add_19",
          "rect": [549, 1, 108, 126],
          "offset": [8, 5],
          "originalSize": [240, 240],
          "rotated": 1,
          "capInsets": [0, 0, 0, 0]
        }
      ],
      [0],
      0,
      [0],
      [0],
      [0]
    ],
    [
      [
        {
          "name": "wh_vfx_e_add_18",
          "rect": [549, 111, 124, 146],
          "offset": [2, -6],
          "originalSize": [240, 240],
          "capInsets": [0, 0, 0, 0]
        }
      ],
      [0],
      0,
      [0],
      [0],
      [0]
    ],
    [
      [
        {
          "name": "wh_vfx_e_add_08",
          "rect": [361, 331, 170, 172],
          "offset": [-3, -1],
          "originalSize": [240, 240],
          "rotated": 1,
          "capInsets": [0, 0, 0, 0]
        }
      ],
      [0],
      0,
      [0],
      [0],
      [0]
    ],
    [
      [
        {
          "name": "wh_vfx_e_add_10",
          "rect": [367, 159, 170, 178],
          "offset": [-4, 0],
          "originalSize": [240, 240],
          "rotated": 1,
          "capInsets": [0, 0, 0, 0]
        }
      ],
      [0],
      0,
      [0],
      [0],
      [0]
    ],
    [
      [
        {
          "name": "wh_vfx_e_add_20",
          "rect": [395, 503, 108, 120],
          "offset": [8, 8],
          "originalSize": [240, 240],
          "rotated": 1,
          "capInsets": [0, 0, 0, 0]
        }
      ],
      [0],
      0,
      [0],
      [0],
      [0]
    ],
    [
      [
        {
          "name": "wh_vfx_e_add_22",
          "rect": [407, 703, 104, 110],
          "offset": [9, 7],
          "originalSize": [240, 240],
          "capInsets": [0, 0, 0, 0]
        }
      ],
      [0],
      0,
      [0],
      [0],
      [0]
    ],
    [
      [
        {
          "name": "wh_vfx_e_add_02",
          "rect": [163, 547, 118, 122],
          "offset": [-2, -2],
          "originalSize": [240, 240],
          "rotated": 1,
          "capInsets": [0, 0, 0, 0]
        }
      ],
      [0],
      0,
      [0],
      [0],
      [0]
    ],
    [
      [
        {
          "name": "wh_vfx_e_add_12",
          "rect": [185, 1, 176, 180],
          "offset": [-5, -1],
          "originalSize": [240, 240],
          "rotated": 1,
          "capInsets": [0, 0, 0, 0]
        }
      ],
      [0],
      0,
      [0],
      [0],
      [0]
    ],
    [
      [
        [
          0,
          "wh_vfx_e",
          1.25,
          24,
          [
            {},
            "comps",
            11,
            [
              {},
              "cc.Sprite",
              11,
              [
                {},
                "spriteFrame",
                12,
                [
                  [
                    [{ "frame": 0 }, "value", 6, 0],
                    [{ "frame": 0.041666666666666664 }, "value", 6, 1],
                    [{ "frame": 0.08333333333333333 }, "value", 6, 2],
                    [{ "frame": 0.125 }, "value", 6, 3],
                    [{ "frame": 0.16666666666666666 }, "value", 6, 4],
                    [{ "frame": 0.20833333333333334 }, "value", 6, 5],
                    [{ "frame": 0.25 }, "value", 6, 6],
                    [{ "frame": 0.2916666666666667 }, "value", 6, 7],
                    [{ "frame": 0.3333333333333333 }, "value", 6, 8],
                    [{ "frame": 0.375 }, "value", 6, 9],
                    [{ "frame": 0.4166666666666667 }, "value", 6, 10],
                    [{ "frame": 0.4583333333333333 }, "value", 6, 11],
                    [{ "frame": 0.5 }, "value", 6, 12],
                    [{ "frame": 0.5416666666666666 }, "value", 6, 13],
                    [{ "frame": 0.5833333333333334 }, "value", 6, 14],
                    [{ "frame": 0.625 }, "value", 6, 15],
                    [{ "frame": 0.6666666666666666 }, "value", 6, 16],
                    [{ "frame": 0.7083333333333334 }, "value", 6, 17],
                    [{ "frame": 0.75 }, "value", 6, 18],
                    [{ "frame": 0.7916666666666666 }, "value", 6, 19],
                    [{ "frame": 0.8333333333333334 }, "value", 6, 20],
                    [{ "frame": 0.875 }, "value", 6, 21],
                    [{ "frame": 0.9166666666666666 }, "value", 6, 22],
                    [{ "frame": 0.9583333333333334 }, "value", 6, 23],
                    [{ "frame": 1 }, "value", 6, 24],
                    [{ "frame": 1.0416666666666667 }, "value", 6, 25],
                    [{ "frame": 1.0833333333333333 }, "value", 6, 26],
                    [{ "frame": 1.125 }, "value", 6, 27],
                    [{ "frame": 1.1666666666666667 }, "value", 6, 28],
                    { "frame": 1.2083333333333333, "value": null }
                  ],
                  11,
                  11,
                  11,
                  11,
                  11,
                  11,
                  11,
                  11,
                  11,
                  11,
                  11,
                  11,
                  11,
                  11,
                  11,
                  11,
                  11,
                  11,
                  11,
                  11,
                  11,
                  11,
                  11,
                  11,
                  11,
                  11,
                  11,
                  11,
                  11,
                  0
                ]
              ]
            ]
          ]
        ]
      ],
      0,
      0,
      [
        0, 0, 0, 0, 0, 0, 0, 0, 0, 0, 0, 0, 0, 0, 0, 0, 0, 0, 0, 0, 0, 0, 0, 0,
        0, 0, 0, 0, 0
      ],
      [
        1, 1, 1, 1, 1, 1, 1, 1, 1, 1, 1, 1, 1, 1, 1, 1, 1, 1, 1, 1, 1, 1, 1, 1,
        1, 1, 1, 1, 1
      ],
      [
        1, 2, 3, 4, 5, 6, 7, 8, 9, 10, 11, 12, 13, 14, 15, 16, 17, 18, 19, 20,
        21, 22, 23, 24, 25, 26, 27, 28, 29
      ]
    ],
    [
      [
        {
          "name": "wh_vfx_e_add_00",
          "rect": [361, 187, 3, 3],
          "offset": [-118.5, 118.5],
          "originalSize": [240, 240],
          "capInsets": [0, 0, 0, 0]
        }
      ],
      [0],
      0,
      [0],
      [0],
      [0]
    ],
    [
      [
        {
          "name": "wh_vfx_e_add_17",
          "rect": [535, 397, 142, 148],
          "offset": [2, -6],
          "originalSize": [240, 240],
          "capInsets": [0, 0, 0, 0]
        }
      ],
      [0],
      0,
      [0],
      [0],
      [0]
    ],
    [
      [
        {
          "name": "wh_vfx_e_add_25",
          "rect": [395, 613, 72, 88],
          "offset": [7, 1],
          "originalSize": [240, 240],
          "capInsets": [0, 0, 0, 0]
        }
      ],
      [0],
      0,
      [0],
      [0],
      [0]
    ],
    [
      [
        {
          "name": "wh_vfx_e_add_06",
          "rect": [175, 349, 166, 166],
          "offset": [-1, -2],
          "originalSize": [240, 240],
          "capInsets": [0, 0, 0, 0]
        }
      ],
      [0],
      0,
      [0],
      [0],
      [0]
    ],
    [
      [
        {
          "name": "wh_vfx_e_add_04",
          "rect": [1, 667, 140, 148],
          "offset": [-7, -2],
          "originalSize": [240, 240],
          "rotated": 1,
          "capInsets": [0, 0, 0, 0]
        }
      ],
      [0],
      0,
      [0],
      [0],
      [0]
    ],
    [
      [
        {
          "name": "wh_vfx_e_add_15",
          "rect": [1, 511, 154, 160],
          "offset": [-13, -11],
          "originalSize": [240, 240],
          "rotated": 1,
          "capInsets": [0, 0, 0, 0]
        }
      ],
      [0],
      0,
      [0],
      [0],
      [0]
    ],
    [
      [
        {
          "name": "wh_vfx_e_add_05",
          "rect": [517, 547, 156, 158],
          "offset": [-4, -2],
          "originalSize": [240, 240],
          "rotated": 1,
          "capInsets": [0, 0, 0, 0]
        }
      ],
      [0],
      0,
      [0],
      [0],
      [0]
    ],
    [
      [
        {
          "name": "wh_vfx_e_add_28",
          "rect": [361, 179, 4, 6],
          "offset": [9, 10],
          "originalSize": [240, 240],
          "capInsets": [0, 0, 0, 0]
        }
      ],
      [0],
      0,
      [0],
      [0],
      [0]
    ]
  ]
]
