[
  1,
  [
    "ecpdLyjvZBwrvm+cedCcQy",
    "0f5+mD3y1A6aXyhpzd37Yu",
    "15fmOMrPFKJpNok7sjGBNq",
    "bdm7VzdIxLeL/U5W8+H2Cy",
    "8bOj5/sF1DY7+cAOBtDctM",
    "53xsTG8q1E3aINLN44M/YX",
    "47nPC9nGJLzJZpmOTbKEB+",
    "94Y6Bh47RGloWmcfv480xp",
    "e1J6usPLFAC7cSiACfcGS4",
    "eflWCTcMhGi7GnJ+z8VGuD",
    "b4sE8I9FNIC77+04bTwOVN",
    "86SRw4UXJBjqjQfxIOYrge",
    "f7lLMOvqVJAp9Z2b7yWZqU",
    "36kxWi3oNIcJTyI3VUyCTn",
    "6cNDNGa8RKCYEbbhNWimzE",
    "a6eWPZXCFKNJRa5dJ//Qrx",
    "c9FsomwU5MzJ7tKENDjF0U",
    "baXaMD07JORoqeBB4F5rlv",
    "820LKCs3RKXocfMsfd6zvk",
    "9e2Y4bP9hDT4adzuLOHoBt",
    "59cCdjExhNxYzaP/g+lb1W",
    "b7QRWbgIFITrrjEFuoUXzq",
    "beBZW+qN1Cva70fjxK4GfQ",
    "49k8j1EBNMrpqHVbaj/VJQ",
    "8dNYg0CORJiahErftMHHR3",
    "b5CwuCyUtInoSCQLk2x6C/",
    "e0Uh4ny7RDnJB7+tS1Q/GE",
    "44OveZBAVFkYGKJlcPSqZx",
    "bcUtCD4qJCPq6ub+YgXSsK",
    "c7qW7L40ZKiKA1zHuKlEVW",
    "0bSv0+qpJPrbi0GeN67i61",
    "eekTfDcntCUqekp2GJqZSz",
    "fekT3uq/RI/LC8xBmql8wa",
    "6caiZVcY1OnZymIGij8NOI",
    "6dipMmZdpKfILTN0pJGFwM",
    "2eIVZxmrtPCo+9Eo1jj8z1",
    "291IDqAQdIgaXV6ggkXlHE",
    "a2MjXRFdtLlYQ5ouAFv/+R",
    "ce4QEXYKBHuYXMgXzcKI59",
    "02nxKYLgNGtqkY4LEO88G9",
    "7a/QZLET9IDreTiBfRn2PD",
    "b4iFGRbkZPALWtO2eL5hl/",
    "30mHu5G89MQbMLf3XeAGWM",
    "56dNvAeH9JspnBn4FqzCYp",
    "4avMieLVBPHq4oc4onbXQQ",
    "2c/IvAE69GWaLrKSQiEMyX",
    "26WRwZIUhNVZf0lM3yKZ3a"
  ],
  [
    "value",
    "node",
    "_spriteFrame",
    "_textureSetter",
    "root",
    "spineAnimation",
    "bnsDescSprite",
    "bnsTitleSprite",
    "activeDialog",
    "data",
    "_N$skeletonData",
    "_defaultClip"
  ],
  [
    "cc.SpriteFrame",
    [
      "cc.Node",
      [
        "_name",
        "_opacity",
        "_parent",
        "_components",
        "_prefab",
        "_contentSize",
        "_trs",
        "_children",
        "_color",
        "_eulerAngles"
      ],
      1,
      1,
      9,
      4,
      5,
      7,
      2,
      5,
      5
    ],
    [
      "cc.Sprite",
      [
        "_sizeMode",
        "_isTrimmedMode",
        "_dstBlendFactor",
        "node",
        "_materials",
        "_spriteFrame"
      ],
      0,
      1,
      3,
      6
    ],
    [
      "cc.Node",
      [
        "_name",
        "_opacity",
        "_parent",
        "_components",
        "_prefab",
        "_contentSize",
        "_trs",
        "_anchorPoint"
      ],
      1,
      1,
      2,
      4,
      5,
      7,
      5
    ],
    ["cc.PrefabInfo", ["fileId", "root", "asset"], 2, 1, 1],
    ["cc.AnimationClip", ["_name", "_duration", "sample", "curveData"], 0, 11],
    ["cc.Prefab", ["_name"], 2],
    ["cc.Node", ["_name", "_children", "_components", "_prefab"], 2, 2, 12, 4],
    [
      "c6f739FzDhAqIgS+SHmAnOF",
      [
        "node",
        "activeDialog",
        "bnsTitleSprite",
        "bnsDescSprite",
        "spineAnimation"
      ],
      3,
      1,
      1,
      1,
      1,
      1
    ],
    [
      "sp.Skeleton",
      [
        "defaultSkin",
        "defaultAnimation",
        "_preCacheMode",
        "_animationName",
        "node",
        "_materials"
      ],
      -1,
      1,
      3
    ],
    ["cc.Animation", ["node", "_clips"], 3, 1, 3]
  ],
  [
    [4, 0, 1, 2, 2],
    [1, 0, 2, 3, 4, 5, 6, 2],
    [1, 0, 1, 2, 3, 4, 5, 6, 3],
    [2, 0, 1, 3, 4, 5, 3],
    [2, 3, 4, 5, 1],
    [2, 2, 0, 1, 3, 4, 4],
    [1, 0, 1, 2, 3, 4, 5, 6, 9, 3],
    [2, 2, 0, 1, 3, 4, 5, 4],
    [2, 3, 4, 1],
    [5, 0, 1, 2, 3, 4],
    [6, 0, 2],
    [7, 0, 1, 2, 3, 2],
    [1, 0, 1, 2, 7, 3, 4, 5, 6, 3],
    [1, 0, 1, 2, 3, 4, 8, 5, 3],
    [3, 0, 1, 2, 3, 4, 5, 3],
    [3, 0, 2, 3, 4, 5, 6, 2],
    [3, 0, 2, 3, 4, 5, 7, 6, 2],
    [8, 0, 1, 2, 3, 4, 1],
    [4, 1, 2, 1],
    [4, 0, 1, 2],
    [9, 0, 1, 2, 3, 4, 5, 5],
    [10, 0, 1, 1]
  ],
  [
    [
      [
        {
          "name": "bns_06_add",
          "rect": [759, 1, 540, 1170],
          "offset": [0, 0],
          "originalSize": [540, 1170],
          "rotated": 1,
          "capInsets": [0, 0, 0, 0]
        }
      ],
      [0],
      0,
      [0],
      [3],
      [35]
    ],
    [
      [
        [
          9,
          "free_spin_active_dialog",
          2.0555555555555554,
          18,
          [
            { "props": { "opacity": [] } },
            "paths",
            11,
            [
              {
                "sprite_splash": {
                  "props": {
                    "opacity": [
                      { "frame": 0, "value": 0 },
                      { "frame": 0.3333333333333333, "value": 127 },
                      { "frame": 1.5555555555555556, "value": 127 },
                      { "frame": 2.0555555555555554, "value": 0 }
                    ]
                  }
                }
              },
              "bns_05_add_01",
              11,
              [
                {
                  "props": {
                    "scale": [],
                    "opacity": [
                      { "frame": 0, "value": 0 },
                      { "frame": 0.3333333333333333, "value": 255 }
                    ]
                  }
                },
                "comps",
                11,
                [
                  {},
                  "cc.Sprite",
                  11,
                  [
                    {},
                    "spriteFrame",
                    12,
                    [
                      [
                        [{ "frame": 0.16666666666666666 }, "value", 6, 0],
                        [{ "frame": 0.2222222222222222 }, "value", 6, 1],
                        [{ "frame": 0.2777777777777778 }, "value", 6, 2],
                        [{ "frame": 0.3333333333333333 }, "value", 6, 3],
                        [{ "frame": 0.3888888888888889 }, "value", 6, 4],
                        [{ "frame": 0.4444444444444444 }, "value", 6, 5],
                        [{ "frame": 0.5 }, "value", 6, 6],
                        [{ "frame": 0.5555555555555556 }, "value", 6, 7],
                        [{ "frame": 0.6111111111111112 }, "value", 6, 8],
                        [{ "frame": 0.6666666666666666 }, "value", 6, 9],
                        [{ "frame": 0.7222222222222222 }, "value", 6, 10],
                        [{ "frame": 0.7777777777777778 }, "value", 6, 11],
                        [{ "frame": 0.8333333333333334 }, "value", 6, 12],
                        [{ "frame": 0.8888888888888888 }, "value", 6, 13],
                        [{ "frame": 0.9444444444444444 }, "value", 6, 14],
                        [{ "frame": 1 }, "value", 6, 15],
                        [{ "frame": 1.0555555555555556 }, "value", 6, 16],
                        [{ "frame": 1.1111111111111112 }, "value", 6, 17],
                        [{ "frame": 1.1666666666666667 }, "value", 6, 18],
                        [{ "frame": 1.2222222222222223 }, "value", 6, 19],
                        [{ "frame": 1.2777777777777777 }, "value", 6, 20],
                        [{ "frame": 1.3333333333333333 }, "value", 6, 21],
                        [{ "frame": 1.3888888888888888 }, "value", 6, 22],
                        [{ "frame": 1.4444444444444444 }, "value", 6, 23],
                        [{ "frame": 1.5 }, "value", 6, 24],
                        [{ "frame": 1.5555555555555556 }, "value", 6, 25],
                        [{ "frame": 1.6111111111111112 }, "value", 6, 26],
                        [{ "frame": 1.6666666666666667 }, "value", 6, 27],
                        [{ "frame": 1.7222222222222223 }, "value", 6, 28],
                        [{ "frame": 1.7777777777777777 }, "value", 6, 29],
                        [{ "frame": 1.8333333333333333 }, "value", 6, 30],
                        [{ "frame": 1.8888888888888888 }, "value", 6, 31],
                        [{ "frame": 1.9444444444444444 }, "value", 6, 32]
                      ],
                      11,
                      11,
                      11,
                      11,
                      11,
                      11,
                      11,
                      11,
                      11,
                      11,
                      11,
                      11,
                      11,
                      11,
                      11,
                      11,
                      11,
                      11,
                      11,
                      11,
                      11,
                      11,
                      11,
                      11,
                      11,
                      11,
                      11,
                      11,
                      11,
                      11,
                      11,
                      11,
                      11
                    ]
                  ]
                ]
              ],
              "bns_05_add_02",
              11,
              [
                {
                  "props": {
                    "scale": [],
                    "opacity": [
                      { "frame": 0, "value": 0 },
                      { "frame": 0.3333333333333333, "value": 255 }
                    ]
                  }
                },
                "comps",
                11,
                [
                  {},
                  "cc.Sprite",
                  11,
                  [
                    {},
                    "spriteFrame",
                    12,
                    [
                      [
                        [{ "frame": 0.16666666666666666 }, "value", 6, 33],
                        [{ "frame": 0.2222222222222222 }, "value", 6, 34],
                        [{ "frame": 0.2777777777777778 }, "value", 6, 35],
                        [{ "frame": 0.3333333333333333 }, "value", 6, 36],
                        [{ "frame": 0.3888888888888889 }, "value", 6, 37],
                        [{ "frame": 0.4444444444444444 }, "value", 6, 38],
                        [{ "frame": 0.5 }, "value", 6, 39],
                        [{ "frame": 0.5555555555555556 }, "value", 6, 40],
                        [{ "frame": 0.6111111111111112 }, "value", 6, 41],
                        [{ "frame": 0.6666666666666666 }, "value", 6, 42],
                        [{ "frame": 0.7222222222222222 }, "value", 6, 43],
                        [{ "frame": 0.7777777777777778 }, "value", 6, 44],
                        [{ "frame": 0.8333333333333334 }, "value", 6, 45],
                        [{ "frame": 0.8888888888888888 }, "value", 6, 46],
                        [{ "frame": 0.9444444444444444 }, "value", 6, 47],
                        [{ "frame": 1 }, "value", 6, 48],
                        [{ "frame": 1.0555555555555556 }, "value", 6, 49],
                        [{ "frame": 1.1111111111111112 }, "value", 6, 50],
                        [{ "frame": 1.1666666666666667 }, "value", 6, 51],
                        [{ "frame": 1.2222222222222223 }, "value", 6, 52],
                        [{ "frame": 1.2777777777777777 }, "value", 6, 53],
                        [{ "frame": 1.3333333333333333 }, "value", 6, 54],
                        [{ "frame": 1.3888888888888888 }, "value", 6, 55],
                        [{ "frame": 1.4444444444444444 }, "value", 6, 56],
                        [{ "frame": 1.5 }, "value", 6, 57],
                        [{ "frame": 1.5555555555555556 }, "value", 6, 58],
                        [{ "frame": 1.6111111111111112 }, "value", 6, 59],
                        [{ "frame": 1.6666666666666667 }, "value", 6, 60],
                        [{ "frame": 1.7222222222222223 }, "value", 6, 61],
                        [{ "frame": 1.7777777777777777 }, "value", 6, 62],
                        [{ "frame": 1.8333333333333333 }, "value", 6, 63],
                        [{ "frame": 1.8888888888888888 }, "value", 6, 64],
                        [{ "frame": 1.9444444444444444 }, "value", 6, 65]
                      ],
                      11,
                      11,
                      11,
                      11,
                      11,
                      11,
                      11,
                      11,
                      11,
                      11,
                      11,
                      11,
                      11,
                      11,
                      11,
                      11,
                      11,
                      11,
                      11,
                      11,
                      11,
                      11,
                      11,
                      11,
                      11,
                      11,
                      11,
                      11,
                      11,
                      11,
                      11,
                      11,
                      11
                    ]
                  ]
                ]
              ],
              "bns_05_add_03",
              11,
              [
                {
                  "props": {
                    "scale": [],
                    "opacity": [
                      { "frame": 0, "value": 0 },
                      { "frame": 0.3333333333333333, "value": 255 }
                    ]
                  }
                },
                "comps",
                11,
                [
                  {},
                  "cc.Sprite",
                  11,
                  [
                    {},
                    "spriteFrame",
                    12,
                    [
                      [
                        [{ "frame": 0.16666666666666666 }, "value", 6, 66],
                        [{ "frame": 0.2222222222222222 }, "value", 6, 67],
                        [{ "frame": 0.2777777777777778 }, "value", 6, 68],
                        [{ "frame": 0.3333333333333333 }, "value", 6, 69],
                        [{ "frame": 0.3888888888888889 }, "value", 6, 70],
                        [{ "frame": 0.4444444444444444 }, "value", 6, 71],
                        [{ "frame": 0.5 }, "value", 6, 72],
                        [{ "frame": 0.5555555555555556 }, "value", 6, 73],
                        [{ "frame": 0.6111111111111112 }, "value", 6, 74],
                        [{ "frame": 0.6666666666666666 }, "value", 6, 75],
                        [{ "frame": 0.7222222222222222 }, "value", 6, 76],
                        [{ "frame": 0.7777777777777778 }, "value", 6, 77],
                        [{ "frame": 0.8333333333333334 }, "value", 6, 78],
                        [{ "frame": 0.8888888888888888 }, "value", 6, 79],
                        [{ "frame": 0.9444444444444444 }, "value", 6, 80],
                        [{ "frame": 1 }, "value", 6, 81],
                        [{ "frame": 1.0555555555555556 }, "value", 6, 82],
                        [{ "frame": 1.1111111111111112 }, "value", 6, 83],
                        [{ "frame": 1.1666666666666667 }, "value", 6, 84],
                        [{ "frame": 1.2222222222222223 }, "value", 6, 85],
                        [{ "frame": 1.2777777777777777 }, "value", 6, 86],
                        [{ "frame": 1.3333333333333333 }, "value", 6, 87],
                        [{ "frame": 1.3888888888888888 }, "value", 6, 88],
                        [{ "frame": 1.4444444444444444 }, "value", 6, 89],
                        [{ "frame": 1.5 }, "value", 6, 90],
                        [{ "frame": 1.5555555555555556 }, "value", 6, 91],
                        [{ "frame": 1.6111111111111112 }, "value", 6, 92],
                        [{ "frame": 1.6666666666666667 }, "value", 6, 93],
                        [{ "frame": 1.7222222222222223 }, "value", 6, 94],
                        [{ "frame": 1.7777777777777777 }, "value", 6, 95],
                        [{ "frame": 1.8333333333333333 }, "value", 6, 96],
                        [{ "frame": 1.8888888888888888 }, "value", 6, 97],
                        [{ "frame": 1.9444444444444444 }, "value", 6, 98]
                      ],
                      11,
                      11,
                      11,
                      11,
                      11,
                      11,
                      11,
                      11,
                      11,
                      11,
                      11,
                      11,
                      11,
                      11,
                      11,
                      11,
                      11,
                      11,
                      11,
                      11,
                      11,
                      11,
                      11,
                      11,
                      11,
                      11,
                      11,
                      11,
                      11,
                      11,
                      11,
                      11,
                      11
                    ]
                  ]
                ]
              ],
              "bns_08",
              11,
              [
                {},
                "props",
                11,
                [
                  {
                    "opacity": [
                      { "frame": 0, "value": 0 },
                      { "frame": 0.3333333333333333, "value": 255 },
                      { "frame": 1.5555555555555556, "value": 255 },
                      { "frame": 2.0555555555555554, "value": 0 }
                    ]
                  },
                  "scale",
                  12,
                  [
                    [
                      [
                        { "frame": 0, "curve": "quartOut" },
                        "value",
                        8,
                        [0, 0.714, 0.714]
                      ],
                      [
                        { "frame": 0.6111111111111112 },
                        "value",
                        8,
                        [0, 1.47, 1.47]
                      ],
                      [
                        { "frame": 0.6666666666666666 },
                        "value",
                        8,
                        [0, 1.47, 1.47]
                      ],
                      [
                        { "frame": 1.5555555555555556 },
                        "value",
                        8,
                        [0, 1.428, 1.428]
                      ],
                      [
                        { "frame": 2.0555555555555554 },
                        "value",
                        8,
                        [0, 2.142, 2.142]
                      ]
                    ],
                    11,
                    11,
                    11,
                    11,
                    11
                  ]
                ]
              ],
              "bns_06_normal",
              11,
              [
                {},
                "props",
                11,
                [
                  {
                    "opacity": [
                      { "frame": 0, "value": 0 },
                      { "frame": 0.3333333333333333, "value": 255 },
                      { "frame": 1.5555555555555556, "value": 255 },
                      { "frame": 2.0555555555555554, "value": 0 }
                    ]
                  },
                  "scale",
                  12,
                  [
                    [
                      [{ "frame": 0 }, "value", 8, [0, 1.428, 0.714]],
                      [
                        { "frame": 1.5555555555555556 },
                        "value",
                        8,
                        [0, 1.428, 0.714]
                      ],
                      [
                        { "frame": 2.0555555555555554 },
                        "value",
                        8,
                        [0, 2.142, 1.071]
                      ]
                    ],
                    11,
                    11,
                    11
                  ]
                ]
              ],
              "bns_06_add",
              11,
              [
                {},
                "props",
                11,
                [
                  {
                    "opacity": [
                      { "frame": 0, "value": 0 },
                      { "frame": 0.3333333333333333, "value": 255 },
                      { "frame": 1.5555555555555556, "value": 255 },
                      { "frame": 2.0555555555555554, "value": 0 }
                    ]
                  },
                  "scale",
                  12,
                  [
                    [
                      [{ "frame": 0 }, "value", 8, [0, 2, 1.43]],
                      [
                        { "frame": 1.5555555555555556 },
                        "value",
                        8,
                        [0, 2, 1.43]
                      ],
                      [
                        { "frame": 2.0555555555555554 },
                        "value",
                        8,
                        [0, 3, 2.145]
                      ]
                    ],
                    11,
                    11,
                    11
                  ]
                ]
              ],
              "ui_feature",
              11,
              [
                { "comps": {} },
                "props",
                11,
                [
                  {
                    "opacity": [
                      { "frame": 0, "value": 0 },
                      { "frame": 0.3333333333333333, "value": 255 },
                      { "frame": 1.5555555555555556, "value": 255 },
                      { "frame": 2.0555555555555554, "value": 0 }
                    ]
                  },
                  "scale",
                  12,
                  [
                    [
                      [{ "frame": 0 }, "value", 8, [0, 1.05, 1.05]],
                      [
                        { "frame": 0.4444444444444444 },
                        "value",
                        8,
                        [0, 1.05, 1.05]
                      ],
                      [
                        { "frame": 0.6666666666666666 },
                        "value",
                        8,
                        [0, 1.1, 1.1]
                      ],
                      [
                        { "frame": 0.9444444444444444 },
                        "value",
                        8,
                        [0, 1.05, 1.05]
                      ],
                      [{ "frame": 1 }, "value", 8, [0, 1.05, 1.05]],
                      [
                        { "frame": 1.2222222222222223 },
                        "value",
                        8,
                        [0, 1.1, 1.1]
                      ],
                      [{ "frame": 1.5 }, "value", 8, [0, 1.05, 1.05]],
                      [
                        { "frame": 1.5555555555555556 },
                        "value",
                        8,
                        [0, 1.05, 1.05]
                      ],
                      [
                        { "frame": 2.0555555555555554 },
                        "value",
                        8,
                        [0, 1.5, 1.5]
                      ]
                    ],
                    11,
                    11,
                    11,
                    11,
                    11,
                    11,
                    11,
                    11,
                    11
                  ]
                ]
              ]
            ]
          ]
        ]
      ],
      0,
      0,
      [
        0, 0, 0, 0, 0, 0, 0, 0, 0, 0, 0, 0, 0, 0, 0, 0, 0, 0, 0, 0, 0, 0, 0, 0,
        0, 0, 0, 0, 0, 0, 0, 0, 0, 0, 0, 0, 0, 0, 0, 0, 0, 0, 0, 0, 0, 0, 0, 0,
        0, 0, 0, 0, 0, 0, 0, 0, 0, 0, 0, 0, 0, 0, 0, 0, 0, 0, 0, 0, 0, 0, 0, 0,
        0, 0, 0, 0, 0, 0, 0, 0, 0, 0, 0, 0, 0, 0, 0, 0, 0, 0, 0, 0, 0, 0, 0, 0,
        0, 0, 0
      ],
      [
        0, 0, 0, 0, 0, 0, 0, 0, 0, 0, 0, 0, 0, 0, 0, 0, 0, 0, 0, 0, 0, 0, 0, 0,
        0, 0, 0, 0, 0, 0, 0, 0, 0, 0, 0, 0, 0, 0, 0, 0, 0, 0, 0, 0, 0, 0, 0, 0,
        0, 0, 0, 0, 0, 0, 0, 0, 0, 0, 0, 0, 0, 0, 0, 0, 0, 0, 0, 0, 0, 0, 0, 0,
        0, 0, 0, 0, 0, 0, 0, 0, 0, 0, 0, 0, 0, 0, 0, 0, 0, 0, 0, 0, 0, 0, 0, 0,
        0, 0, 0
      ],
      [
        2, 3, 4, 5, 6, 7, 8, 9, 10, 11, 12, 13, 14, 15, 16, 17, 18, 19, 20, 21,
        22, 23, 24, 25, 26, 27, 28, 29, 30, 31, 32, 33, 34, 2, 3, 4, 5, 6, 7, 8,
        9, 10, 11, 12, 13, 14, 15, 16, 17, 18, 19, 20, 21, 22, 23, 24, 25, 26,
        27, 28, 29, 30, 31, 32, 33, 34, 2, 3, 4, 5, 6, 7, 8, 9, 10, 11, 12, 13,
        14, 15, 16, 17, 18, 19, 20, 21, 22, 23, 24, 25, 26, 27, 28, 29, 30, 31,
        32, 33, 34
      ]
    ],
    [
      [
        {
          "name": "bns_08",
          "rect": [1257, 1, 756, 452],
          "offset": [0, 0],
          "originalSize": [756, 452],
          "capInsets": [0, 0, 0, 0]
        }
      ],
      [0],
      0,
      [0],
      [3],
      [1]
    ],
    [
      [
        {
          "name": "bns_08_a",
          "rect": [1485, 1870, 174, 225],
          "offset": [0, 0],
          "originalSize": [174, 225],
          "rotated": 1,
          "capInsets": [0, 0, 0, 0]
        }
      ],
      [0],
      0,
      [0],
      [3],
      [1]
    ],
    [
      [
        {
          "name": "bns_08_c",
          "rect": [1712, 1755, 174, 225],
          "offset": [0, 0],
          "originalSize": [174, 225],
          "capInsets": [0, 0, 0, 0]
        }
      ],
      [0],
      0,
      [0],
      [3],
      [1]
    ],
    [
      [
        {
          "name": "bns_08_b",
          "rect": [1257, 1870, 176, 226],
          "offset": [0, 0],
          "originalSize": [176, 226],
          "rotated": 1,
          "capInsets": [0, 0, 0, 0]
        }
      ],
      [0],
      0,
      [0],
      [3],
      [1]
    ],
    [
      [
        [10, "free_spin_active_dialog_controller"],
        [
          11,
          "free_spin_active_dialog_controller",
          [-8, -9, -10, -11, -12, -13, -14, -15],
          [[-2, [17, -7, -6, -5, -4, -3]], 1, 4],
          [18, -1, 0]
        ],
        [
          12,
          "bns_08",
          0,
          1,
          [-17, -18, -19, -20, -21, -22],
          [[3, 2, false, -16, [17], 18]],
          [0, "a4NUJ+7t9LlJH2MpdZqocH", 1, 0],
          [5, 756, 452],
          [0, -100, 0, 0, 0, 0, 1, 1.428, 1.428, 1]
        ],
        [
          13,
          "sprite_splash",
          0,
          1,
          [[3, 0, false, -24, [0], 1]],
          [19, "e7qJVafVlJFKpVqoH+Yeds", -23],
          [4, 4278190080],
          [5, 1080, 2340]
        ],
        [
          2,
          "bns_06_normal",
          0,
          1,
          [[3, 2, false, -25, [2], 3]],
          [0, "c8glyv5kdPGrfhLI3ueBli", 1, 0],
          [5, 756, 1638],
          [0, 0, 0, 0, 0, 0, 1, 1.428, 0.714, 1]
        ],
        [
          2,
          "bns_06_add",
          0,
          1,
          [[7, 1, 2, false, -26, [4], 5]],
          [0, "feY76mTU5LYIwehGDP1SgD", 1, 0],
          [5, 540, 1170],
          [0, -125, 0, 0, 0, 0, 1, 2, 1.43, 1]
        ],
        [
          14,
          "ui_feature",
          0,
          1,
          [-27],
          [0, "67aLl5YwZJm5rT8vrPyHBu", 1, 0],
          [5, 1079.98, 1097.26]
        ],
        [20, "default", "idle", 0, "idle", 6, [6]],
        [
          1,
          "bns_11_add",
          2,
          [[7, 1, 2, false, -28, [7], 8]],
          [0, "1eQX6FLC9LOpiApvNPNpU6", 1, 0],
          [5, 540, 1170],
          [0, 70.02801, 0, 0, 0, 0, 1, 1.40056, 1.40056, 1.40056]
        ],
        [
          1,
          "bns_08_a",
          2,
          [[4, -29, [9], 10]],
          [0, "3ayb7Bd9RBRJoOM5gnz0Qb", 1, 0],
          [5, 174, 225],
          [-150, 130, 0, 0, 0, 0, 1, 1, 1, 1]
        ],
        [
          1,
          "bns_08_b",
          2,
          [[4, -30, [11], 12]],
          [0, "0dBnkmxzVCx4+R/rwb7bGO", 1, 0],
          [5, 176, 226],
          [0, 130, 0, 0, 0, 0, 1, 1, 1, 1]
        ],
        [
          1,
          "bns_08_c",
          2,
          [[4, -31, [13], 14]],
          [0, "07REPkIolK648nHbGk57Vc", 1, 0],
          [5, 174, 225],
          [150, 130, 0, 0, 0, 0, 1, 1, 1, 1]
        ],
        [
          15,
          "bns_title",
          2,
          [-32],
          [0, "4fbxTMd1dLWasV+FlVjtKo", 1, 0],
          [5, 458, 209],
          [0, 320, 0, 0, 0, 0, 1, 1, 1, 0.70028]
        ],
        [8, 12, [15]],
        [
          16,
          "bns_desc",
          2,
          [-33],
          [0, "e7LW1S2O9BxZmEDeEaYTey", 1, 0],
          [5, 556, 147],
          [0, 0.5, 1],
          [0, 50, 0, 0, 0, 0, 1, 1, 1, 0.70028]
        ],
        [8, 14, [16]],
        [
          6,
          "bns_05_add_01",
          0,
          1,
          [[5, 1, 2, false, -34, [19]]],
          [0, "6c8wbfd2FBU4gnFa+tyR7t", 1, 0],
          [5, 200, 200],
          [
            -323.765, 168.464, 0, 0, 0, 0.9837317644713048,
            -0.17964357926230828, 3, 3, 1
          ],
          [1, 0, 0, 200.698]
        ],
        [
          6,
          "bns_05_add_02",
          0,
          1,
          [[5, 1, 2, false, -35, [20]]],
          [0, "c3wFoNDMJG4IEPgtr9jEQc", 1, 0],
          [5, 200, 200],
          [
            380.549, 170.693, 0, 0, 0, 0.43772787107577954, -0.8991075079674653,
            2.5, 2.5, 1
          ],
          [1, 0, 0, 308.08200000000005]
        ],
        [
          2,
          "bns_05_add_03",
          0,
          1,
          [[5, 1, 2, false, -36, [21]]],
          [0, "8eKP90y11MYrvvlix6vHTz", 1, 0],
          [5, 200, 200],
          [-364.83, -195.104, 0, 0, 0, 0, 1, 2.25, 2.25, 1]
        ],
        [21, 1, [22]]
      ],
      0,
      [
        0, 4, 1, 0, -1, 19, 0, 5, 7, 0, 6, 15, 0, 7, 13, 0, 8, 19, 0, 1, 1, 0,
        -1, 3, 0, -2, 4, 0, -3, 5, 0, -4, 6, 0, -5, 2, 0, -6, 16, 0, -7, 17, 0,
        -8, 18, 0, 1, 2, 0, -1, 8, 0, -2, 9, 0, -3, 10, 0, -4, 11, 0, -5, 12, 0,
        -6, 14, 0, 4, 3, 0, 1, 3, 0, 1, 4, 0, 1, 5, 0, -1, 7, 0, 1, 8, 0, 1, 9,
        0, 1, 10, 0, 1, 11, 0, -1, 13, 0, -1, 15, 0, 1, 16, 0, 1, 17, 0, 1, 18,
        0, 9, 1, 36
      ],
      [
        0, 0, 0, 0, 0, 0, 0, 0, 0, 0, 0, 0, 0, 0, 0, 0, 0, 0, 0, 0, 0, 0, 0, 7,
        19
      ],
      [
        -1, 2, -1, 2, -1, 2, -1, -1, 2, -1, 2, -1, 2, -1, 2, -1, -1, -1, 2, -1,
        -1, -1, -1, 10, 11
      ],
      [
        0, 37, 0, 38, 0, 39, 40, 0, 41, 0, 42, 0, 43, 0, 44, 0, 0, 0, 45, 0, 0,
        0, 36, 46, 36
      ]
    ],
    [
      [
        {
          "name": "bns_11_add",
          "rect": [759, 543, 540, 1170],
          "offset": [0, 0],
          "originalSize": [540, 1170],
          "rotated": 1,
          "capInsets": [0, 0, 0, 0]
        }
      ],
      [0],
      0,
      [0],
      [3],
      [35]
    ],
    [
      [
        {
          "name": "bns_06_normal",
          "rect": [1, 1, 756, 1270],
          "offset": [0, -20],
          "originalSize": [756, 1638],
          "capInsets": [0, 0, 0, 0]
        }
      ],
      [0],
      0,
      [0],
      [3],
      [1]
    ]
  ]
]
