[
  1,
  [
    "7daIKULw1AGYnDNuo/3M8o",
    "30CTN8pfJOBqNvAdWCEgWl",
    "afkblNn/lLHbhbR+qvtKkw",
    "03jYQ46PxIYKnL50kDCGZv"
  ],
  ["_textureSetter", "bw", "mw", "smw"],
  ["cc.SpriteFrame", ["cc.SpriteAtlas", ["_name", "_spriteFrames"], 2, 11]],
  [[1, 0, 1, 2]],
  [
    [
      [
        {
          "name": "smw",
          "rect": [144, 1, 620, 251],
          "offset": [0, 0],
          "originalSize": [620, 251],
          "capInsets": [0, 0, 0, 0]
        }
      ],
      [0],
      0,
      [0],
      [0],
      [0]
    ],
    [
      [
        {
          "name": "bw",
          "rect": [1, 1, 479, 141],
          "offset": [0, 0],
          "originalSize": [479, 141],
          "rotated": 1,
          "capInsets": [0, 0, 0, 0]
        }
      ],
      [0],
      0,
      [0],
      [0],
      [0]
    ],
    [
      [
        {
          "name": "mw",
          "rect": [144, 254, 620, 141],
          "offset": [0, 0],
          "originalSize": [620, 141],
          "capInsets": [0, 0, 0, 0]
        }
      ],
      [0],
      0,
      [0],
      [0],
      [0]
    ],
    [
      [[0, "big_win_text.plist", [{}, "bw", 6, 0, "mw", 6, 1, "smw", 6, 2]]],
      0,
      0,
      [0, 0, 0],
      [1, 2, 3],
      [1, 2, 3]
    ]
  ]
]
