{
  "CustomCalendar": { "Confirm": "Confirm", "Start": "Start", "End": "End" },
  "History": {
    "HistoryMainPageTime": "Time",
    "HistoryMainSpinTypeTime": "Transaction",
    "HistoryMainPagePayout": "Bet",
    "HistoryMainPageWin": "Profit",
    "HistoryRecordTransaction": "Transaction",
    "HistoryRecordPayout": "Bet",
    "HistoryRecordWin": "Profit",
    "HistoryRecordBalance": "Balance",
    "HistoryCalendarDateRange": "Select Date Range",
    "HistoryCalenderToday": "Today",
    "HistoryCalenderWeek": "Last 7 days",
    "HistoryCalenderMonth": "Last 30 days",
    "HistoryCalenderCustom": "Custom",
    "HistoryCalenderStart": "Start",
    "HistoryCalenderEnd": "End",
    "HistoryCalendarCancel": "Cancel",
    "HistoryCalendarConfirm": "Confirm",
    "HistoryRetry": "Retry",
    "HistoryOK": "OK",
    "HistoryLoadMoreData": "Release to start loading",
    "HistoryLoadDataPull": "Pull up to load more",
    "HistoryAllRecordDisplayed": "All record(s) displayed",
    "HistoryMainTitle": "Game History",
    "HistoryLoading": "Loading",
    "HistoryNoHistory": "No Game History",
    "HistoryServerFail": "Server Error",
    "HistoryFailLoadTitle": "Query History Fail",
    "HistoryFailLoadSentence": "Please check your network settings and try again",
    "HistoryRecordMainTitle": "Spin Details",
    "HistoryRecordBack": "Back",
    "HistoryBarClose": "Close",
    "HistoryRecord": "Record",
    "HistoryRecords": "Records",
    "HistoryNormalSpin": "Normal Spin",
    "HistoryBetSize": "Bet Size",
    "HistoryBetLevel": "Bet Level",
    "HistoryPayout": "Payout",
    "HistoryNoWinning": "No Winning Combination",
    "HistoryDetailItemRoundLabel": "Round %{currCount}/%{maxCount}",
    "HistoryReplaySpin": "Replay Spin",
    "HistoryReplayRound": "Replay Round",
    "HistoryRecordsDelayed": "History records may take awhile to appear. Please come back later!",
    "HistoryTransactionIdCopied": "TransactionID %{transactionId} copied to clipboard.",
    "HistoryCopy": "Copy",
    "HistoryProfile": "History",
    "HistoryProfileName": "Games",
    "HistoryProfileSpin": "Spin(s)",
    "HistoryTipsMultiplier": "Multiplier",
    "HistoryTipsWay": "Way(s)",
    "HistoryTipsSymbolCount": "Symbol Count",
    "HistoryTipsBetSize": "Bet Size",
    "HistoryTipsBetLevel": "Bet Level",
    "HistoryTipsPayout": "Symbol Payout Values"
  }
}
