[
  1,
  [
    "22iE+P4T5JUKW6SXEhJGrZ",
    "b3zl1jXxJHXawa2Xhb3Xx6",
    "7a7Nu5yPlJPKXNKEXWYVkv",
    "985+HG4hBH2YzXU/j3u9wX",
    "c9WPEa9GBH2aNFvt9siqwJ",
    "2cTRqfLlhOtYbC4401GscT",
    "72CbNJSD9MCbuF11bZZCrc",
    "64ot+6MjtAAI/+4ORcb1w8",
    "bcUe1/bsdJX73ti3nxNyDM",
    "65VBwGQFhGd58/1zKiIACV",
    "bbCXGrPalDaK/tQO9EEheg",
    "a5s9U54clOs4OXoIG4dCyY",
    "4d3zVUhSlI4b4MKExwvAbP",
    "20KGkN59NK1o3rhLCvkFZF",
    "2aiM/0rltAG4jx6nzFWut5",
    "e7OXn/1U1IWKQkWxNPXMll",
    "89qie3JHRPBbjrIheTDny5",
    "b7hToVHIhI1onFxbZC3YMN",
    "73hWbtyA5N4ZGyv88el2rX"
  ],
  ["_textureSetter", "value"],
  [
    "cc.SpriteFrame",
    ["cc.AnimationClip", ["_name", "_duration", "sample", "curveData"], 0, 11]
  ],
  [[1, 0, 1, 2, 3, 4]],
  [
    [
      [
        {
          "name": "feature_02_i_add_12",
          "rect": [167, 147, 150, 132],
          "offset": [1, 1],
          "originalSize": [200, 200],
          "rotated": 1,
          "capInsets": [0, 0, 0, 0]
        }
      ],
      [0],
      0,
      [0],
      [0],
      [0]
    ],
    [
      [
        {
          "name": "feature_02_i_add_13",
          "rect": [457, 149, 144, 132],
          "offset": [1, 1],
          "originalSize": [200, 200],
          "capInsets": [0, 0, 0, 0]
        }
      ],
      [0],
      0,
      [0],
      [0],
      [0]
    ],
    [
      [
        {
          "name": "feature_02_i_add_04",
          "rect": [365, 283, 146, 134],
          "offset": [0, 3],
          "originalSize": [200, 200],
          "capInsets": [0, 0, 0, 0]
        }
      ],
      [0],
      0,
      [0],
      [0],
      [0]
    ],
    [
      [
        {
          "name": "feature_02_i_add_11",
          "rect": [301, 149, 154, 132],
          "offset": [0, 0],
          "originalSize": [200, 200],
          "capInsets": [0, 0, 0, 0]
        }
      ],
      [0],
      0,
      [0],
      [0],
      [0]
    ],
    [
      [
        {
          "name": "feature_02_i_add_06",
          "rect": [1, 149, 160, 148],
          "offset": [-7, -2],
          "originalSize": [200, 200],
          "capInsets": [0, 0, 0, 0]
        }
      ],
      [0],
      0,
      [0],
      [0],
      [0]
    ],
    [
      [
        {
          "name": "feature_02_i_add_08",
          "rect": [167, 1, 164, 144],
          "offset": [-5, -7],
          "originalSize": [200, 200],
          "capInsets": [0, 0, 0, 0]
        }
      ],
      [0],
      0,
      [0],
      [0],
      [0]
    ],
    [
      [
        {
          "name": "feature_02_i_add_05",
          "rect": [333, 1, 160, 146],
          "offset": [-1, 1],
          "originalSize": [200, 200],
          "capInsets": [0, 0, 0, 0]
        }
      ],
      [0],
      0,
      [0],
      [0],
      [0]
    ],
    [
      [
        {
          "name": "feature_02_i_add_17",
          "rect": [779, 243, 48, 46],
          "offset": [0, 0],
          "originalSize": [200, 200],
          "capInsets": [0, 0, 0, 0]
        }
      ],
      [0],
      0,
      [0],
      [0],
      [0]
    ],
    [
      [
        {
          "name": "feature_02_i_add_01",
          "rect": [245, 299, 118, 118],
          "offset": [0, 0],
          "originalSize": [200, 200],
          "capInsets": [0, 0, 0, 0]
        }
      ],
      [0],
      0,
      [0],
      [0],
      [0]
    ],
    [
      [
        {
          "name": "feature_02_i_add_15",
          "rect": [603, 147, 130, 128],
          "offset": [0, 0],
          "originalSize": [200, 200],
          "rotated": 1,
          "capInsets": [0, 0, 0, 0]
        }
      ],
      [0],
      0,
      [0],
      [0],
      [0]
    ],
    [
      [
        {
          "name": "feature_02_i_add_02",
          "rect": [1, 299, 120, 122],
          "offset": [0, 0],
          "originalSize": [200, 200],
          "rotated": 1,
          "capInsets": [0, 0, 0, 0]
        }
      ],
      [0],
      0,
      [0],
      [0],
      [0]
    ],
    [
      [
        {
          "name": "feature_02_i_add_10",
          "rect": [657, 1, 158, 138],
          "offset": [-2, -3],
          "originalSize": [200, 200],
          "capInsets": [0, 0, 0, 0]
        }
      ],
      [0],
      0,
      [0],
      [0],
      [0]
    ],
    [
      [
        {
          "name": "feature_02_i_add_00",
          "rect": [733, 141, 100, 100],
          "offset": [0, 0],
          "originalSize": [200, 200],
          "capInsets": [0, 0, 0, 0]
        }
      ],
      [0],
      0,
      [0],
      [0],
      [0]
    ],
    [
      [
        {
          "name": "feature_02_i_add_16",
          "rect": [125, 299, 120, 118],
          "offset": [-1, 0],
          "originalSize": [200, 200],
          "rotated": 1,
          "capInsets": [0, 0, 0, 0]
        }
      ],
      [0],
      0,
      [0],
      [0],
      [0]
    ],
    [
      [
        {
          "name": "feature_02_i_add_09",
          "rect": [495, 1, 160, 144],
          "offset": [-3, -5],
          "originalSize": [200, 200],
          "capInsets": [0, 0, 0, 0]
        }
      ],
      [0],
      0,
      [0],
      [0],
      [0]
    ],
    [
      [
        {
          "name": "feature_02_i_add_07",
          "rect": [1, 1, 164, 146],
          "offset": [-6, -5],
          "originalSize": [200, 200],
          "capInsets": [0, 0, 0, 0]
        }
      ],
      [0],
      0,
      [0],
      [0],
      [0]
    ],
    [
      [
        {
          "name": "feature_02_i_add_03",
          "rect": [655, 279, 122, 122],
          "offset": [0, 1],
          "originalSize": [200, 200],
          "capInsets": [0, 0, 0, 0]
        }
      ],
      [0],
      0,
      [0],
      [0],
      [0]
    ],
    [
      [
        {
          "name": "feature_02_i_add_14",
          "rect": [513, 283, 140, 130],
          "offset": [-2, 1],
          "originalSize": [200, 200],
          "capInsets": [0, 0, 0, 0]
        }
      ],
      [0],
      0,
      [0],
      [0],
      [0]
    ],
    [
      [
        [
          0,
          "feature_02_i_anim",
          1,
          18,
          [
            {},
            "comps",
            11,
            [
              {},
              "cc.Sprite",
              11,
              [
                {},
                "spriteFrame",
                12,
                [
                  [
                    [{ "frame": 0 }, "value", 6, 0],
                    [{ "frame": 0.05555555555555555 }, "value", 6, 1],
                    [{ "frame": 0.1111111111111111 }, "value", 6, 2],
                    [{ "frame": 0.16666666666666666 }, "value", 6, 3],
                    [{ "frame": 0.2222222222222222 }, "value", 6, 4],
                    [{ "frame": 0.2777777777777778 }, "value", 6, 5],
                    [{ "frame": 0.3333333333333333 }, "value", 6, 6],
                    [{ "frame": 0.3888888888888889 }, "value", 6, 7],
                    [{ "frame": 0.4444444444444444 }, "value", 6, 8],
                    [{ "frame": 0.5 }, "value", 6, 9],
                    [{ "frame": 0.5555555555555556 }, "value", 6, 10],
                    [{ "frame": 0.6111111111111112 }, "value", 6, 11],
                    [{ "frame": 0.6666666666666666 }, "value", 6, 12],
                    [{ "frame": 0.7222222222222222 }, "value", 6, 13],
                    [{ "frame": 0.7777777777777778 }, "value", 6, 14],
                    [{ "frame": 0.8333333333333334 }, "value", 6, 15],
                    [{ "frame": 0.8888888888888888 }, "value", 6, 16],
                    [{ "frame": 0.9444444444444444 }, "value", 6, 17]
                  ],
                  11,
                  11,
                  11,
                  11,
                  11,
                  11,
                  11,
                  11,
                  11,
                  11,
                  11,
                  11,
                  11,
                  11,
                  11,
                  11,
                  11,
                  11
                ]
              ]
            ]
          ]
        ]
      ],
      0,
      0,
      [0, 0, 0, 0, 0, 0, 0, 0, 0, 0, 0, 0, 0, 0, 0, 0, 0, 0],
      [1, 1, 1, 1, 1, 1, 1, 1, 1, 1, 1, 1, 1, 1, 1, 1, 1, 1],
      [1, 2, 3, 4, 5, 6, 7, 8, 9, 10, 11, 12, 13, 14, 15, 16, 17, 18]
    ]
  ]
]
