[
  1,
  [
    "ecpdLyjvZBwrvm+cedCcQy",
    "d7w1v/ncdM85OYoMUuqmQG",
    "f2nIQ3zLRIioU/uCxZeyu+",
    "4bSxdZ+KlE8quFlatG0jhA",
    "4fomblEIBNp76HcdGJFFXi"
  ],
  [
    "node",
    "_textureSetter",
    "_spriteFrame",
    "root",
    "musicPadController",
    "data",
    "_defaultClip"
  ],
  [
    [
      "cc.Sprite",
      [
        "_sizeMode",
        "_isTrimmedMode",
        "_dstBlendFactor",
        "_srcBlendFactor",
        "node",
        "_materials",
        "_spriteFrame"
      ],
      -1,
      1,
      3,
      6
    ],
    [
      "cc.Node",
      [
        "_name",
        "_opacity",
        "_components",
        "_prefab",
        "_parent",
        "_contentSize",
        "_children",
        "_trs"
      ],
      1,
      9,
      4,
      1,
      5,
      2,
      7
    ],
    "cc.SpriteFrame",
    [
      "cc.Node",
      [
        "_name",
        "_active",
        "_parent",
        "_components",
        "_prefab",
        "_trs",
        "_children"
      ],
      1,
      1,
      2,
      4,
      7,
      2
    ],
    ["cc.PrefabInfo", ["fileId", "root", "asset"], 2, 1, 1],
    ["cc.Prefab", ["_name"], 2],
    [
      "cc.Node",
      ["_name", "_parent", "_components", "_prefab", "_contentSize", "_trs"],
      2,
      1,
      12,
      4,
      5,
      7
    ],
    ["6bb1bP4vHlCZr68hvhJLo0d", ["node", "musicPadController"], 3, 1, 1],
    ["cc.Animation", ["node", "_clips"], 3, 1, 3],
    [
      "3fab6nN3ltP54YiDmXmDBwE",
      [
        "node",
        "symbolSprite",
        "feature2qNode",
        "feature2IAnimation",
        "feature2SNode"
      ],
      3,
      1,
      1,
      1,
      1,
      1
    ]
  ],
  [
    [4, 0, 1, 2, 2],
    [5, 0, 2],
    [1, 0, 6, 2, 3, 2],
    [1, 0, 4, 2, 3, 5, 2],
    [1, 0, 1, 4, 2, 3, 5, 7, 3],
    [3, 0, 1, 2, 6, 3, 4, 5, 3],
    [3, 0, 2, 3, 4, 5, 2],
    [6, 0, 1, 2, 3, 4, 5, 2],
    [7, 0, 1, 1],
    [4, 1, 2, 1],
    [0, 2, 0, 1, 4, 5, 6, 4],
    [0, 2, 0, 1, 4, 5, 4],
    [0, 3, 2, 0, 1, 4, 5, 6, 5],
    [0, 0, 1, 4, 5, 3],
    [8, 0, 1, 1],
    [9, 0, 1, 2, 3, 4, 1]
  ],
  [
    [
      [
        {
          "name": "feature_02_q_add",
          "rect": [1, 1299, 237, 240],
          "offset": [0, 0],
          "originalSize": [237, 240],
          "rotated": 1,
          "capInsets": [0, 0, 0, 0]
        }
      ],
      [2],
      0,
      [0],
      [1],
      [1]
    ],
    [
      [
        {
          "name": "feature_02_s_screen",
          "rect": [1, 1, 233, 390],
          "offset": [0, 0],
          "originalSize": [233, 390],
          "capInsets": [0, 0, 0, 0]
        }
      ],
      [2],
      0,
      [0],
      [1],
      [1]
    ],
    [
      [
        [1, "feature_slot_effect_controller"],
        [2, "feature_slot_effect_controller", [-4], [[8, -3, -2]], [9, -1, 0]],
        [
          5,
          "music_pad_effect_holder",
          false,
          1,
          [-6, -7, -8, -9],
          [-5],
          [0, "d08KdwbFBHqKWcGyDX2dzO", 1, 0],
          [0, 750, 0, 0, 0, 0, 1, 1, 1, 1]
        ],
        [
          3,
          "feature_02_q",
          2,
          [[10, 1, 2, false, -10, [0], 1]],
          [0, "0aKbyNT5RGCZCgUU8WHdY4", 1, 0],
          [5, 237, 240]
        ],
        [
          7,
          "feature_02_i",
          2,
          [[[11, 1, 2, false, -11, [2]], -12], 4, 1],
          [0, "a61s/ATTJKVok/CGlG53kT", 1, 0],
          [5, 200, 200],
          [0, 0, 0, 0, 0, 0, 1, 2, 2, 1]
        ],
        [
          4,
          "feature_02_s",
          0,
          2,
          [[12, 1, 769, 2, false, -13, [5], 6]],
          [0, "2b1iLTmxZLbpAjScaewhBm", 1, 0],
          [5, 233, 390],
          [0, 40, 0, 0, 0, 0, 1, 2, 2, 1]
        ],
        [14, 4, [3]],
        [
          6,
          "music_pad_symbol",
          2,
          [-14],
          [0, "47lo8PUSdCrbOTPzxMcyPt", 1, 0],
          [0, 0, 0, 0, 0, 0, 1, 1.5, 1.5, 1]
        ],
        [13, 2, false, 7, [4]],
        [15, 2, 8, 3, 6, 5]
      ],
      0,
      [
        0, 3, 1, 0, 4, 9, 0, 0, 1, 0, -1, 2, 0, -1, 9, 0, -1, 3, 0, -2, 4, 0,
        -3, 7, 0, -4, 5, 0, 0, 3, 0, 0, 4, 0, -2, 6, 0, 0, 5, 0, -1, 8, 0, 5, 1,
        14
      ],
      [0, 0, 0, 0, 0, 0, 0, 6],
      [-1, 2, -1, -1, -1, -1, 2, 6],
      [0, 3, 0, 2, 0, 0, 4, 2]
    ]
  ]
]
