[
  1,
  ["0fQ4al1q1JkYyP9Z0MLpKJ", "52wAbjVVxHOoxb27MwPyyO"],
  ["_textureSetter"],
  ["cc.SpriteFrame"],
  0,
  [
    [
      [
        {
          "name": "wh_vfx_d_add_02_08",
          "rect": [151, 1, 140, 184],
          "offset": [-3, 0],
          "originalSize": [176, 184],
          "capInsets": [0, 0, 0, 0]
        }
      ],
      [0],
      0,
      [0],
      [0],
      [0]
    ],
    [
      [
        {
          "name": "wh_vfx_d_add_02_02",
          "rect": [1, 371, 90, 154],
          "offset": [-1, 0],
          "originalSize": [176, 184],
          "rotated": 1,
          "capInsets": [0, 0, 0, 0]
        }
      ],
      [0],
      0,
      [0],
      [0],
      [0]
    ],
    [
      [
        {
          "name": "wh_vfx_d_add_02_01",
          "rect": [317, 365, 50, 114],
          "offset": [0, -3],
          "originalSize": [176, 184],
          "rotated": 1,
          "capInsets": [0, 0, 0, 0]
        }
      ],
      [0],
      0,
      [0],
      [0],
      [0]
    ],
    [
      [
        {
          "name": "wh_vfx_d_add_02_06",
          "rect": [1, 187, 142, 182],
          "offset": [-1, -1],
          "originalSize": [176, 184],
          "capInsets": [0, 0, 0, 0]
        }
      ],
      [0],
      0,
      [0],
      [0],
      [0]
    ],
    [
      [
        {
          "name": "wh_vfx_d_add_02_03",
          "rect": [331, 187, 114, 176],
          "offset": [-1, -1],
          "originalSize": [176, 184],
          "capInsets": [0, 0, 0, 0]
        }
      ],
      [0],
      0,
      [0],
      [0],
      [0]
    ],
    [
      [
        {
          "name": "wh_vfx_d_add_02_05",
          "rect": [293, 1, 138, 184],
          "offset": [-1, 0],
          "originalSize": [176, 184],
          "capInsets": [0, 0, 0, 0]
        }
      ],
      [0],
      0,
      [0],
      [0],
      [0]
    ],
    [
      [
        {
          "name": "wh_vfx_d_add_02_00",
          "rect": [433, 1, 3, 3],
          "offset": [-86.5, 90.5],
          "originalSize": [176, 184],
          "capInsets": [0, 0, 0, 0]
        }
      ],
      [0],
      0,
      [0],
      [0],
      [0]
    ],
    [
      [
        {
          "name": "wh_vfx_d_add_02_09",
          "rect": [157, 313, 134, 158],
          "offset": [1, 9],
          "originalSize": [176, 184],
          "rotated": 1,
          "capInsets": [0, 0, 0, 0]
        }
      ],
      [0],
      0,
      [0],
      [0],
      [0]
    ],
    [
      [
        {
          "name": "wh_vfx_d_add_02_07",
          "rect": [1, 1, 148, 184],
          "offset": [-1, 0],
          "originalSize": [176, 184],
          "capInsets": [0, 0, 0, 0]
        }
      ],
      [0],
      0,
      [0],
      [0],
      [0]
    ],
    [
      [
        {
          "name": "ib_vfx_a_screen_02",
          "rect": [759, 450, 540, 225],
          "offset": [0, 0],
          "originalSize": [540, 225],
          "capInsets": [0, 0, 0, 0]
        }
      ],
      [0],
      0,
      [0],
      [0],
      [1]
    ],
    [
      [
        {
          "name": "wh_vfx_d_add_02_04",
          "rect": [145, 187, 124, 184],
          "offset": [0, 0],
          "originalSize": [176, 184],
          "rotated": 1,
          "capInsets": [0, 0, 0, 0]
        }
      ],
      [0],
      0,
      [0],
      [0],
      [0]
    ],
    [
      [
        {
          "name": "wh_vfx_d_add_02_10",
          "rect": [433, 1, 3, 3],
          "offset": [-86.5, 90.5],
          "originalSize": [176, 184],
          "capInsets": [0, 0, 0, 0]
        }
      ],
      [0],
      0,
      [0],
      [0],
      [0]
    ]
  ]
]
