[
  1,
  ["b50FUFlUBJlZemirOx0AlR"],
  ["_textureSetter"],
  ["cc.SpriteFrame"],
  0,
  [
    [
      [
        {
          "name": "wh_vfx_d_add_03",
          "rect": [273, 1, 114, 170],
          "offset": [-1, -1],
          "originalSize": [176, 184],
          "capInsets": [0, 0, 0, 0]
        }
      ],
      [0],
      0,
      [0],
      [0],
      [0]
    ],
    [
      [
        {
          "name": "wh_vfx_d_add_07",
          "rect": [1, 1, 144, 180],
          "offset": [-1, -2],
          "originalSize": [176, 184],
          "capInsets": [0, 0, 0, 0]
        }
      ],
      [0],
      0,
      [0],
      [0],
      [0]
    ],
    [
      [
        {
          "name": "wh_vfx_d_add_00",
          "rect": [183, 507, 3, 3],
          "offset": [-86.5, 90.5],
          "originalSize": [176, 184],
          "capInsets": [0, 0, 0, 0]
        }
      ],
      [0],
      0,
      [0],
      [0],
      [0]
    ],
    [
      [
        {
          "name": "wh_vfx_d_add_10",
          "rect": [183, 507, 3, 3],
          "offset": [-86.5, 90.5],
          "originalSize": [176, 184],
          "capInsets": [0, 0, 0, 0]
        }
      ],
      [0],
      0,
      [0],
      [0],
      [0]
    ],
    [
      [
        {
          "name": "wh_vfx_d_add_02",
          "rect": [277, 173, 88, 144],
          "offset": [-1, -1],
          "originalSize": [176, 184],
          "capInsets": [0, 0, 0, 0]
        }
      ],
      [0],
      0,
      [0],
      [0],
      [0]
    ],
    [
      [
        {
          "name": "wh_vfx_d_add_01",
          "rect": [277, 319, 48, 108],
          "offset": [0, -2],
          "originalSize": [176, 184],
          "rotated": 1,
          "capInsets": [0, 0, 0, 0]
        }
      ],
      [0],
      0,
      [0],
      [0],
      [0]
    ],
    [
      [
        {
          "name": "wh_vfx_d_add_08",
          "rect": [1, 369, 140, 180],
          "offset": [-2, -2],
          "originalSize": [176, 184],
          "rotated": 1,
          "capInsets": [0, 0, 0, 0]
        }
      ],
      [0],
      0,
      [0],
      [0],
      [0]
    ],
    [
      [
        {
          "name": "wh_vfx_d_add_06",
          "rect": [1, 183, 138, 184],
          "offset": [-1, 0],
          "originalSize": [176, 184],
          "capInsets": [0, 0, 0, 0]
        }
      ],
      [0],
      0,
      [0],
      [0],
      [0]
    ],
    [
      [
        {
          "name": "wh_vfx_d_add_05",
          "rect": [141, 183, 134, 184],
          "offset": [-1, 0],
          "originalSize": [176, 184],
          "capInsets": [0, 0, 0, 0]
        }
      ],
      [0],
      0,
      [0],
      [0],
      [0]
    ],
    [
      [
        {
          "name": "wh_vfx_d_add_04",
          "rect": [147, 1, 124, 178],
          "offset": [0, -1],
          "originalSize": [176, 184],
          "capInsets": [0, 0, 0, 0]
        }
      ],
      [0],
      0,
      [0],
      [0],
      [0]
    ],
    [
      [
        {
          "name": "wh_vfx_d_add_09",
          "rect": [183, 369, 136, 166],
          "offset": [3, 3],
          "originalSize": [176, 184],
          "rotated": 1,
          "capInsets": [0, 0, 0, 0]
        }
      ],
      [0],
      0,
      [0],
      [0],
      [0]
    ]
  ]
]
