[
  1,
  [
    "d9j66Ruq1GGIETsdwLXTrA",
    "3cnotQsMxJgYbZbABwUeGk",
    "97MtRfvfhOeYjw6e520Asc"
  ],
  ["value"],
  [["cc.AnimationClip", ["_name", "_duration", "sample", "curveData"], 0, 11]],
  [[0, 0, 1, 2, 3, 4]],
  [
    [
      0,
      "turbo_lighting_style_2",
      0.15,
      20,
      [
        { "paths": {}, "props": {} },
        "comps",
        11,
        [
          {},
          "cc.Sprite",
          11,
          [
            {},
            "spriteFrame",
            12,
            [
              [
                [{ "frame": 0 }, "value", 6, 0],
                [{ "frame": 0.05 }, "value", 6, 1],
                [{ "frame": 0.1 }, "value", 6, 2]
              ],
              11,
              11,
              11
            ]
          ]
        ]
      ]
    ]
  ],
  0,
  0,
  [0, 0, 0],
  [0, 0, 0],
  [0, 1, 2]
]
