[
  1,
  ["74YfLQJ59AvruGvIbUDn8H"],
  0,
  [
    [
      "sp.SkeletonData",
      ["_name", "_atlasText", "textureNames", "_skeletonJson", "textures"],
      -1,
      3
    ]
  ],
  [[0, 0, 1, 2, 3, 4, 5]],
  [
    [
      0,
      "h2_green_atlas_symbols",
      "\nsymbols.png\nsize: 512,737\nformat: RGBA8888\nfilter: Linear,Linear\nrepeat: none\nh_blue\n  rotate: 180\n  xy: 296, 156\n  size: 120, 107\n  orig: 122, 113\n  offset: 0, 1\n  index: -1\nh_blue_shadow\n  rotate: false\n  xy: 2, 356\n  size: 121, 111\n  orig: 123, 113\n  offset: 1, 1\n  index: -1\nh_brown\n  rotate: false\n  xy: 191, 20\n  size: 102, 86\n  orig: 102, 86\n  offset: 0, 0\n  index: -1\nh_brown_edge_glow\n  rotate: false\n  xy: 412, 640\n  size: 91, 95\n  orig: 95, 99\n  offset: 2, 2\n  index: -1\nh_brown_shadow\n  rotate: false\n  xy: 2, 156\n  size: 104, 87\n  orig: 106, 91\n  offset: 1, 2\n  index: -1\nh_gold_L\n  rotate: false\n  xy: 321, 10\n  size: 63, 62\n  orig: 64, 63\n  offset: 0, 0\n  index: -1\nh_gold_L2\n  rotate: false\n  xy: 243, 401\n  size: 48, 65\n  orig: 49, 66\n  offset: 0, 1\n  index: -1\nh_gold_R\n  rotate: false\n  xy: 264, 213\n  size: 38, 49\n  orig: 39, 50\n  offset: 0, 0\n  index: -1\nh_gold_edge_glow\n  rotate: false\n  xy: 300, 580\n  size: 110, 155\n  orig: 114, 159\n  offset: 2, 2\n  index: -1\nh_gold_front\n  rotate: 180\n  xy: 83, 88\n  size: 115, 110\n  orig: 115, 110\n  offset: 0, 0\n  index: -1\nh_gold_front_L\n  rotate: false\n  xy: 449, 13\n  size: 61, 57\n  orig: 61, 57\n  offset: 0, 0\n  index: -1\nh_gold_front_R\n  rotate: false\n  xy: 2, 15\n  size: 54, 51\n  orig: 54, 52\n  offset: 0, 0\n  index: -1\nh_gold_mid\n  rotate: false\n  xy: 430, 572\n  size: 63, 67\n  orig: 63, 68\n  offset: 0, 0\n  index: -1\nh_gold_mid_L\n  rotate: false\n  xy: 166, 206\n  size: 28, 39\n  orig: 29, 41\n  offset: 0, 2\n  index: -1\nh_gold_shadow\n  rotate: false\n  xy: 2, 581\n  size: 158, 154\n  orig: 160, 156\n  offset: 1, 1\n  index: -1\nh_gold_sparkle_1\n  rotate: false\n  xy: 261, 368\n  size: 27, 32\n  orig: 31, 34\n  offset: 2, 1\n  index: -1\nh_gold_sparkle_2\n  rotate: false\n  xy: 476, 355\n  size: 26, 27\n  orig: 28, 31\n  offset: 1, 2\n  index: -1\nh_gold_sparkle_3\n  rotate: false\n  xy: 135, 481\n  size: 18, 18\n  orig: 20, 21\n  offset: 1, 1\n  index: -1\nh_gold_sparkle_4\n  rotate: false\n  xy: 135, 529\n  size: 18, 19\n  orig: 20, 21\n  offset: 1, 1\n  index: -1\nh_green\n  rotate: true\n  xy: 2, 45\n  size: 107, 104\n  orig: 109, 113\n  offset: 2, 1\n  index: -1\nh_green_shadow\n  rotate: false\n  xy: 122, 245\n  size: 109, 106\n  orig: 112, 110\n  offset: 2, 2\n  index: -1\nh_purple\n  rotate: 180\n  xy: 370, 245\n  size: 123, 134\n  orig: 125, 134\n  offset: 2, 0\n  index: -1\nh_purple_edge_glow\n  rotate: true\n  xy: 2, 469\n  size: 110, 131\n  orig: 114, 133\n  offset: 2, 1\n  index: -1\nh_purple_shadow\n  rotate: true\n  xy: 162, 467\n  size: 125, 135\n  orig: 127, 137\n  offset: 1, 1\n  index: -1\nh_red_L\n  rotate: false\n  xy: 473, 483\n  size: 28, 38\n  orig: 29, 39\n  offset: 0, 1\n  index: -1\nh_red_R\n  rotate: false\n  xy: 182, 112\n  size: 30, 40\n  orig: 30, 41\n  offset: 0, 0\n  index: -1\nh_red_back\n  rotate: false\n  xy: 422, 379\n  size: 81, 105\n  orig: 82, 106\n  offset: 1, 1\n  index: -1\nh_red_back_L\n  rotate: false\n  xy: 2, 127\n  size: 26, 28\n  orig: 26, 31\n  offset: 0, 1\n  index: -1\nh_red_back_L2\n  rotate: false\n  xy: 453, 512\n  size: 49, 60\n  orig: 49, 61\n  offset: 0, 1\n  index: -1\nh_red_back_R\n  rotate: true\n  xy: 108, 207\n  size: 37, 57\n  orig: 38, 58\n  offset: 0, 0\n  index: -1\nh_red_back_R2\n  rotate: false\n  xy: 490, 618\n  size: 19, 20\n  orig: 19, 21\n  offset: 0, 1\n  index: -1\nh_red_edge_glow\n  rotate: true\n  xy: 299, 484\n  size: 94, 152\n  orig: 98, 154\n  offset: 2, 1\n  index: -1\nh_red_front\n  rotate: false\n  xy: 74, 4\n  size: 129, 69\n  orig: 129, 70\n  offset: 0, 0\n  index: -1\nh_red_front_L\n  rotate: false\n  xy: 135, 501\n  size: 19, 27\n  orig: 19, 28\n  offset: 0, 1\n  index: -1\nh_red_front_R\n  rotate: false\n  xy: 453, 488\n  size: 22, 23\n  orig: 22, 23\n  offset: 0, 0\n  index: -1\nh_red_front_mid\n  rotate: false\n  xy: 135, 550\n  size: 18, 30\n  orig: 19, 31\n  offset: 1, 0\n  index: -1\nh_red_mid_L\n  rotate: false\n  xy: 243, 381\n  size: 13, 21\n  orig: 15, 22\n  offset: 1, 1\n  index: -1\nh_red_mid_R\n  rotate: false\n  xy: 412, 600\n  size: 23, 28\n  orig: 24, 28\n  offset: 0, 0\n  index: -1\nh_red_mid_R2\n  rotate: false\n  xy: 484, 328\n  size: 25, 26\n  orig: 28, 27\n  offset: 1, 1\n  index: -1\nh_red_shadow\n  rotate: false\n  xy: 162, 594\n  size: 136, 141\n  orig: 140, 143\n  offset: 2, 1\n  index: -1\nl_club\n  rotate: 270\n  xy: 258, 60\n  size: 105, 113\n  orig: 105, 113\n  offset: 0, 0\n  index: -1\nl_club_shadow\n  rotate: true\n  xy: 299, 368\n  size: 114, 121\n  orig: 116, 125\n  offset: 1, 2\n  index: -1\nl_diamond\n  rotate: true\n  xy: 368, 40\n  size: 97, 117\n  orig: 97, 117\n  offset: 0, 0\n  index: -1\nl_diamond_shadow\n  rotate: true\n  xy: 243, 263\n  size: 103, 125\n  orig: 107, 127\n  offset: 2, 1\n  index: -1\nl_heart\n  rotate: 270\n  xy: 409, 118\n  size: 111, 100\n  orig: 111, 100\n  offset: 0, 0\n  index: -1\nl_heart_shadow\n  rotate: false\n  xy: 2, 245\n  size: 118, 109\n  orig: 122, 111\n  offset: 2, 1\n  index: -1\nl_spade\n  rotate: true\n  xy: 177, 129\n  size: 115, 122\n  orig: 115, 122\n  offset: 0, 0\n  index: -1\nl_spade_shadow\n  rotate: true\n  xy: 125, 353\n  size: 112, 116\n  orig: 114, 120\n  offset: 1, 2\n  index: -1\n",
      ["symbols.png"],
      {
        "skeleton": {
          "hash": "Ugo97/6X1J4ogpxc+7LZdSBbFG0",
          "spine": "3.8.99",
          "x": -57.83,
          "y": -66.73,
          "width": 122.65,
          "height": 120.45
        },
        "bones": [
          { "name": "root", "scaleX": 0.5, "scaleY": 0.5 },
          {
            "name": "_subroot",
            "parent": "root",
            "scaleX": 1.1,
            "scaleY": 1.1
          },
          { "name": "symbol", "parent": "_subroot" },
          { "name": "gem", "parent": "symbol" },
          { "name": "ctrl", "parent": "_subroot" },
          { "name": "opp", "parent": "_subroot" }
        ],
        "slots": [
          {
            "name": "h_green_shadow",
            "bone": "symbol",
            "attachment": "h_green_shadow"
          },
          { "name": "h_green", "bone": "gem", "attachment": "h_green" }
        ],
        "transform": [
          {
            "name": "ctrl",
            "target": "ctrl",
            "rotateMix": 0,
            "translateMix": -1,
            "scaleMix": 0,
            "shearMix": 0,
            "bones": ["opp"]
          }
        ],
        "skins": [
          {
            "name": "default",
            "attachments": {
              "h_green": {
                "h_green": {
                  "type": "mesh",
                  "hull": 20,
                  "uvs": [
                    0.88393, 0.80568, 0.89384, 0.84846, 0.82275, 0.94293,
                    0.64002, 0.98466, 0.42152, 0.90894, 0.32407, 0.85028,
                    0.3313, 0.82108, 0.11677, 0.75132, 0.02308, 0.5842, 0.06517,
                    0.40129, 0.23635, 0.20645, 0.52442, 0.07236, 0.62084,
                    0.07367, 0.67327, 0.14886, 0.75072, 0.24327, 0.80976,
                    0.24292, 0.87119, 0.3575, 0.92742, 0.42642, 0.99999,
                    0.53518, 0.95308, 0.75812, 0.81874, 0.4452, 0.8076, 0.69694,
                    0.62517, 0.80419, 0.58339, 0.42324, 0.5, 0.5, 0.31641,
                    0.6874, 0.64281, 0.39676, 0.51748, 0.38321, 0.3082, 0.3934,
                    0.45348, 0.85167, 0.57247, 0.78958, 0.83681, 0.36287,
                    0.56015, 0.19678, 0.58789, 0.11278, 0.14747, 0.50702,
                    0.54054, 0.30077, 0.36398, 0.65543, 0.74092, 0.59156,
                    0.68305, 0.62107
                  ],
                  "triangles": [
                    4, 29, 3, 29, 30, 3, 30, 22, 3, 0, 2, 22, 21, 22, 38, 38,
                    37, 21, 22, 2, 3, 2, 0, 1, 0, 22, 21, 4, 5, 29, 5, 6, 29,
                    30, 29, 36, 7, 25, 6, 29, 6, 36, 6, 25, 36, 0, 21, 19, 22,
                    30, 38, 36, 24, 30, 30, 24, 38, 19, 21, 18, 7, 34, 25, 7, 8,
                    34, 18, 37, 20, 20, 17, 18, 17, 20, 16, 20, 31, 16, 18, 21,
                    37, 25, 34, 36, 34, 28, 36, 36, 28, 24, 24, 23, 38, 38, 23,
                    37, 37, 23, 26, 31, 20, 26, 31, 26, 14, 20, 37, 26, 8, 9,
                    34, 34, 9, 28, 24, 27, 23, 24, 28, 27, 31, 14, 15, 26, 23,
                    35, 9, 10, 28, 23, 27, 35, 26, 35, 14, 14, 32, 13, 32, 14,
                    35, 27, 28, 35, 35, 28, 10, 31, 15, 16, 35, 10, 32, 10, 11,
                    32, 32, 33, 13, 32, 11, 33, 33, 12, 13, 33, 11, 12
                  ],
                  "vertices": [
                    1, 3, 83.7, -69.28, 1, 1, 3, 85.86, -78.9, 1, 1, 3, 70.36,
                    -100.16, 1, 1, 3, 30.52, -109.55, 1, 1, 3, -17.11, -92.51,
                    1, 1, 3, -38.35, -79.31, 1, 1, 3, -36.78, -72.74, 1, 1, 3,
                    -83.54, -57.05, 1, 1, 3, -103.97, -19.44, 1, 1, 3, -94.79,
                    21.71, 1, 1, 3, -57.48, 65.55, 1, 1, 3, 5.32, 95.72, 1, 1,
                    3, 26.34, 95.42, 1, 1, 3, 37.77, 78.51, 1, 1, 3, 54.66,
                    57.26, 1, 1, 3, 67.53, 57.34, 1, 1, 3, 80.92, 31.56, 1, 1,
                    3, 93.18, 16.06, 1, 1, 3, 109, -8.42, 1, 1, 3, 98.77,
                    -58.58, 1, 2, 3, 69.49, 11.83, 0.85, 4, 69.49, 11.83, 0.15,
                    2, 3, 67.06, -44.81, 0.9, 4, 67.06, -44.81, 0.1, 2, 3,
                    27.29, -68.94, 0.9, 4, 27.29, -68.94, 0.1, 2, 3, 18.18,
                    16.77, 0.85, 4, 18.18, 16.77, 0.15, 2, 3, 0, -0.5, 0.85, 4,
                    0, -0.5, 0.15, 2, 3, -40.02, -42.66, 0.85, 4, -40.02,
                    -42.66, 0.15, 2, 3, 31.13, 22.73, 0.85, 4, 31.13, 22.73,
                    0.15, 2, 3, 3.81, 25.78, 0.85, 4, 3.81, 25.78, 0.15, 2, 3,
                    -41.81, 23.48, 0.85, 4, -41.81, 23.48, 0.15, 2, 3, -10.14,
                    -79.63, 0.9, 4, -10.14, -79.63, 0.1, 2, 3, 15.8, -65.65,
                    0.9, 4, 15.8, -65.65, 0.1, 2, 3, 73.42, 30.36, 0.85, 4,
                    73.42, 30.36, 0.15, 2, 3, 13.11, 67.72, 0.88, 4, 13.11,
                    67.72, 0.12, 2, 3, 19.16, 86.62, 0.9, 4, 19.16, 86.62, 0.1,
                    2, 3, -76.85, -2.08, 0.85, 4, -76.85, -2.08, 0.15, 2, 3,
                    8.84, 44.33, 0.86334, 4, 8.84, 44.33, 0.13666, 2, 3, -29.65,
                    -35.47, 0.85228, 4, -29.65, -35.47, 0.14772, 2, 3, 52.52,
                    -21.1, 0.88192, 4, 52.52, -21.1, 0.11808, 2, 3, 39.9,
                    -27.74, 0.88219, 4, 39.9, -27.74, 0.11781
                  ]
                }
              },
              "h_green_shadow": {
                "h_green_shadow": {
                  "x": 6.36,
                  "y": -11.82,
                  "width": 223,
                  "height": 219
                }
              }
            }
          }
        ],
        "animations": {
          "spawn": {
            "bones": {
              "gem": {
                "rotate": [
                  { "curve": 0.25, "c3": 0.75 },
                  { "time": 0.0667, "angle": -1, "curve": 0.25, "c3": 0.75 },
                  { "time": 0.2333, "angle": 1, "curve": 0.25, "c3": 0.444 },
                  { "time": 0.3667, "angle": -1, "curve": 0.25, "c3": 0.481 },
                  { "time": 0.5 }
                ],
                "translate": [
                  { "curve": 0.397, "c2": 0.51, "c3": 0.75 },
                  { "time": 0.0333, "y": -5, "curve": 0.25, "c3": 0.75 },
                  { "time": 0.1333, "y": 2, "curve": 0.25, "c3": 0.444 },
                  { "time": 0.3, "y": -1, "curve": 0.25, "c3": 0.481 },
                  { "time": 0.5 }
                ]
              },
              "ctrl": {
                "translate": [
                  { "curve": 0.25, "c3": 0.75 },
                  { "time": 0.0667, "y": 10, "curve": 0.25, "c3": 0.75 },
                  { "time": 0.2667, "y": -20, "curve": 0.25, "c3": 0.75 },
                  { "time": 0.5 }
                ]
              }
            }
          },
          "win": {
            "bones": {
              "ctrl": {
                "translate": [
                  { "curve": 0.25, "c3": 0.75 },
                  {
                    "time": 0.0667,
                    "x": -25,
                    "y": 25,
                    "curve": 0.25,
                    "c3": 0.75
                  },
                  {
                    "time": 0.2667,
                    "x": 35,
                    "y": -35,
                    "curve": 0.25,
                    "c3": 0.75
                  },
                  { "time": 0.5 }
                ]
              },
              "gem": {
                "rotate": [
                  { "curve": 0.25, "c3": 0.75 },
                  { "time": 0.1, "angle": -3.51, "curve": 0.25, "c3": 0.75 },
                  { "time": 0.3, "angle": 2.21, "curve": 0.25, "c3": 0.75 },
                  { "time": 0.3667, "angle": -1.59, "curve": 0.25, "c3": 0.75 },
                  { "time": 0.5 }
                ],
                "translate": [
                  { "curve": 0.385, "c2": 0.49, "c3": 0.75 },
                  { "time": 0.0333, "y": -7, "curve": 0.25, "c3": 0.75 },
                  {
                    "time": 0.1667,
                    "x": 0.33,
                    "y": 12.99,
                    "curve": 0.25,
                    "c3": 0.75
                  },
                  { "time": 0.2667, "y": -2, "curve": 0.25, "c3": 0.75 },
                  { "time": 0.4 }
                ],
                "scale": [
                  { "curve": 0.25, "c3": 0.75 },
                  {
                    "time": 0.1667,
                    "x": 1.07,
                    "y": 1.07,
                    "curve": 0.25,
                    "c3": 0.55
                  },
                  {
                    "time": 0.3,
                    "x": 0.99,
                    "y": 0.99,
                    "curve": 0.25,
                    "c3": 0.55
                  },
                  {
                    "time": 0.4333,
                    "x": 1.003,
                    "y": 1.003,
                    "curve": 0.25,
                    "c3": 0.615
                  },
                  { "time": 0.5 }
                ]
              }
            }
          }
        }
      },
      [0]
    ]
  ],
  0,
  0,
  [0],
  [-1],
  [0]
]
