{
  "BetOptions": {
    "BetWord": "Bet",
    "BetChangeProgressRemind": "Changing Bet Amount will load the corresponding game progress.",
    "BetChangeForfeitProgressRemind": "Changing Bet Amount will forfeit the current game progress.",
    "BetOriginalAmountTitle": "Original Bet Amount: ",
    "BetSettingWord": "Bet Options",
    "ReminderWord": "Reminder",
    "BiggestBet": "Max Bet",
    "Confirm": "Confirm",
    "BetCurrencyRate": "Bet Size",
    "BetMultiple": "Bet Level",
    "BetAmountTitle": "Bet Amount",
    "BetAmount": "Bet Amount: ",
    "SubReminderWord": "Time Reminder",
    "BetLines": "Lines",
    "ReminderHours": "%{value} hour",
    "ReminderMinutes": "%{value} minutes",
    "ReminderSeconds": "%{value} second(s)",
    "MaxPayout": "Max Payout",
    "RTP": "RTP",
    "PayoutProbabilities": "1 in %{value} spins"
  },
  "SpinOptions": {
    "ChooseValue": "Choose Value",
    "SettingSliderNumNone": "None",
    "AutoSpinWordShort": "Auto",
    "AutoSpinWord": "Auto Spin",
    "SpinSpeed": "Spin Speed",
    "NormalSpeed": "Normal",
    "FastSpeed": "Turbo",
    "AutoSpin": "Number of Auto Spins",
    "OnceCashLessThanTitle": "Stop if balance decreases by",
    "RequiredTitle": "*Required",
    "OnceCashMoreThanTitle": "Stop if balance increases by",
    "OnceWinAmountTargetTitle": "Stop if a single win exceeds",
    "StartAutoSpin": "Start Auto Spin",
    "MoreOptions": "More",
    "HideOptions": "Hide"
  },
  "SpinOptionsLegacy": {
    "ChooseValue": "Choose Value",
    "SettingSliderNumNone": "None",
    "AutoSpinWordShort": "Spin Options",
    "AutoSpinWord": "Spin Options",
    "SpinSpeed": "Spin Speed",
    "NormalSpeed": "Normal",
    "FastSpeed": "Turbo",
    "AutoSpin": "Auto Spin",
    "OnceCashLessThanTitle": "Stop if balance decreases by",
    "RequiredTitle": "*Required",
    "OnceCashMoreThanTitle": "Stop if balance increases by",
    "OnceWinAmountTargetTitle": "Stop if a single win exceeds",
    "StartAutoSpin": "Start Auto Spin"
  }
}
