[
  1,
  ["74YfLQJ59AvruGvIbUDn8H"],
  0,
  [
    [
      "sp.SkeletonData",
      ["_name", "_atlasText", "textureNames", "_skeletonJson", "textures"],
      -1,
      3
    ]
  ],
  [[0, 0, 1, 2, 3, 4, 5]],
  [
    [
      0,
      "l2_clover_atlas_symbols",
      "\nsymbols.png\nsize: 512,737\nformat: RGBA8888\nfilter: Linear,Linear\nrepeat: none\nh_blue\n  rotate: 180\n  xy: 296, 156\n  size: 120, 107\n  orig: 122, 113\n  offset: 0, 1\n  index: -1\nh_blue_shadow\n  rotate: false\n  xy: 2, 356\n  size: 121, 111\n  orig: 123, 113\n  offset: 1, 1\n  index: -1\nh_brown\n  rotate: false\n  xy: 191, 20\n  size: 102, 86\n  orig: 102, 86\n  offset: 0, 0\n  index: -1\nh_brown_edge_glow\n  rotate: false\n  xy: 412, 640\n  size: 91, 95\n  orig: 95, 99\n  offset: 2, 2\n  index: -1\nh_brown_shadow\n  rotate: false\n  xy: 2, 156\n  size: 104, 87\n  orig: 106, 91\n  offset: 1, 2\n  index: -1\nh_gold_L\n  rotate: false\n  xy: 321, 10\n  size: 63, 62\n  orig: 64, 63\n  offset: 0, 0\n  index: -1\nh_gold_L2\n  rotate: false\n  xy: 243, 401\n  size: 48, 65\n  orig: 49, 66\n  offset: 0, 1\n  index: -1\nh_gold_R\n  rotate: false\n  xy: 264, 213\n  size: 38, 49\n  orig: 39, 50\n  offset: 0, 0\n  index: -1\nh_gold_edge_glow\n  rotate: false\n  xy: 300, 580\n  size: 110, 155\n  orig: 114, 159\n  offset: 2, 2\n  index: -1\nh_gold_front\n  rotate: 180\n  xy: 83, 88\n  size: 115, 110\n  orig: 115, 110\n  offset: 0, 0\n  index: -1\nh_gold_front_L\n  rotate: false\n  xy: 449, 13\n  size: 61, 57\n  orig: 61, 57\n  offset: 0, 0\n  index: -1\nh_gold_front_R\n  rotate: false\n  xy: 2, 15\n  size: 54, 51\n  orig: 54, 52\n  offset: 0, 0\n  index: -1\nh_gold_mid\n  rotate: false\n  xy: 430, 572\n  size: 63, 67\n  orig: 63, 68\n  offset: 0, 0\n  index: -1\nh_gold_mid_L\n  rotate: false\n  xy: 166, 206\n  size: 28, 39\n  orig: 29, 41\n  offset: 0, 2\n  index: -1\nh_gold_shadow\n  rotate: false\n  xy: 2, 581\n  size: 158, 154\n  orig: 160, 156\n  offset: 1, 1\n  index: -1\nh_gold_sparkle_1\n  rotate: false\n  xy: 261, 368\n  size: 27, 32\n  orig: 31, 34\n  offset: 2, 1\n  index: -1\nh_gold_sparkle_2\n  rotate: false\n  xy: 476, 355\n  size: 26, 27\n  orig: 28, 31\n  offset: 1, 2\n  index: -1\nh_gold_sparkle_3\n  rotate: false\n  xy: 135, 481\n  size: 18, 18\n  orig: 20, 21\n  offset: 1, 1\n  index: -1\nh_gold_sparkle_4\n  rotate: false\n  xy: 135, 529\n  size: 18, 19\n  orig: 20, 21\n  offset: 1, 1\n  index: -1\nh_green\n  rotate: true\n  xy: 2, 45\n  size: 107, 104\n  orig: 109, 113\n  offset: 2, 1\n  index: -1\nh_green_shadow\n  rotate: false\n  xy: 122, 245\n  size: 109, 106\n  orig: 112, 110\n  offset: 2, 2\n  index: -1\nh_purple\n  rotate: 180\n  xy: 370, 245\n  size: 123, 134\n  orig: 125, 134\n  offset: 2, 0\n  index: -1\nh_purple_edge_glow\n  rotate: true\n  xy: 2, 469\n  size: 110, 131\n  orig: 114, 133\n  offset: 2, 1\n  index: -1\nh_purple_shadow\n  rotate: true\n  xy: 162, 467\n  size: 125, 135\n  orig: 127, 137\n  offset: 1, 1\n  index: -1\nh_red_L\n  rotate: false\n  xy: 473, 483\n  size: 28, 38\n  orig: 29, 39\n  offset: 0, 1\n  index: -1\nh_red_R\n  rotate: false\n  xy: 182, 112\n  size: 30, 40\n  orig: 30, 41\n  offset: 0, 0\n  index: -1\nh_red_back\n  rotate: false\n  xy: 422, 379\n  size: 81, 105\n  orig: 82, 106\n  offset: 1, 1\n  index: -1\nh_red_back_L\n  rotate: false\n  xy: 2, 127\n  size: 26, 28\n  orig: 26, 31\n  offset: 0, 1\n  index: -1\nh_red_back_L2\n  rotate: false\n  xy: 453, 512\n  size: 49, 60\n  orig: 49, 61\n  offset: 0, 1\n  index: -1\nh_red_back_R\n  rotate: true\n  xy: 108, 207\n  size: 37, 57\n  orig: 38, 58\n  offset: 0, 0\n  index: -1\nh_red_back_R2\n  rotate: false\n  xy: 490, 618\n  size: 19, 20\n  orig: 19, 21\n  offset: 0, 1\n  index: -1\nh_red_edge_glow\n  rotate: true\n  xy: 299, 484\n  size: 94, 152\n  orig: 98, 154\n  offset: 2, 1\n  index: -1\nh_red_front\n  rotate: false\n  xy: 74, 4\n  size: 129, 69\n  orig: 129, 70\n  offset: 0, 0\n  index: -1\nh_red_front_L\n  rotate: false\n  xy: 135, 501\n  size: 19, 27\n  orig: 19, 28\n  offset: 0, 1\n  index: -1\nh_red_front_R\n  rotate: false\n  xy: 453, 488\n  size: 22, 23\n  orig: 22, 23\n  offset: 0, 0\n  index: -1\nh_red_front_mid\n  rotate: false\n  xy: 135, 550\n  size: 18, 30\n  orig: 19, 31\n  offset: 1, 0\n  index: -1\nh_red_mid_L\n  rotate: false\n  xy: 243, 381\n  size: 13, 21\n  orig: 15, 22\n  offset: 1, 1\n  index: -1\nh_red_mid_R\n  rotate: false\n  xy: 412, 600\n  size: 23, 28\n  orig: 24, 28\n  offset: 0, 0\n  index: -1\nh_red_mid_R2\n  rotate: false\n  xy: 484, 328\n  size: 25, 26\n  orig: 28, 27\n  offset: 1, 1\n  index: -1\nh_red_shadow\n  rotate: false\n  xy: 162, 594\n  size: 136, 141\n  orig: 140, 143\n  offset: 2, 1\n  index: -1\nl_club\n  rotate: 270\n  xy: 258, 60\n  size: 105, 113\n  orig: 105, 113\n  offset: 0, 0\n  index: -1\nl_club_shadow\n  rotate: true\n  xy: 299, 368\n  size: 114, 121\n  orig: 116, 125\n  offset: 1, 2\n  index: -1\nl_diamond\n  rotate: true\n  xy: 368, 40\n  size: 97, 117\n  orig: 97, 117\n  offset: 0, 0\n  index: -1\nl_diamond_shadow\n  rotate: true\n  xy: 243, 263\n  size: 103, 125\n  orig: 107, 127\n  offset: 2, 1\n  index: -1\nl_heart\n  rotate: 270\n  xy: 409, 118\n  size: 111, 100\n  orig: 111, 100\n  offset: 0, 0\n  index: -1\nl_heart_shadow\n  rotate: false\n  xy: 2, 245\n  size: 118, 109\n  orig: 122, 111\n  offset: 2, 1\n  index: -1\nl_spade\n  rotate: true\n  xy: 177, 129\n  size: 115, 122\n  orig: 115, 122\n  offset: 0, 0\n  index: -1\nl_spade_shadow\n  rotate: true\n  xy: 125, 353\n  size: 112, 116\n  orig: 114, 120\n  offset: 1, 2\n  index: -1\n",
      ["symbols.png"],
      {
        "skeleton": {
          "hash": "XmMXm+tgePgTZBH/BdqpXXIDEHo",
          "spine": "3.8.99",
          "x": -59,
          "y": -68.5,
          "width": 116,
          "height": 124.5
        },
        "bones": [
          { "name": "root", "scaleX": 0.5, "scaleY": 0.5 },
          { "name": "_subroot", "parent": "root" },
          { "name": "symbol", "parent": "_subroot" },
          { "name": "ctrl", "parent": "_subroot" }
        ],
        "slots": [
          {
            "name": "l_club_shadow",
            "bone": "_subroot",
            "attachment": "l_club_shadow"
          },
          { "name": "symbol", "bone": "symbol", "attachment": "l_club" }
        ],
        "skins": [
          {
            "name": "default",
            "attachments": {
              "l_club_shadow": {
                "l_club_shadow": {
                  "x": -2,
                  "y": -12.5,
                  "width": 232,
                  "height": 249
                }
              },
              "symbol": {
                "l_club": {
                  "type": "mesh",
                  "hull": 25,
                  "uvs": [
                    0.67967, 0.88889, 0.6821, 0.95336, 0.60038, 0.99999,
                    0.35333, 0.99588, 0.31295, 0.88889, 0.33214, 0.83642,
                    0.36905, 0.73319, 0.20371, 0.7781, 0.031, 0.71053, 0,
                    0.53633, 0.03725, 0.3954, 0.16073, 0.33459, 0.29578,
                    0.33481, 0.22957, 0.20021, 0.33539, 0.03813, 0.53477, 0,
                    0.7229, 0.04528, 0.78184, 0.2342, 0.71835, 0.34289, 0.87435,
                    0.35337, 0.99209, 0.45128, 1, 0.60217, 0.94686, 0.75341,
                    0.78005, 0.78257, 0.64424, 0.76646, 0.58448, 0.66345,
                    0.59595, 0.92832, 0.39024, 0.9242, 0.78543, 0.71673,
                    0.20919, 0.70301, 0.46014, 0.64288, 0.92567, 0.67385,
                    0.09405, 0.66699
                  ],
                  "triangles": [
                    3, 27, 2, 27, 26, 2, 2, 26, 1, 3, 4, 27, 26, 0, 1, 25, 24,
                    26, 26, 24, 0, 27, 30, 25, 30, 27, 6, 4, 5, 27, 5, 6, 27,
                    25, 26, 27, 23, 28, 22, 23, 24, 28, 8, 32, 7, 7, 29, 6, 7,
                    32, 29, 24, 25, 28, 28, 31, 22, 22, 31, 21, 6, 29, 30, 25,
                    18, 28, 28, 19, 31, 28, 18, 19, 8, 9, 32, 32, 11, 29, 29,
                    12, 30, 29, 11, 12, 31, 20, 21, 31, 19, 20, 32, 9, 11, 11,
                    9, 10, 25, 30, 18, 30, 12, 18, 15, 12, 14, 12, 15, 18, 17,
                    15, 16, 17, 18, 15, 12, 13, 14
                  ],
                  "vertices": [
                    2, 2, 35.73, -88.89, 0.8, 3, 35.73, -88.89, 0.2, 1, 2,
                    36.24, -103.46, 1, 1, 2, 19.08, -114, 1, 1, 2, -32.8,
                    -113.07, 1, 1, 2, -41.28, -88.89, 1, 2, 2, -37.25, -77.03,
                    0.8, 3, -37.25, -77.03, 0.2, 1, 2, -29.5, -53.7, 1, 1, 2,
                    -64.22, -63.85, 1, 1, 2, -100.49, -48.58, 1, 2, 2, -107,
                    -9.21, 0.8, 3, -107, -9.21, 0.2, 2, 2, -99.18, 22.64, 0.8,
                    3, -99.18, 22.64, 0.2, 2, 2, -73.25, 36.38, 0.8, 3, -73.25,
                    36.38, 0.2, 2, 2, -44.89, 36.33, 0.8, 3, -44.89, 36.33, 0.2,
                    2, 2, -58.79, 66.75, 0.8, 3, -58.79, 66.75, 0.2, 2, 2,
                    -36.57, 103.38, 0.8, 3, -36.57, 103.38, 0.2, 2, 2, 5.3, 112,
                    0.8, 3, 5.3, 112, 0.2, 2, 2, 44.81, 101.77, 0.8, 3, 44.81,
                    101.77, 0.2, 2, 2, 57.19, 59.07, 0.8, 3, 57.19, 59.07, 0.2,
                    2, 2, 43.85, 34.51, 0.8, 3, 43.85, 34.51, 0.2, 2, 2, 76.61,
                    32.14, 0.8, 3, 76.61, 32.14, 0.2, 2, 2, 101.34, 10.01, 0.8,
                    3, 101.34, 10.01, 0.2, 2, 2, 103, -24.09, 0.8, 3, 103,
                    -24.09, 0.2, 1, 2, 91.84, -58.27, 1, 1, 2, 56.81, -64.86, 1,
                    1, 2, 28.29, -61.22, 1, 2, 2, 15.74, -37.94, 0.8, 3, 15.74,
                    -37.94, 0.2, 2, 2, 18.15, -97.8, 0.8, 3, 18.15, -97.8, 0.2,
                    2, 2, -25.05, -96.87, 0.8, 3, -25.05, -96.87, 0.2, 2, 2,
                    57.94, -49.98, 0.8, 3, 57.94, -49.98, 0.2, 1, 2, -63.07,
                    -46.88, 1, 2, 2, -10.37, -33.29, 0.8, 3, -10.37, -33.29,
                    0.2, 2, 2, 87.39, -40.29, 0.8, 3, 87.39, -40.29, 0.2, 2, 2,
                    -87.25, -38.74, 0.8, 3, -87.25, -38.74, 0.2
                  ]
                }
              }
            }
          }
        ],
        "animations": {
          "spawn": {
            "bones": {
              "symbol": {
                "translate": [
                  { "curve": 0.25, "c3": 0.75 },
                  { "time": 0.0667, "y": -5, "curve": 0.25, "c3": 0.75 },
                  { "time": 0.1667, "y": 2, "curve": 0.25, "c3": 0.75 },
                  { "time": 0.3333, "y": -2, "curve": 0.25, "c3": 0.75 },
                  { "time": 0.5 }
                ]
              },
              "ctrl": {
                "translate": [
                  { "curve": 0.25, "c3": 0.75 },
                  { "time": 0.0667, "y": -10, "curve": 0.25, "c3": 0.75 },
                  { "time": 0.2667, "y": 4, "curve": 0.25, "c3": 0.75 },
                  { "time": 0.5 }
                ]
              }
            }
          },
          "win": {
            "bones": {
              "symbol": {
                "scale": [
                  { "curve": 0.384, "c3": 0.803, "c4": 0.71 },
                  {
                    "time": 0.0667,
                    "x": 0.98,
                    "y": 0.98,
                    "curve": 0.125,
                    "c2": 0.21,
                    "c3": 0.608
                  },
                  {
                    "time": 0.2,
                    "x": 1.02,
                    "y": 1.02,
                    "curve": 0.523,
                    "c3": 0.467
                  },
                  {
                    "time": 0.3333,
                    "x": 0.99,
                    "y": 0.99,
                    "curve": 0.125,
                    "c2": 0.21,
                    "c3": 0.608
                  },
                  { "time": 0.5 }
                ]
              },
              "ctrl": {
                "translate": [
                  { "curve": 0.25, "c3": 0.75 },
                  { "time": 0.0667, "y": 10, "curve": 0.25, "c3": 0.75 },
                  { "time": 0.2667, "y": -20, "curve": 0.25, "c3": 0.75 },
                  { "time": 0.5 }
                ],
                "scale": [
                  { "curve": 0.25, "c3": 0.75 },
                  {
                    "time": 0.0667,
                    "x": 0.95,
                    "y": 0.95,
                    "curve": 0.25,
                    "c3": 0.75
                  },
                  {
                    "time": 0.2667,
                    "x": 1.05,
                    "y": 1.05,
                    "curve": 0.25,
                    "c3": 0.75
                  },
                  { "time": 0.5 }
                ]
              }
            }
          }
        }
      },
      [0]
    ]
  ],
  0,
  0,
  [0],
  [-1],
  [0]
]
