[
  1,
  ["755QemO8VKoYn/j8Mchu8M"],
  ["_textureSetter"],
  ["cc.SpriteFrame"],
  0,
  [
    [
      [
        {
          "name": "center_autoplay",
          "rect": [93, 430, 30, 36],
          "offset": [2, 0],
          "originalSize": [90, 90],
          "capInsets": [0, 0, 0, 0]
        }
      ],
      [0],
      0,
      [0],
      [0],
      [0]
    ],
    [
      [
        {
          "name": "auto_arrow",
          "rect": [1, 1219, 66, 63],
          "offset": [0, 0],
          "originalSize": [66, 63],
          "capInsets": [0, 0, 0, 0]
        }
      ],
      [0],
      0,
      [0],
      [0],
      [0]
    ],
    [
      [
        {
          "name": "auto_shadow",
          "rect": [89, 519, 36, 44],
          "offset": [3, 1],
          "originalSize": [70, 70],
          "capInsets": [0, 0, 0, 0]
        }
      ],
      [0],
      0,
      [0],
      [0],
      [0]
    ]
  ]
]
