[
  1,
  [
    "ecpdLyjvZBwrvm+cedCcQy",
    "f7N7cnf5RAEZ129HKYVRam",
    "1eqn/iMQpLHrmbJxvIA9vk",
    "2dvw4vS/BLdoAl4YUb1PSD",
    "754V+xcCNB0rcfP3LodRLM",
    "a2MjXRFdtLlYQ5ouAFv/+R",
    "4dINbJnQFN9IUkH+vbZfVV",
    "54Kw20+RRIz6nGBbXp6LLx",
    "deJxY7bxxJT4CSqr7DYPPv"
  ],
  [
    "node",
    "_spriteFrame",
    "root",
    "data",
    "_textureSetter",
    "scatterFastSpinBlackMaskHolder",
    "symHolder",
    "normalSymEffectController",
    "scatterEffectController",
    "winFrameEffectController",
    "winEffectController",
    "cornerFramePrefab",
    "horizontalFramePrefab",
    "verticalFramePrefab"
  ],
  [
    [
      "cc.Node",
      [
        "_name",
        "_opacity",
        "_prefab",
        "_children",
        "_parent",
        "_components",
        "_contentSize",
        "_trs",
        "_anchorPoint",
        "_color",
        "_eulerAngles"
      ],
      1,
      4,
      2,
      1,
      9,
      5,
      7,
      5,
      5,
      5
    ],
    "cc.SpriteFrame",
    [
      "cc.Node",
      [
        "_name",
        "_parent",
        "_components",
        "_prefab",
        "_children",
        "_contentSize"
      ],
      2,
      1,
      2,
      4,
      2,
      5
    ],
    ["cc.PrefabInfo", ["fileId", "root", "asset"], 2, 1, 1],
    [
      "cc.Sprite",
      [
        "_sizeMode",
        "_isTrimmedMode",
        "_type",
        "node",
        "_materials",
        "_spriteFrame"
      ],
      0,
      1,
      3,
      6
    ],
    ["cc.Prefab", ["_name"], 2],
    [
      "cc.Node",
      ["_name", "_parent", "_components", "_prefab", "_contentSize"],
      2,
      1,
      12,
      4,
      5
    ],
    [
      "924a6/3hWJH1qX7mxH73Sk5",
      [
        "node",
        "winEffectController",
        "winFrameEffectController",
        "scatterEffectController",
        "normalSymEffectController",
        "symHolder",
        "scatterFastSpinBlackMaskHolder"
      ],
      3,
      1,
      1,
      1,
      1,
      1,
      1,
      1
    ],
    ["cc.Mask", ["node", "_materials"], 3, 1, 3],
    ["83137h3qnZNUJFlHxRJ2+CC", ["node"], 3, 1],
    ["c0bf87s+25Cwp8rO52Nmaze", ["node", "holder"], 3, 1, 1],
    [
      "d6698qvQIFN/ZUf+vHzzQy6",
      ["node", "blackMask", "winSymbolHolder", "symBgHolder"],
      3,
      1,
      1,
      1,
      1
    ],
    ["57dfbBGSmdCoKxLALuM9ziC", ["node"], 3, 1]
  ],
  [
    [3, 0, 1, 2, 2],
    [4, 2, 0, 1, 3, 4, 5, 4],
    [0, 0, 4, 2, 2],
    [5, 0, 2],
    [3, 1, 2, 1],
    [0, 0, 4, 5, 2, 6, 8, 2],
    [0, 0, 3, 2, 2],
    [0, 0, 4, 3, 5, 2, 6, 8, 7, 2],
    [8, 0, 1, 1],
    [0, 0, 3, 5, 2, 6, 2],
    [0, 0, 1, 4, 3, 2, 3],
    [0, 0, 4, 5, 2, 9, 6, 2],
    [0, 0, 3, 2, 7, 2],
    [0, 0, 4, 3, 5, 2, 6, 8, 7, 10, 2],
    [2, 0, 1, 4, 2, 3, 5, 2],
    [2, 0, 1, 4, 2, 3, 2],
    [2, 0, 1, 2, 3, 2],
    [6, 0, 1, 2, 3, 4, 2],
    [7, 0, 1, 2, 3, 4, 5, 6, 1],
    [9, 0, 1],
    [4, 0, 1, 3, 4, 5, 3],
    [10, 0, 1, 1],
    [11, 0, 1, 2, 3, 1],
    [12, 0, 1]
  ],
  [
    [
      [
        {
          "name": "wh_vfx_g_normal_01",
          "rect": [1, 1, 280, 280],
          "offset": [0, 0],
          "originalSize": [280, 280],
          "capInsets": [102, 175, 170, 94]
        }
      ],
      [1],
      0,
      [0],
      [4],
      [1]
    ],
    [
      [
        {
          "name": "wh_vfx_g_normal_02",
          "rect": [283, 1, 280, 280],
          "offset": [0, 0],
          "originalSize": [280, 280],
          "capInsets": [146, 115, 145, 115]
        }
      ],
      [1],
      0,
      [0],
      [4],
      [1]
    ],
    [
      [
        [3, "sym_overlay_effect_controller"],
        [
          9,
          "sym_overlay_effect_controller",
          [-10, -11, -12, -13, -14],
          [
            [18, -8, -7, -6, -5, -4, -3, -2],
            [8, -9, [3]]
          ],
          [4, -1, 0],
          [5, 1060, 885]
        ],
        [
          14,
          "win_effect_controller",
          1,
          [-16, -17, -18, -19],
          [-15],
          [0, "15sg6jd1lIUaExmlt9G8Pt", 1, 0],
          [5, 1050, 1050]
        ],
        [
          17,
          "scatter_effect_controller",
          1,
          [[-20, [8, -21, [0]]], 1, 4],
          [0, "19rLqP9FRGAaUjW53p5jZW", 1, 0],
          [5, 1050, 875]
        ],
        [
          10,
          "black_mask_holder",
          0,
          2,
          [-22],
          [0, "c54o7ZmUlBO7AC48Gwqh91", 1, 0]
        ],
        [
          15,
          "win_frame_effect_controller",
          2,
          [-24],
          [-23],
          [0, "aaRaSjJb1KaqffwbFY9MZW", 1, 0]
        ],
        [2, "symbol_holder", 1, [0, "77GYTs8CFPK5m1t5u/4Q/A", 1, 0]],
        [
          2,
          "scatter_fast_spin_black_mask_holder",
          1,
          [0, "e5Qw+0u2xEEof8P3Oppuem", 1, 0]
        ],
        [19, 3],
        [
          11,
          "black_mask",
          4,
          [[20, 0, false, -25, [1], 2]],
          [0, "1aUtRfPhVNxZql2v/whQ2n", 1, 0],
          [4, 4278190080],
          [5, 1050, 875]
        ],
        [2, "sym_bg_holder", 2, [0, "2dFRHQjBFDWpYekOqhaVW8", 1, 0]],
        [2, "win_symbol_holder", 2, [0, "8bLfzTERtMF5VdXLW3TGQ1", 1, 0]],
        [2, "win_frame_effect_holder", 5, [0, "7bLugTrsJKYq5MezV0AOoa", 1, 0]],
        [21, 5, 12],
        [22, 2, 4, 11, 10],
        [
          16,
          "normal_sym_effect_controller",
          1,
          [-26],
          [0, "71gu9nKbtFM49wsWQ4e2h5", 1, 0]
        ],
        [23, 15]
      ],
      0,
      [
        0, 2, 1, 0, 5, 7, 0, 6, 6, 0, 7, 16, 0, 8, 8, 0, 9, 13, 0, 10, 14, 0, 0,
        1, 0, 0, 1, 0, -1, 6, 0, -2, 7, 0, -3, 3, 0, -4, 2, 0, -5, 15, 0, -1,
        14, 0, -1, 4, 0, -2, 10, 0, -3, 11, 0, -4, 5, 0, -1, 8, 0, 0, 3, 0, -1,
        9, 0, -1, 13, 0, -1, 12, 0, 0, 9, 0, -1, 16, 0, 3, 1, 26
      ],
      [0, 0, 0, 0, 13, 13, 13],
      [-1, -1, 1, -1, 11, 12, 13],
      [0, 0, 5, 0, 6, 7, 8]
    ],
    [
      [
        [3, "wh_frame_c"],
        [12, "wh_frame_c", [-2], [4, -1, 0], [0, 0, 0, 0, 0, 0, 1, 1, 1, 1.43]],
        [
          13,
          "wh_vfx_g_normal_01",
          1,
          [-4],
          [[1, 1, 0, false, -3, [2], 3]],
          [0, "d0N2QeUFpOL641pToY7IC0", 1, 0],
          [5, 303.5, 305],
          [0, 0.264, 0.264],
          [
            0, 0, 0, 0, 0, -0.7071067811865475, 0.7071067811865476, 1.43, 1.43,
            1
          ],
          [1, 0, 0, -90]
        ],
        [
          5,
          "wh_vfx_g_normal_01",
          2,
          [[1, 1, 0, false, -5, [0], 1]],
          [0, "c4hAFMTslIQK4zRsijHLKi", 1, 0],
          [5, 303.5, 305],
          [0, 0.264, 0.264]
        ]
      ],
      0,
      [0, 2, 1, 0, -1, 2, 0, 0, 2, 0, -1, 3, 0, 0, 3, 0, 3, 1, 5],
      [0, 0, 0, 0],
      [-1, 1, -1, 1],
      [0, 2, 0, 2]
    ],
    [
      [
        [3, "wh_frame_h"],
        [6, "wh_frame_h", [-2], [4, -1, 0]],
        [
          7,
          "wh_vfx_g_normal_02",
          1,
          [-4],
          [[1, 1, 0, false, -3, [2], 3]],
          [0, "c2rljwxJZGbbBjjwa++Bs7", 1, 0],
          [5, 345, 400],
          [0, 0.5, 0.2],
          [0, 0, 0, 0, 0, 0, 1, 1.43, 1.43, 1]
        ],
        [
          5,
          "wh_vfx_g_normal_02",
          2,
          [[1, 1, 0, false, -5, [0], 1]],
          [0, "14n4GI5a9EvaR3JE71jCYh", 1, 0],
          [5, 345, 400],
          [0, 0.5, 0.2]
        ]
      ],
      0,
      [0, 2, 1, 0, -1, 2, 0, 0, 2, 0, -1, 3, 0, 0, 3, 0, 3, 1, 5],
      [0, 0, 0, 0],
      [-1, 1, -1, 1],
      [0, 3, 0, 3]
    ],
    [
      [
        {
          "name": "wh_vfx_g_normal_03",
          "rect": [565, 1, 280, 280],
          "offset": [0, 0],
          "originalSize": [280, 280],
          "capInsets": [113, 124, 117, 148]
        }
      ],
      [1],
      0,
      [0],
      [4],
      [1]
    ],
    [
      [
        [3, "wh_frame_v"],
        [6, "wh_frame_v", [-2], [4, -1, 0]],
        [
          7,
          "wh_vfx_g_normal_03",
          1,
          [-4],
          [[1, 1, 0, false, -3, [2], 3]],
          [0, "8d9suR2B1IdqvqG7qNrK6s", 1, 0],
          [5, 400, 350],
          [0, 0.2, 0.5],
          [0, 0, 0, 0, 0, 0, 1, 1.43, 1.43, 1]
        ],
        [
          5,
          "wh_vfx_g_normal_03",
          2,
          [[1, 1, 0, false, -5, [0], 1]],
          [0, "75K3KUulFJX4Zal7c+YkuX", 1, 0],
          [5, 400, 350],
          [0, 0.2, 0.5]
        ]
      ],
      0,
      [0, 2, 1, 0, -1, 2, 0, 0, 2, 0, -1, 3, 0, 0, 3, 0, 3, 1, 5],
      [0, 0, 0, 0],
      [-1, 1, -1, 1],
      [0, 4, 0, 4]
    ]
  ]
]
