{
  "CustomCalendar": { "Confirm": "ยืนยัน", "Start": "เริ่ม", "End": "จบ" },
  "History": {
    "HistoryMainPageTime": "เวลา",
    "HistoryMainSpinTypeTime": "ธุรกรรม",
    "HistoryMainPagePayout": "เดิมพัน",
    "HistoryMainPageWin": "กำไร",
    "HistoryRecordTransaction": "ธุรกรรม",
    "HistoryRecordPayout": "เดิมพัน",
    "HistoryRecordWin": "กำไร",
    "HistoryRecordBalance": "ยอดเงิน",
    "HistoryCalendarDateRange": "เลือกขอบเขตของวัน",
    "HistoryCalenderToday": "วันนี้",
    "HistoryCalenderWeek": "7 วันที่ผ่านมา",
    "HistoryCalenderMonth": "30 วันที่ผ่านมา",
    "HistoryCalenderCustom": "ธรรมเนียม",
    "HistoryCalenderStart": "เริ่ม",
    "HistoryCalenderEnd": "จบ",
    "HistoryCalendarCancel": "ยกเลิก",
    "HistoryCalendarConfirm": "ยืนยัน",
    "HistoryRetry": "ลองอีกครั้ง",
    "HistoryOK": "ตกลง",
    "HistoryLoadMoreData": "ปล่อยเพื่อเริ่มการโหลด",
    "HistoryLoadDataPull": "ดึงขึ้นมาเพื่อโหลดเพิ่มเติม",
    "HistoryAllRecordDisplayed": "บันทึกทั้งหมดที่แสดง",
    "HistoryMainTitle": "ประวัติเกม",
    "HistoryLoading": "กำลังโหลด",
    "HistoryNoHistory": "ไม่มีประวัติเกม",
    "HistoryServerFail": "ข้อผิดพลาดเซิร์ฟเวอร์",
    "HistoryFailLoadTitle": "ประวัติการขอข้อมูลล้มเหลว",
    "HistoryFailLoadSentence": "กรุณาตรวจสอบการตั้งค่าเครือข่ายของท่านแล้วลองอีกครั้ง",
    "HistoryRecordMainTitle": "รายละเอียดการหมุน",
    "HistoryRecordBack": "กลับ",
    "HistoryBarClose": "ปิด",
    "HistoryRecord": "บันทึก",
    "HistoryRecords": "บันทึก",
    "HistoryNormalSpin": "การหมุนปกติ",
    "HistoryBetSize": "ขนาดเดิมพัน",
    "HistoryBetLevel": "ระดับเดิมพัน",
    "HistoryPayout": "เงินรางวัล",
    "HistoryNoWinning": "ไม่มีชุดสัญลักษณ์ที่ชนะรางวัล",
    "HistoryDetailItemRoundLabel": "รอบ %{currCount}/%{maxCount}",
    "HistoryReplaySpin": "หมุนเล่นซ้ำ",
    "HistoryReplayRound": "รอบเล่นซ้ำ",
    "HistoryRecordsDelayed": "บันทึกประวัติอาจจะใช้เวลาสักครู่ก่อนที่จะปรากฏออกมา กรุณากลับมาใหม่ในภายหลัง!",
    "HistoryTransactionIdCopied": "รหัสธุรกรรม %{transactionId} ได้ถูกคัดลอกไปยังคลิปบอร์ดแล้ว",
    "HistoryCopy": "คัดลอก",
    "HistoryProfile": "ประวัติ",
    "HistoryProfileName": "เกม",
    "HistoryProfileSpin": "การหมุน",
    "HistoryTipsMultiplier": "ตัวคูณ",
    "HistoryTipsWay": "วิธี",
    "HistoryTipsSymbolCount": "จำนวนสัญลักษณ์",
    "HistoryTipsBetSize": "ขนาดเดิมพัน",
    "HistoryTipsBetLevel": "ระดับเดิมพัน",
    "HistoryTipsPayout": "ค่าการจ่ายรางวัลของสัญลักษณ์"
  }
}
