[
  1,
  [
    "6bdMTxd4lObYDSmAD2LO8Z",
    "b0w400GvBHs5jTemFwakjY",
    "b8iXk8KOFFA7hDbzhQqvtg",
    "62RifbfypLZa6GqFA9so0o",
    "6cXoDmV7dBwLYW4ksRl0BC",
    "e0zpz8RZhIlI+KENEAvP02",
    "56bV7n0apFfbVWi4PKmmcU",
    "06p6S/WGpDF43XQ1ST1UQb",
    "f2PyJjg0ZOj6QHYBQXm+sg"
  ],
  [
    "_textureSetter",
    "info_1",
    "info_2",
    "info_3",
    "info_4",
    "info_5",
    "info_6",
    "info_tw",
    "info_win"
  ],
  ["cc.SpriteFrame", ["cc.SpriteAtlas", ["_name", "_spriteFrames"], 2, 11]],
  [[1, 0, 1, 2]],
  [
    [
      [
        {
          "name": "info_tw",
          "rect": [1335, 73, 91, 70],
          "offset": [0, 0],
          "originalSize": [91, 70],
          "capInsets": [0, 0, 0, 0]
        }
      ],
      [0],
      0,
      [0],
      [0],
      [0]
    ],
    [
      [
        [
          0,
          "infoboard_message_text.plist",
          [
            {},
            "info_1",
            6,
            0,
            "info_2",
            6,
            1,
            "info_3",
            6,
            2,
            "info_4",
            6,
            3,
            "info_5",
            6,
            4,
            "info_6",
            6,
            5,
            "info_tw",
            6,
            6,
            "info_win",
            6,
            7
          ]
        ]
      ],
      0,
      0,
      [0, 0, 0, 0, 0, 0, 0, 0],
      [1, 2, 3, 4, 5, 6, 7, 8],
      [1, 2, 3, 4, 5, 6, 7, 8]
    ],
    [
      [
        {
          "name": "info_6",
          "rect": [696, 145, 609, 70],
          "offset": [0, 0],
          "originalSize": [609, 70],
          "capInsets": [0, 0, 0, 0]
        }
      ],
      [0],
      0,
      [0],
      [0],
      [0]
    ],
    [
      [
        {
          "name": "info_3",
          "rect": [1, 145, 693, 70],
          "offset": [0, 0],
          "originalSize": [693, 70],
          "capInsets": [0, 0, 0, 0]
        }
      ],
      [0],
      0,
      [0],
      [0],
      [0]
    ],
    [
      [
        {
          "name": "info_4",
          "rect": [1, 1, 819, 70],
          "offset": [0, 0],
          "originalSize": [819, 70],
          "capInsets": [0, 0, 0, 0]
        }
      ],
      [0],
      0,
      [0],
      [0],
      [0]
    ],
    [
      [
        {
          "name": "info_1",
          "rect": [822, 1, 588, 70],
          "offset": [0, 0],
          "originalSize": [588, 70],
          "capInsets": [0, 0, 0, 0]
        }
      ],
      [0],
      0,
      [0],
      [0],
      [0]
    ],
    [
      [
        {
          "name": "info_2",
          "rect": [1, 73, 693, 70],
          "offset": [0, 0],
          "originalSize": [693, 70],
          "capInsets": [0, 0, 0, 0]
        }
      ],
      [0],
      0,
      [0],
      [0],
      [0]
    ],
    [
      [
        {
          "name": "info_5",
          "rect": [696, 73, 637, 70],
          "offset": [0, 0],
          "originalSize": [637, 70],
          "capInsets": [0, 0, 0, 0]
        }
      ],
      [0],
      0,
      [0],
      [0],
      [0]
    ],
    [
      [
        {
          "name": "info_win",
          "rect": [1307, 145, 105, 70],
          "offset": [0, 0],
          "originalSize": [105, 70],
          "capInsets": [0, 0, 0, 0]
        }
      ],
      [0],
      0,
      [0],
      [0],
      [0]
    ]
  ]
]
