[
  1,
  [
    "f6UlZlI2BMbahakFR94LSy",
    "1fcWEGA5FG6IFxH69J3AGC",
    "25VmDYMUBB+quSWmwJbpce",
    "b3MTvpOUdO0bvrTrnSw0tI",
    "ddeg4Xga1GfYpiR+/+o1T0",
    "95PlGfGxVNOL//PDgDs2t0",
    "1aXiJWRttFVarkKJfOw8lt",
    "45un/jH9pMe7n9eTCeDmog",
    "d1DkwMKEBMna94/LBrSa+S",
    "833S2K5KpPYZievzZU/sWe",
    "0fAasVcQVG/ar7wO8qxjOt",
    "448s+Ti9NJ6aqsdgrWaQFj",
    "a2QuBL63hAD4xrBHd3RbVe",
    "257EY7aNlHPJ1A3OWZRTf6",
    "7dsubhDEdJebvGM7EqOuAd",
    "26cM/l+fVHu4D0Tam5asnk",
    "a9Op/NxjNEpItRzDwjihFw",
    "5es2gnR05HtLChGAmS+gPK",
    "9eaB4BcGRLJKav0a2EfoQB",
    "7b1ZwM3IlFpJweaKzjNeZ2",
    "dcWNhqxGtLD64AHVDNtl+m",
    "66znobEiVJXZgHfQ25MF1w",
    "863w/cObRF8KG3h+iU2EkG",
    "aabyREZFZE1KrhbYs7n/N1",
    "f2SvlmIYFCcrVEU5H57Yrp",
    "08VZkt52pMq4d3BtbU4aGD",
    "95r6+2DkdNSaHQTY1nm9v8",
    "4bnp3gYZ9El7GzwpkdSW2U",
    "29Vt7VUURBoIAcJMNgCv7u",
    "e5tLzcoXNLuqg+LJL6XIkI",
    "89+unhPrFNqLlEh3gTYBpN",
    "c2R2sJAbJLwZwKn2GShgYc",
    "96ACurdJFOp6SFR0EVQrY1",
    "cd9nUxsgFLUYJ0QQtRVOEU",
    "951euKBk9FtJbOwBa36cZF",
    "51sy6r3TFJGJukb+VhYRxt",
    "1cLEy9CjNN8a3dzgH+oBQR",
    "8b//pzPk1CC7UzDwinPglL",
    "6983OiNm5JHYZm8TEfriyJ",
    "06xvMflYVELJhhyTKMTAwM",
    "ea0NCbZ3BKH7WYjlM5CY86",
    "d7aIVH4d5J4KbTsLU9jZmx",
    "64DQs+z7lMlqbDHqQxLSg3",
    "57YpAuoMpMiK2KVayj6swm",
    "e1nhV93x1MU6A48dgyvcDU",
    "34uGhRuzxI9LWLwY4m4A5l",
    "50YqL1ospC6KBrFqbZyfGj",
    "126s7F4D1Lvbm/qFtRbGkr",
    "03tT6O1wpHK4oZmckgNatU",
    "54z6F9iLRMhrbqUX2c/Z8U",
    "2frtF2piJMt7wNvz4Narll",
    "940gC25ulPXL52z4wOlKrk",
    "09+bNo3UxMaL9XGkkYR7LI",
    "9damrh8x9HXbPleEoiPKhm",
    "41LRoRUXxFzpKxf2ifUjFH",
    "53zoB5JHpPrZhaBiDYBI68",
    "f138wGNJZFO76zo0/A03VZ",
    "65XyOAx5pOOrDx/Ri2bpF9",
    "efpvqkpVZEXIl/YtAmn9xL",
    "3cHp/wSyZP5aTS/CIxe1u7",
    "beg/yXyNtJCqGLwqgOzq0w",
    "a9p8CbKvZDRZ7hNRXsheoS",
    "5aEFnhCu9IyasDShpYtoHH",
    "77Rieb8s5EqLZSlwhnBdyr",
    "d6cCc/nD5F+pmg7bH3qgtn",
    "e3oCx/2LdIJIF7TPPH6snN"
  ],
  ["value", "_textureSetter"],
  [
    "cc.SpriteFrame",
    ["cc.AnimationClip", ["_name", "_duration", "sample", "curveData"], 0, 11]
  ],
  [[1, 0, 1, 2, 3, 4]],
  [
    [
      [
        {
          "name": "feature_03_m_add_03",
          "rect": [330, 150, 73, 121],
          "offset": [-1, 0],
          "originalSize": [141, 147],
          "rotated": 1,
          "capInsets": [0, 0, 0, 0]
        }
      ],
      [0],
      0,
      [0],
      [1],
      [0]
    ],
    [
      [
        {
          "name": "feature_02_t_add_15",
          "rect": [187, 489, 3, 3],
          "offset": [-86.5, 90.5],
          "originalSize": [176, 184],
          "capInsets": [0, 0, 0, 0]
        }
      ],
      [0],
      0,
      [0],
      [1],
      [1]
    ],
    [
      [
        [
          0,
          "feature_01_o_anim",
          1.2777777777777777,
          18,
          [
            {},
            "comps",
            11,
            [
              {},
              "cc.Sprite",
              11,
              [
                {},
                "spriteFrame",
                12,
                [
                  [
                    [{ "frame": 0 }, "value", 6, 0],
                    [{ "frame": 0.05555555555555555 }, "value", 6, 1],
                    [{ "frame": 0.1111111111111111 }, "value", 6, 2],
                    [{ "frame": 0.16666666666666666 }, "value", 6, 3],
                    [{ "frame": 0.2222222222222222 }, "value", 6, 4],
                    [{ "frame": 0.2777777777777778 }, "value", 6, 5],
                    [{ "frame": 0.3333333333333333 }, "value", 6, 6],
                    [{ "frame": 0.3888888888888889 }, "value", 6, 7],
                    [{ "frame": 0.4444444444444444 }, "value", 6, 8],
                    [{ "frame": 0.5 }, "value", 6, 9],
                    [{ "frame": 0.5555555555555556 }, "value", 6, 10],
                    [{ "frame": 0.6111111111111112 }, "value", 6, 11],
                    [{ "frame": 0.6666666666666666 }, "value", 6, 12],
                    [{ "frame": 0.7222222222222222 }, "value", 6, 13],
                    [{ "frame": 0.7777777777777778 }, "value", 6, 14],
                    [{ "frame": 0.8333333333333334 }, "value", 6, 15],
                    [{ "frame": 0.8888888888888888 }, "value", 6, 16],
                    [{ "frame": 0.9444444444444444 }, "value", 6, 17],
                    [{ "frame": 1 }, "value", 6, 18],
                    [{ "frame": 1.0555555555555556 }, "value", 6, 19],
                    [{ "frame": 1.1111111111111112 }, "value", 6, 20],
                    [{ "frame": 1.1666666666666667 }, "value", 6, 21],
                    { "frame": 1.2222222222222223, "value": null }
                  ],
                  11,
                  11,
                  11,
                  11,
                  11,
                  11,
                  11,
                  11,
                  11,
                  11,
                  11,
                  11,
                  11,
                  11,
                  11,
                  11,
                  11,
                  11,
                  11,
                  11,
                  11,
                  11,
                  0
                ]
              ]
            ]
          ]
        ]
      ],
      0,
      0,
      [0, 0, 0, 0, 0, 0, 0, 0, 0, 0, 0, 0, 0, 0, 0, 0, 0, 0, 0, 0, 0, 0],
      [0, 0, 0, 0, 0, 0, 0, 0, 0, 0, 0, 0, 0, 0, 0, 0, 0, 0, 0, 0, 0, 0],
      [
        3, 4, 5, 6, 7, 8, 9, 10, 11, 12, 13, 14, 15, 16, 17, 18, 19, 20, 21, 22,
        23, 3
      ]
    ],
    [
      [
        {
          "name": "feature_02_t_add_01",
          "rect": [187, 373, 50, 114],
          "offset": [0, -3],
          "originalSize": [176, 184],
          "capInsets": [0, 0, 0, 0]
        }
      ],
      [0],
      0,
      [0],
      [1],
      [1]
    ],
    [
      [
        {
          "name": "feature_03_m_add_07",
          "rect": [1, 299, 109, 147],
          "offset": [-1, 0],
          "originalSize": [141, 147],
          "rotated": 1,
          "capInsets": [0, 0, 0, 0]
        }
      ],
      [0],
      0,
      [0],
      [1],
      [0]
    ],
    [
      [
        {
          "name": "feature_01_o_add_07",
          "rect": [151, 1, 138, 184],
          "offset": [-1, 0],
          "originalSize": [176, 184],
          "capInsets": [0, 0, 0, 0]
        }
      ],
      [0],
      0,
      [0],
      [1],
      [2]
    ],
    [
      [
        {
          "name": "feature_03_m_add_02",
          "rect": [330, 225, 59, 105],
          "offset": [0, -1],
          "originalSize": [141, 147],
          "rotated": 1,
          "capInsets": [0, 0, 0, 0]
        }
      ],
      [0],
      0,
      [0],
      [1],
      [0]
    ],
    [
      [
        {
          "name": "feature_01_o_add_03",
          "rect": [425, 137, 90, 154],
          "offset": [-1, 0],
          "originalSize": [176, 184],
          "rotated": 1,
          "capInsets": [0, 0, 0, 0]
        }
      ],
      [0],
      0,
      [0],
      [1],
      [2]
    ],
    [
      [
        {
          "name": "feature_02_t_add_12",
          "rect": [285, 187, 138, 184],
          "offset": [0, 0],
          "originalSize": [176, 184],
          "capInsets": [0, 0, 0, 0]
        }
      ],
      [0],
      0,
      [0],
      [1],
      [1]
    ],
    [
      [
        {
          "name": "feature_01_o_add_10",
          "rect": [1, 1, 148, 184],
          "offset": [-1, 0],
          "originalSize": [176, 184],
          "capInsets": [0, 0, 0, 0]
        }
      ],
      [0],
      0,
      [0],
      [1],
      [2]
    ],
    [
      [
        [
          0,
          "feature_02_t_anim",
          1.1666666666666667,
          18,
          [
            {},
            "comps",
            11,
            [
              {},
              "cc.Sprite",
              11,
              [
                {},
                "spriteFrame",
                12,
                [
                  [
                    [{ "frame": 0 }, "value", 6, 0],
                    [{ "frame": 0.05555555555555555 }, "value", 6, 1],
                    [{ "frame": 0.1111111111111111 }, "value", 6, 2],
                    [{ "frame": 0.16666666666666666 }, "value", 6, 3],
                    [{ "frame": 0.2222222222222222 }, "value", 6, 4],
                    [{ "frame": 0.2777777777777778 }, "value", 6, 5],
                    [{ "frame": 0.3333333333333333 }, "value", 6, 6],
                    [{ "frame": 0.3888888888888889 }, "value", 6, 7],
                    [{ "frame": 0.4444444444444444 }, "value", 6, 8],
                    [{ "frame": 0.5 }, "value", 6, 9],
                    [{ "frame": 0.5555555555555556 }, "value", 6, 10],
                    [{ "frame": 0.6111111111111112 }, "value", 6, 11],
                    [{ "frame": 0.6666666666666666 }, "value", 6, 12],
                    [{ "frame": 0.7222222222222222 }, "value", 6, 13],
                    [{ "frame": 0.7777777777777778 }, "value", 6, 14],
                    [{ "frame": 0.8333333333333334 }, "value", 6, 15],
                    [{ "frame": 0.8888888888888888 }, "value", 6, 16],
                    [{ "frame": 0.9444444444444444 }, "value", 6, 17],
                    [{ "frame": 1 }, "value", 6, 18],
                    [{ "frame": 1.0555555555555556 }, "value", 6, 19],
                    [{ "frame": 1.1111111111111112 }, "value", 6, 20]
                  ],
                  11,
                  11,
                  11,
                  11,
                  11,
                  11,
                  11,
                  11,
                  11,
                  11,
                  11,
                  11,
                  11,
                  11,
                  11,
                  11,
                  11,
                  11,
                  11,
                  11,
                  11
                ]
              ]
            ]
          ]
        ]
      ],
      0,
      0,
      [0, 0, 0, 0, 0, 0, 0, 0, 0, 0, 0, 0, 0, 0, 0, 0, 0, 0, 0, 0, 0],
      [0, 0, 0, 0, 0, 0, 0, 0, 0, 0, 0, 0, 0, 0, 0, 0, 0, 0, 0, 0, 0],
      [
        24, 25, 26, 27, 28, 29, 30, 31, 32, 33, 34, 35, 36, 37, 38, 39, 40, 41,
        42, 43, 44
      ]
    ],
    [
      [
        {
          "name": "feature_01_o_add_12",
          "rect": [285, 187, 138, 184],
          "offset": [0, 0],
          "originalSize": [176, 184],
          "capInsets": [0, 0, 0, 0]
        }
      ],
      [0],
      0,
      [0],
      [1],
      [2]
    ],
    [
      [
        {
          "name": "feature_02_t_add_04",
          "rect": [239, 373, 108, 166],
          "offset": [-1, 0],
          "originalSize": [176, 184],
          "rotated": 1,
          "capInsets": [0, 0, 0, 0]
        }
      ],
      [0],
      0,
      [0],
      [1],
      [1]
    ],
    [
      [
        {
          "name": "feature_03_m_add_05",
          "rect": [229, 150, 99, 147],
          "offset": [-1, 0],
          "originalSize": [141, 147],
          "capInsets": [0, 0, 0, 0]
        }
      ],
      [0],
      0,
      [0],
      [1],
      [0]
    ],
    [
      [
        {
          "name": "feature_03_m_add_00",
          "rect": [277, 386, 3, 3],
          "offset": [-69, 72],
          "originalSize": [141, 147],
          "capInsets": [0, 0, 0, 0]
        }
      ],
      [0],
      0,
      [0],
      [1],
      [0]
    ],
    [
      [
        {
          "name": "feature_03_m_add_14",
          "rect": [277, 386, 3, 3],
          "offset": [-69, 72],
          "originalSize": [141, 147],
          "capInsets": [0, 0, 0, 0]
        }
      ],
      [0],
      0,
      [0],
      [1],
      [0]
    ],
    [
      [
        {
          "name": "feature_03_m_add_09",
          "rect": [1, 150, 113, 147],
          "offset": [-1, 0],
          "originalSize": [141, 147],
          "capInsets": [0, 0, 0, 0]
        }
      ],
      [0],
      0,
      [0],
      [1],
      [0]
    ],
    [
      [
        {
          "name": "feature_01_o_add_08",
          "rect": [1, 187, 140, 184],
          "offset": [-1, 0],
          "originalSize": [176, 184],
          "capInsets": [0, 0, 0, 0]
        }
      ],
      [0],
      0,
      [0],
      [1],
      [2]
    ],
    [
      [
        {
          "name": "feature_01_o_add_04",
          "rect": [239, 373, 108, 166],
          "offset": [-1, 0],
          "originalSize": [176, 184],
          "rotated": 1,
          "capInsets": [0, 0, 0, 0]
        }
      ],
      [0],
      0,
      [0],
      [1],
      [2]
    ],
    [
      [
        {
          "name": "feature_02_t_add_03",
          "rect": [425, 137, 90, 154],
          "offset": [-1, 0],
          "originalSize": [176, 184],
          "rotated": 1,
          "capInsets": [0, 0, 0, 0]
        }
      ],
      [0],
      0,
      [0],
      [1],
      [1]
    ],
    [
      [
        {
          "name": "feature_03_m_add_01",
          "rect": [410, 286, 39, 91],
          "offset": [0, -2],
          "originalSize": [141, 147],
          "capInsets": [0, 0, 0, 0]
        }
      ],
      [0],
      0,
      [0],
      [1],
      [0]
    ],
    [
      [
        {
          "name": "feature_02_t_add_11",
          "rect": [143, 187, 140, 184],
          "offset": [-3, 0],
          "originalSize": [176, 184],
          "capInsets": [0, 0, 0, 0]
        }
      ],
      [0],
      0,
      [0],
      [1],
      [1]
    ],
    [
      [
        {
          "name": "feature_03_m_add_10",
          "rect": [1, 1, 117, 147],
          "offset": [0, 0],
          "originalSize": [141, 147],
          "capInsets": [0, 0, 0, 0]
        }
      ],
      [0],
      0,
      [0],
      [1],
      [0]
    ],
    [
      [
        {
          "name": "feature_03_m_add_04",
          "rect": [277, 299, 85, 131],
          "offset": [-1, 0],
          "originalSize": [141, 147],
          "rotated": 1,
          "capInsets": [0, 0, 0, 0]
        }
      ],
      [0],
      0,
      [0],
      [1],
      [0]
    ],
    [
      [
        {
          "name": "feature_02_t_add_19",
          "rect": [187, 489, 3, 3],
          "offset": [-86.5, 90.5],
          "originalSize": [176, 184],
          "capInsets": [0, 0, 0, 0]
        }
      ],
      [0],
      0,
      [0],
      [1],
      [1]
    ],
    [
      [
        {
          "name": "feature_03_m_add_17",
          "rect": [277, 386, 3, 3],
          "offset": [-69, 72],
          "originalSize": [141, 147],
          "capInsets": [0, 0, 0, 0]
        }
      ],
      [0],
      0,
      [0],
      [1],
      [0]
    ],
    [
      [
        {
          "name": "feature_01_o_add_14",
          "rect": [187, 489, 3, 3],
          "offset": [-86.5, 90.5],
          "originalSize": [176, 184],
          "capInsets": [0, 0, 0, 0]
        }
      ],
      [0],
      0,
      [0],
      [1],
      [2]
    ],
    [
      [
        {
          "name": "feature_02_t_add_18",
          "rect": [187, 489, 3, 3],
          "offset": [-86.5, 90.5],
          "originalSize": [176, 184],
          "capInsets": [0, 0, 0, 0]
        }
      ],
      [0],
      0,
      [0],
      [1],
      [1]
    ],
    [
      [
        {
          "name": "feature_03_m_add_12",
          "rect": [233, 1, 111, 145],
          "offset": [0, 1],
          "originalSize": [141, 147],
          "capInsets": [0, 0, 0, 0]
        }
      ],
      [0],
      0,
      [0],
      [1],
      [0]
    ],
    [
      [
        {
          "name": "feature_01_o_add_18",
          "rect": [187, 489, 3, 3],
          "offset": [-86.5, 90.5],
          "originalSize": [176, 184],
          "capInsets": [0, 0, 0, 0]
        }
      ],
      [0],
      0,
      [0],
      [1],
      [2]
    ],
    [
      [
        {
          "name": "feature_02_t_add_14",
          "rect": [187, 489, 3, 3],
          "offset": [-86.5, 90.5],
          "originalSize": [176, 184],
          "capInsets": [0, 0, 0, 0]
        }
      ],
      [0],
      0,
      [0],
      [1],
      [1]
    ],
    [
      [
        {
          "name": "feature_03_m_add_18",
          "rect": [277, 386, 3, 3],
          "offset": [-69, 72],
          "originalSize": [141, 147],
          "capInsets": [0, 0, 0, 0]
        }
      ],
      [0],
      0,
      [0],
      [1],
      [0]
    ],
    [
      [
        {
          "name": "feature_01_o_add_16",
          "rect": [187, 489, 3, 3],
          "offset": [-86.5, 90.5],
          "originalSize": [176, 184],
          "capInsets": [0, 0, 0, 0]
        }
      ],
      [0],
      0,
      [0],
      [1],
      [2]
    ],
    [
      [
        {
          "name": "feature_01_o_add_11",
          "rect": [143, 187, 140, 184],
          "offset": [-3, 0],
          "originalSize": [176, 184],
          "capInsets": [0, 0, 0, 0]
        }
      ],
      [0],
      0,
      [0],
      [1],
      [2]
    ],
    [
      [
        {
          "name": "feature_01_o_add_06",
          "rect": [291, 1, 132, 184],
          "offset": [-1, 0],
          "originalSize": [176, 184],
          "capInsets": [0, 0, 0, 0]
        }
      ],
      [0],
      0,
      [0],
      [1],
      [2]
    ],
    [
      [
        {
          "name": "feature_01_o_add_19",
          "rect": [187, 489, 3, 3],
          "offset": [-86.5, 90.5],
          "originalSize": [176, 184],
          "capInsets": [0, 0, 0, 0]
        }
      ],
      [0],
      0,
      [0],
      [1],
      [2]
    ],
    [
      [
        {
          "name": "feature_02_t_add_06",
          "rect": [291, 1, 132, 184],
          "offset": [-1, 0],
          "originalSize": [176, 184],
          "capInsets": [0, 0, 0, 0]
        }
      ],
      [0],
      0,
      [0],
      [1],
      [1]
    ],
    [
      [
        {
          "name": "feature_02_t_add_13",
          "rect": [425, 1, 134, 158],
          "offset": [1, 9],
          "originalSize": [176, 184],
          "rotated": 1,
          "capInsets": [0, 0, 0, 0]
        }
      ],
      [0],
      0,
      [0],
      [1],
      [1]
    ],
    [
      [
        {
          "name": "feature_03_m_add_06",
          "rect": [346, 1, 105, 147],
          "offset": [-1, 0],
          "originalSize": [141, 147],
          "capInsets": [0, 0, 0, 0]
        }
      ],
      [0],
      0,
      [0],
      [1],
      [0]
    ],
    [
      [
        {
          "name": "feature_01_o_add_02",
          "rect": [407, 413, 76, 132],
          "offset": [-1, -2],
          "originalSize": [176, 184],
          "rotated": 1,
          "capInsets": [0, 0, 0, 0]
        }
      ],
      [0],
      0,
      [0],
      [1],
      [2]
    ],
    [
      [
        {
          "name": "feature_02_t_add_02",
          "rect": [407, 413, 76, 132],
          "offset": [-1, -2],
          "originalSize": [176, 184],
          "rotated": 1,
          "capInsets": [0, 0, 0, 0]
        }
      ],
      [0],
      0,
      [0],
      [1],
      [1]
    ],
    [
      [
        {
          "name": "feature_02_t_add_10",
          "rect": [1, 1, 148, 184],
          "offset": [-1, 0],
          "originalSize": [176, 184],
          "capInsets": [0, 0, 0, 0]
        }
      ],
      [0],
      0,
      [0],
      [1],
      [1]
    ],
    [
      [
        {
          "name": "feature_02_t_add_08",
          "rect": [1, 187, 140, 184],
          "offset": [-1, 0],
          "originalSize": [176, 184],
          "capInsets": [0, 0, 0, 0]
        }
      ],
      [0],
      0,
      [0],
      [1],
      [1]
    ],
    [
      [
        {
          "name": "feature_03_m_add_08",
          "rect": [120, 1, 111, 147],
          "offset": [-1, 0],
          "originalSize": [141, 147],
          "capInsets": [0, 0, 0, 0]
        }
      ],
      [0],
      0,
      [0],
      [1],
      [0]
    ],
    [
      [
        {
          "name": "feature_01_o_add_15",
          "rect": [187, 489, 3, 3],
          "offset": [-86.5, 90.5],
          "originalSize": [176, 184],
          "capInsets": [0, 0, 0, 0]
        }
      ],
      [0],
      0,
      [0],
      [1],
      [2]
    ],
    [
      [
        {
          "name": "feature_01_o_add_09",
          "rect": [425, 229, 142, 182],
          "offset": [-1, -1],
          "originalSize": [176, 184],
          "capInsets": [0, 0, 0, 0]
        }
      ],
      [0],
      0,
      [0],
      [1],
      [2]
    ],
    [
      [
        {
          "name": "feature_01_o_add_13",
          "rect": [425, 1, 134, 158],
          "offset": [1, 9],
          "originalSize": [176, 184],
          "rotated": 1,
          "capInsets": [0, 0, 0, 0]
        }
      ],
      [0],
      0,
      [0],
      [1],
      [2]
    ],
    [
      [
        {
          "name": "feature_03_m_add_16",
          "rect": [277, 386, 3, 3],
          "offset": [-69, 72],
          "originalSize": [141, 147],
          "capInsets": [0, 0, 0, 0]
        }
      ],
      [0],
      0,
      [0],
      [1],
      [0]
    ],
    [
      [
        {
          "name": "feature_01_o_add_20",
          "rect": [187, 489, 3, 3],
          "offset": [-86.5, 90.5],
          "originalSize": [176, 184],
          "capInsets": [0, 0, 0, 0]
        }
      ],
      [0],
      0,
      [0],
      [1],
      [2]
    ],
    [
      [
        {
          "name": "feature_01_o_add_00",
          "rect": [187, 489, 3, 3],
          "offset": [-86.5, 90.5],
          "originalSize": [176, 184],
          "capInsets": [0, 0, 0, 0]
        }
      ],
      [0],
      0,
      [0],
      [1],
      [2]
    ],
    [
      [
        {
          "name": "feature_03_m_add_15",
          "rect": [277, 386, 3, 3],
          "offset": [-69, 72],
          "originalSize": [141, 147],
          "capInsets": [0, 0, 0, 0]
        }
      ],
      [0],
      0,
      [0],
      [1],
      [0]
    ],
    [
      [
        {
          "name": "feature_02_t_add_07",
          "rect": [151, 1, 138, 184],
          "offset": [-1, 0],
          "originalSize": [176, 184],
          "capInsets": [0, 0, 0, 0]
        }
      ],
      [0],
      0,
      [0],
      [1],
      [1]
    ],
    [
      [
        {
          "name": "feature_02_t_add_09",
          "rect": [425, 229, 142, 182],
          "offset": [-1, -1],
          "originalSize": [176, 184],
          "capInsets": [0, 0, 0, 0]
        }
      ],
      [0],
      0,
      [0],
      [1],
      [1]
    ],
    [
      [
        {
          "name": "feature_01_o_add_05",
          "rect": [1, 373, 124, 184],
          "offset": [0, 0],
          "originalSize": [176, 184],
          "rotated": 1,
          "capInsets": [0, 0, 0, 0]
        }
      ],
      [0],
      0,
      [0],
      [1],
      [2]
    ],
    [
      [
        {
          "name": "feature_03_m_add_19",
          "rect": [277, 386, 3, 3],
          "offset": [-69, 72],
          "originalSize": [141, 147],
          "capInsets": [0, 0, 0, 0]
        }
      ],
      [0],
      0,
      [0],
      [1],
      [0]
    ],
    [
      [
        {
          "name": "feature_02_t_add_17",
          "rect": [187, 489, 3, 3],
          "offset": [-86.5, 90.5],
          "originalSize": [176, 184],
          "capInsets": [0, 0, 0, 0]
        }
      ],
      [0],
      0,
      [0],
      [1],
      [1]
    ],
    [
      [
        {
          "name": "feature_01_o_add_17",
          "rect": [187, 489, 3, 3],
          "offset": [-86.5, 90.5],
          "originalSize": [176, 184],
          "capInsets": [0, 0, 0, 0]
        }
      ],
      [0],
      0,
      [0],
      [1],
      [2]
    ],
    [
      [
        {
          "name": "feature_01_o_add_01",
          "rect": [187, 373, 50, 114],
          "offset": [0, -3],
          "originalSize": [176, 184],
          "capInsets": [0, 0, 0, 0]
        }
      ],
      [0],
      0,
      [0],
      [1],
      [2]
    ],
    [
      [
        {
          "name": "feature_02_t_add_20",
          "rect": [187, 489, 3, 3],
          "offset": [-86.5, 90.5],
          "originalSize": [176, 184],
          "capInsets": [0, 0, 0, 0]
        }
      ],
      [0],
      0,
      [0],
      [1],
      [1]
    ],
    [
      [
        {
          "name": "feature_03_m_add_20",
          "rect": [277, 386, 3, 3],
          "offset": [-69, 72],
          "originalSize": [141, 147],
          "capInsets": [0, 0, 0, 0]
        }
      ],
      [0],
      0,
      [0],
      [1],
      [0]
    ],
    [
      [
        {
          "name": "feature_02_t_add_05",
          "rect": [1, 373, 124, 184],
          "offset": [0, 0],
          "originalSize": [176, 184],
          "rotated": 1,
          "capInsets": [0, 0, 0, 0]
        }
      ],
      [0],
      0,
      [0],
      [1],
      [1]
    ],
    [
      [
        {
          "name": "feature_02_t_add_16",
          "rect": [187, 489, 3, 3],
          "offset": [-86.5, 90.5],
          "originalSize": [176, 184],
          "capInsets": [0, 0, 0, 0]
        }
      ],
      [0],
      0,
      [0],
      [1],
      [1]
    ],
    [
      [
        {
          "name": "feature_03_m_add_13",
          "rect": [150, 299, 107, 125],
          "offset": [1, 7],
          "originalSize": [141, 147],
          "rotated": 1,
          "capInsets": [0, 0, 0, 0]
        }
      ],
      [0],
      0,
      [0],
      [1],
      [0]
    ],
    [
      [
        {
          "name": "feature_03_m_add_11",
          "rect": [116, 150, 111, 147],
          "offset": [-2, 0],
          "originalSize": [141, 147],
          "capInsets": [0, 0, 0, 0]
        }
      ],
      [0],
      0,
      [0],
      [1],
      [0]
    ],
    [
      [
        {
          "name": "feature_02_t_add_00",
          "rect": [187, 489, 3, 3],
          "offset": [-86.5, 90.5],
          "originalSize": [176, 184],
          "capInsets": [0, 0, 0, 0]
        }
      ],
      [0],
      0,
      [0],
      [1],
      [1]
    ],
    [
      [
        [
          0,
          "feature_03_m_anim",
          1.1666666666666667,
          18,
          [
            {},
            "comps",
            11,
            [
              {},
              "cc.Sprite",
              11,
              [
                {},
                "spriteFrame",
                12,
                [
                  [
                    [{ "frame": 0 }, "value", 6, 0],
                    [{ "frame": 0.05555555555555555 }, "value", 6, 1],
                    [{ "frame": 0.1111111111111111 }, "value", 6, 2],
                    [{ "frame": 0.16666666666666666 }, "value", 6, 3],
                    [{ "frame": 0.2222222222222222 }, "value", 6, 4],
                    [{ "frame": 0.2777777777777778 }, "value", 6, 5],
                    [{ "frame": 0.3333333333333333 }, "value", 6, 6],
                    [{ "frame": 0.3888888888888889 }, "value", 6, 7],
                    [{ "frame": 0.4444444444444444 }, "value", 6, 8],
                    [{ "frame": 0.5 }, "value", 6, 9],
                    [{ "frame": 0.5555555555555556 }, "value", 6, 10],
                    [{ "frame": 0.6111111111111112 }, "value", 6, 11],
                    [{ "frame": 0.6666666666666666 }, "value", 6, 12],
                    [{ "frame": 0.7222222222222222 }, "value", 6, 13],
                    [{ "frame": 0.7777777777777778 }, "value", 6, 14],
                    [{ "frame": 0.8333333333333334 }, "value", 6, 15],
                    [{ "frame": 0.8888888888888888 }, "value", 6, 16],
                    [{ "frame": 0.9444444444444444 }, "value", 6, 17],
                    [{ "frame": 1 }, "value", 6, 18],
                    [{ "frame": 1.0555555555555556 }, "value", 6, 19],
                    [{ "frame": 1.1111111111111112 }, "value", 6, 20]
                  ],
                  11,
                  11,
                  11,
                  11,
                  11,
                  11,
                  11,
                  11,
                  11,
                  11,
                  11,
                  11,
                  11,
                  11,
                  11,
                  11,
                  11,
                  11,
                  11,
                  11,
                  11
                ]
              ]
            ]
          ]
        ]
      ],
      0,
      0,
      [0, 0, 0, 0, 0, 0, 0, 0, 0, 0, 0, 0, 0, 0, 0, 0, 0, 0, 0, 0, 0],
      [0, 0, 0, 0, 0, 0, 0, 0, 0, 0, 0, 0, 0, 0, 0, 0, 0, 0, 0, 0, 0],
      [
        45, 46, 47, 48, 49, 50, 51, 52, 53, 54, 55, 56, 57, 58, 59, 60, 61, 62,
        63, 64, 65
      ]
    ]
  ]
]
