[
  1,
  [
    "ecpdLyjvZBwrvm+cedCcQy",
    "7fJOS0eSRJDrdM5fZgVBbi",
    "88edx8KQ5FqIGZqwf7duV9",
    "21dlhqOCNMlZmrQv6zHcsR",
    "04kUSOegpEx6vyP8Od+0II",
    "8dYR4oxVRHc5xofEv0tckI",
    "0eLQYSlgpKWpgmuj+RICZg",
    "f0dqtjI3hL/Ycp27KC/GQc",
    "50fHk4OOBNTK/kYHX4WCCH",
    "8dYuZ+9JpHhJuy3JlXHgM7",
    "920J+xUwdKG6bscW0QJn4l",
    "3esAvlevROOZtFEMtEro+s",
    "6fCxo/ZwdFUKZ09bNOGENY",
    "b5XFIMmK9Cr6JVnF+8wYs2",
    "d3Q+0n1cJE+6kG4s9ZhN/u",
    "9fHwa4olhN0J4Q28oo9B54",
    "8f0amxHGRHXbrpFMw3qTcX",
    "753IwgCk1FXoj1LXn3/euF",
    "f4t6SgB6ROIYEttQPDG9l5",
    "6eLmJWbUhDgrvSFM97E0GE",
    "94MQl+TVhDRrllnSMutpxU",
    "01x/FbeB1IYYIOoU5ELRN3",
    "7a/QZLET9IDreTiBfRn2PD",
    "0cmujrP0hIsIrkBZFkgsGD"
  ],
  [
    "node",
    "_spriteFrame",
    "_textureSetter",
    "numberContainer",
    "_parent",
    "numberSpriteAtlas",
    "numberBlurSpriteAtlas",
    "root",
    "data",
    "popOutItem",
    "popOutTint",
    "payout_0",
    "payout_1",
    "payout_2",
    "payout_3",
    "payout_4",
    "payout_5",
    "payout_6",
    "payout_7",
    "payout_8",
    "payout_9",
    "payout_comma",
    "payout_decimal",
    "payout_plus",
    "payout_~",
    "payoutWindowSprite",
    "payoutBackgroundNode",
    "popOutPayoutNode",
    "popOutLabelController",
    "symbolHolder",
    "spine"
  ],
  [
    "cc.SpriteFrame",
    [
      "cc.Node",
      [
        "_name",
        "_opacity",
        "_prefab",
        "_contentSize",
        "_components",
        "_trs",
        "_children",
        "_parent",
        "_color"
      ],
      1,
      4,
      5,
      9,
      7,
      2,
      1,
      5
    ],
    [
      "cc.Node",
      [
        "_name",
        "_parent",
        "_components",
        "_prefab",
        "_children",
        "_contentSize",
        "_trs"
      ],
      2,
      1,
      2,
      4,
      2,
      5,
      7
    ],
    [
      "cc.Sprite",
      ["_sizeMode", "_isTrimmedMode", "node", "_materials", "_spriteFrame"],
      1,
      1,
      3,
      6
    ],
    ["cc.PrefabInfo", ["fileId", "root", "asset"], 2, 1, 1],
    [
      "cc.Layout",
      ["_resize", "_N$layoutType", "_N$spacingX", "node", "_layoutSize"],
      0,
      1,
      5
    ],
    ["cc.Prefab", ["_name"], 2],
    [
      "cc.Node",
      ["_name", "_parent", "_components", "_prefab", "_color", "_contentSize"],
      2,
      1,
      12,
      4,
      5,
      5
    ],
    [
      "2b577TBzV9KJLg/OwnOsUeZ",
      ["node", "popOutItem", "popOutTint"],
      3,
      1,
      6,
      6
    ],
    ["cc.SpriteAtlas", ["_name", "_spriteFrames"], 2, 11],
    ["58b31+llD1BAb9tUvY4+l2s", ["node"], 3, 1],
    [
      "d7494OM4gRHgq9P4I+2CblD",
      [
        "node",
        "spine",
        "symbolHolder",
        "popOutPayoutController",
        "popOutLabelController",
        "popOutPayoutNode",
        "payoutBackgroundNode",
        "payoutWindowSprite",
        "payoutWindowBackground"
      ],
      3,
      1,
      1,
      1,
      2,
      1,
      1,
      1,
      1,
      3
    ],
    [
      "e13cc9FLShL66GevrFVSv5p",
      [
        "maxContainerSize",
        "enableComma",
        "enableDecimal",
        "nodeNumberWidth",
        "decimalNumberScale",
        "spriteColor",
        "node",
        "numberContainer",
        "numberSpriteAtlas",
        "numberBlurSpriteAtlas"
      ],
      -3,
      1,
      1,
      6,
      6
    ],
    [
      "05b6c8yPn1LZIH3AnSTBq8U",
      ["followFont", "domainKey", "fontFamilyKey", "fontKey", "node"],
      -1,
      1
    ],
    ["sp.Skeleton", ["node", "_materials"], 3, 1, 3],
    ["dd76fjiuEhIi7kp1fAmNrg8", ["node", "payoutAmountCountDisplay"], 3, 1, 1],
    [
      "cc.Label",
      [
        "_fontSize",
        "_lineHeight",
        "_N$horizontalAlign",
        "_N$verticalAlign",
        "_N$overflow",
        "node",
        "_materials"
      ],
      -2,
      1,
      3
    ],
    [
      "3f1e9tVCj9DVr95q/yJC8ep",
      ["node", "payoutInfoLabel", "payoutInfoLabelBackgroud"],
      3,
      1,
      1,
      1
    ]
  ],
  [
    [4, 0, 1, 2, 2],
    [1, 0, 7, 4, 2, 8, 3, 5, 2],
    [3, 2, 3, 4, 1],
    [3, 0, 1, 2, 3, 4, 3],
    [1, 0, 6, 4, 2, 3, 5, 2],
    [1, 0, 7, 4, 2, 3, 5, 2],
    [2, 0, 1, 4, 2, 3, 5, 6, 2],
    [5, 0, 1, 2, 3, 4, 4],
    [12, 0, 1, 2, 3, 4, 5, 6, 7, 8, 9, 7],
    [15, 0, 1, 1],
    [6, 0, 2],
    [4, 1, 2, 1],
    [1, 0, 4, 2, 3, 5, 2],
    [1, 0, 1, 4, 2, 8, 3, 3],
    [1, 0, 6, 4, 2, 3, 2],
    [1, 0, 7, 6, 4, 2, 3, 2],
    [1, 0, 7, 6, 2, 3, 5, 2],
    [1, 0, 7, 6, 2, 2],
    [2, 0, 1, 4, 2, 3, 2],
    [2, 0, 1, 2, 3, 5, 6, 2],
    [2, 0, 1, 2, 3, 2],
    [7, 0, 1, 2, 3, 4, 5, 2],
    [8, 0, 1, 2, 1],
    [9, 0, 1, 2],
    [3, 0, 1, 2, 3, 3],
    [10, 0, 1],
    [11, 0, 1, 2, 3, 4, 5, 6, 7, 8, 1],
    [5, 0, 1, 3, 4, 3],
    [13, 0, 1, 2, 3, 4, 5],
    [14, 0, 1, 1],
    [16, 0, 1, 2, 3, 4, 5, 6, 6],
    [17, 0, 1, 2, 1]
  ],
  [
    [
      [
        {
          "name": "payout_~",
          "rect": [9, 1, 14, 6],
          "offset": [0, 0],
          "originalSize": [14, 6],
          "capInsets": [0, 0, 0, 0]
        }
      ],
      [0],
      0,
      [0],
      [2],
      [1]
    ],
    [
      [
        {
          "name": "payout_window_02",
          "rect": [372, 624, 516, 215],
          "offset": [0, 0],
          "originalSize": [516, 215],
          "capInsets": [0, 0, 0, 0]
        }
      ],
      [0],
      0,
      [0],
      [2],
      [7]
    ],
    [
      [
        {
          "name": "payout_5",
          "rect": [1, 117, 19, 25],
          "offset": [0, 0],
          "originalSize": [19, 25],
          "rotated": 1,
          "capInsets": [0, 0, 0, 0]
        }
      ],
      [0],
      0,
      [0],
      [2],
      [1]
    ],
    [
      [
        {
          "name": "payout_decimal",
          "rect": [1, 1, 6, 4],
          "offset": [0, 0],
          "originalSize": [6, 4],
          "capInsets": [0, 0, 0, 0]
        }
      ],
      [0],
      0,
      [0],
      [2],
      [1]
    ],
    [
      [
        [10, "symbol_payout_controller"],
        [
          12,
          "symbol_payout_controller",
          [[22, -2, 0, 1]],
          [11, -1, 0],
          [5, 1020, 960],
          [-5, 73, 0, 0, 0, 0, 1, 1, 1, 1]
        ]
      ],
      0,
      [0, 7, 1, 0, 0, 1, 0, 8, 1, 2],
      [0, 0],
      [9, 10],
      [15, 16]
    ],
    [
      [
        {
          "name": "payout_8",
          "rect": [1, 203, 20, 25],
          "offset": [0, 0],
          "originalSize": [20, 25],
          "rotated": 1,
          "capInsets": [0, 0, 0, 0]
        }
      ],
      [0],
      0,
      [0],
      [2],
      [1]
    ],
    [
      [
        {
          "name": "payout_1",
          "rect": [1, 24, 10, 25],
          "offset": [0, 0],
          "originalSize": [10, 25],
          "rotated": 1,
          "capInsets": [0, 0, 0, 0]
        }
      ],
      [0],
      0,
      [0],
      [2],
      [1]
    ],
    [
      [
        {
          "name": "payout_4",
          "rect": [1, 96, 19, 25],
          "offset": [0, 0],
          "originalSize": [19, 25],
          "rotated": 1,
          "capInsets": [0, 0, 0, 0]
        }
      ],
      [0],
      0,
      [0],
      [2],
      [1]
    ],
    [
      [
        {
          "name": "payout_9",
          "rect": [1, 138, 19, 25],
          "offset": [0, 0],
          "originalSize": [19, 25],
          "rotated": 1,
          "capInsets": [0, 0, 0, 0]
        }
      ],
      [0],
      0,
      [0],
      [2],
      [1]
    ],
    [
      [
        {
          "name": "payout_0",
          "rect": [1, 75, 19, 25],
          "offset": [0, 0],
          "originalSize": [19, 25],
          "rotated": 1,
          "capInsets": [0, 0, 0, 0]
        }
      ],
      [0],
      0,
      [0],
      [2],
      [1]
    ],
    [
      [
        [
          23,
          "pay_num.plist",
          [
            {},
            "payout_0",
            6,
            0,
            "payout_1",
            6,
            1,
            "payout_2",
            6,
            2,
            "payout_3",
            6,
            3,
            "payout_4",
            6,
            4,
            "payout_5",
            6,
            5,
            "payout_6",
            6,
            6,
            "payout_7",
            6,
            7,
            "payout_8",
            6,
            8,
            "payout_9",
            6,
            9,
            "payout_comma",
            6,
            10,
            "payout_decimal",
            6,
            11,
            "payout_plus",
            6,
            12,
            "payout_~",
            6,
            13
          ]
        ]
      ],
      0,
      0,
      [0, 0, 0, 0, 0, 0, 0, 0, 0, 0, 0, 0, 0, 0],
      [11, 12, 13, 14, 15, 16, 17, 18, 19, 20, 21, 22, 23, 24],
      [17, 8, 5, 18, 19, 6, 9, 10, 11, 12, 20, 3, 13, 4]
    ],
    [
      [
        {
          "name": "payout_2",
          "rect": [1, 159, 20, 25],
          "offset": [0, 0],
          "originalSize": [20, 25],
          "rotated": 1,
          "capInsets": [0, 0, 0, 0]
        }
      ],
      [0],
      0,
      [0],
      [2],
      [1]
    ],
    [
      [
        {
          "name": "payout_6",
          "rect": [1, 55, 18, 25],
          "offset": [0, 0],
          "originalSize": [18, 25],
          "rotated": 1,
          "capInsets": [0, 0, 0, 0]
        }
      ],
      [0],
      0,
      [0],
      [2],
      [1]
    ],
    [
      [
        [10, "pop_out_tint"],
        [
          13,
          "pop_out_tint",
          180,
          [
            [3, 2, false, -2, [0], 1],
            [25, -3]
          ],
          [11, -1, 0],
          [4, 4278190080],
          [5, 750, 621]
        ]
      ],
      0,
      [0, 7, 1, 0, 0, 1, 0, 0, 1, 0, 8, 1, 3],
      [0, 0],
      [-1, 1],
      [0, 21]
    ],
    [
      [
        {
          "name": "payout_7",
          "rect": [1, 36, 17, 26],
          "offset": [0, 0],
          "originalSize": [17, 26],
          "rotated": 1,
          "capInsets": [0, 0, 0, 0]
        }
      ],
      [0],
      0,
      [0],
      [2],
      [1]
    ],
    [
      [
        {
          "name": "payout_comma",
          "rect": [1, 9, 7, 8],
          "offset": [0, 0],
          "originalSize": [7, 8],
          "rotated": 1,
          "capInsets": [0, 0, 0, 0]
        }
      ],
      [0],
      0,
      [0],
      [2],
      [1]
    ],
    [
      [
        [10, "pop_out_item"],
        [
          14,
          "pop_out_item",
          [-13, -14, -15, -16],
          [[26, -12, -11, -10, [-6, -7, -8, -9], -5, -4, -3, -2, [45, 46]]],
          [11, -1, 0],
          [5, 453, 250.5]
        ],
        [
          15,
          "payout_container",
          1,
          [-18, -19, -20, -21, -22],
          [[27, 1, 2, -17, [5, 300, 140]]],
          [0, "3cMOIcoAVLnpXQIcIPm3Nt", 1, 0],
          [5, 300, 140]
        ],
        [
          4,
          "symbol_count",
          [-24, -25, -26, -27],
          [[7, 1, 1, 1, -23, [5, 66, 51]]],
          [0, "54wrNfWwBDYKO/4zcf1+iY", 1, 0],
          [5, 66, 51],
          [-65, 0, 0, 0, 0, 0, 1, 1, 1, 1]
        ],
        [
          4,
          "symbol_count",
          [-29, -30, -31],
          [[7, 1, 1, 1, -28, [5, 54, 51]]],
          [0, "ed25p6ZV1AoZMqH286dAdI", 1, 0],
          [5, 54, 51],
          [-65, 0, 0, 0, 0, 0, 1, 1, 1, 1]
        ],
        [
          16,
          "payout_holder_colon",
          2,
          [-32, -33, -34, -35],
          [0, "3fflCCFDlMuJ55xHFPoySF", 1, 0],
          [5, 110, 20],
          [0, 30, 0, 0, 0, 0, 1, 1, 1, 1]
        ],
        [
          4,
          "symbol_count",
          [-37, -38, -39],
          [[7, 1, 1, 1, -36, [5, 53, 51]]],
          [0, "d6BgcRYdFJJaM/Oi/wanix", 1, 0],
          [5, 53, 51],
          [-65, 0, 0, 0, 0, 0, 1, 1, 1, 1]
        ],
        [
          4,
          "symbol_count",
          [-41, -42, -43],
          [[7, 1, 1, 1, -40, [5, 53, 51]]],
          [0, "5enQH1shtM56l9krA11RuR", 1, 0],
          [5, 53, 51],
          [-65, 0, 0, 0, 0, 0, 1, 1, 1, 1]
        ],
        [
          6,
          "payout_holder_25+",
          2,
          [4, -45],
          [-44],
          [0, "9dpqibxr9BE5ORblLMU7qD", 1, 0],
          [5, 110, 30],
          [0, 55, 0, 0, 0, 0, 1, 1, 1, 1]
        ],
        [
          5,
          "payout_amount",
          8,
          [[8, 120, false, false, 20, 1, "#ffd35c", -47, -46, 8, 9]],
          [0, "9a4JN75B1CwId+LMg2e/cE", 1, 0],
          [5, 75, 32],
          [15, 0, 0, 0, 0, 0, 1, 1, 1, 1]
        ],
        [
          6,
          "payout_holder_9_12",
          2,
          [3, -49],
          [-48],
          [0, "9bkUzCZSNKk7svPjegvV28", 1, 0],
          [5, 110, 30],
          [0, 5, 0, 0, 0, 0, 1, 1, 1, 1]
        ],
        [
          5,
          "payout_amount",
          10,
          [[8, 120, false, false, 20, 1, "#ffd35c", -51, -50, 26, 27]],
          [0, "5d2j468nxOuo7bg0o+NGG9", 1, 0],
          [5, 75, 32],
          [15, 0, 0, 0, 0, 0, 1, 1, 1, 1]
        ],
        [
          6,
          "payout_holder_7_8",
          2,
          [6, -53],
          [-52],
          [0, "93e1EQ2OJNcJ+9keehU3Tg", 1, 0],
          [5, 110, 30],
          [0, -25, 0, 0, 0, 0, 1, 1, 1, 1]
        ],
        [
          5,
          "payout_amount",
          12,
          [[8, 120, false, false, 20, 1, "#ffd35c", -55, -54, 34, 35]],
          [0, "abgZr7prtKcqA9/T1Y5T5r", 1, 0],
          [5, 75, 32],
          [15, 0, 0, 0, 0, 0, 1, 1, 1, 1]
        ],
        [
          6,
          "payout_holder_5_6",
          2,
          [7, -57],
          [-56],
          [0, "940j2k62RO5qdDpMWPYziV", 1, 0],
          [5, 110, 30],
          [0, -55, 0, 0, 0, 0, 1, 1, 1, 1]
        ],
        [
          5,
          "payout_amount",
          14,
          [[8, 120, false, false, 20, 1, "#ffd35c", -59, -58, 42, 43]],
          [0, "cblBNNUxxJurhV26PuTkbr", 1, 0],
          [5, 75, 32],
          [15, 0, 0, 0, 0, 0, 1, 1, 1, 1]
        ],
        [
          18,
          "popout_label_container",
          1,
          [-61],
          [-60],
          [0, "davjf7Eg9GjLaX9Nl9l+aB", 1, 0]
        ],
        [
          19,
          "pop_out_item_bg",
          1,
          [-62],
          [0, "d9vSLYzoBN4aDuoH+Wc0CD", 1, 0],
          [5, 401, 215],
          [40, 0, 0, 0, 0, 0, 1, 1, 1, 1]
        ],
        [17, "symbol_holder", 1, [-63], [0, "f2DFbsTO9KsI5NulRkR4kW", 1, 0]],
        [
          21,
          "label_container",
          16,
          [
            [
              -64,
              [28, true, "game", "theme_font_family", "theme_font_family", -65]
            ],
            1,
            4
          ],
          [0, "a0XU19h5xAd7jQE5KHou9u", 1, 0],
          [4, 4284273663],
          [5, 240, 35.28]
        ],
        [24, 2, false, 17, [0]],
        [20, "symbol_spine", 18, [-66], [0, "9bKK4zLtVNaqpbyxuTsulV", 1, 0]],
        [29, 21, [1]],
        [
          1,
          "num_2",
          4,
          [[2, -67, [2], 3]],
          [0, "94IJu+6F1FVKMfM9Szfae0", 1, 0],
          [4, 4294950533],
          [5, 20, 25],
          [-17, 0, 0, 0, 0, 0, 1, 1, 1, 1]
        ],
        [
          1,
          "num_5",
          4,
          [[3, 2, false, -68, [4], 5]],
          [0, "05I3VonihK9qlukG9cXQe+", 1, 0],
          [4, 4294950533],
          [5, 19, 25],
          [3.5, 0, 0, 0, 0, 0, 1, 1, 1, 1]
        ],
        [
          1,
          "plus_symbol",
          4,
          [[2, -69, [6], 7]],
          [0, "d9O7/nudhIxJnX36Vcgxim", 1, 0],
          [4, 4294950533],
          [5, 13, 13],
          [20.5, 0, 0, 0, 0, 0, 1, 1, 1, 1]
        ],
        [9, 8, 9],
        [
          1,
          "colon_symbol",
          5,
          [[2, -70, [10], 11]],
          [0, "7em4y8aUxNLpcZfRN4adWM", 1, 0],
          [4, 4294950533],
          [5, 6, 4],
          [-71.078, 0, 0, 0, 0, 0, 1, 1, 1, 0.4]
        ],
        [
          1,
          "colon_symbol",
          5,
          [[2, -71, [12], 13]],
          [0, "fcX/wRVEdOnKVnhaBDoQtS", 1, 0],
          [4, 4294950533],
          [5, 6, 4],
          [-64.012, 0, 0, 0, 0, 0, 1, 1, 1, 0.4]
        ],
        [
          1,
          "colon_symbol",
          5,
          [[2, -72, [14], 15]],
          [0, "37+bSlmaBIsL2rCNE3J5U9", 1, 0],
          [4, 4284273663],
          [5, 6, 4],
          [15, 0, 0, 0, 0, 0, 1, 1, 1, 0.4]
        ],
        [
          1,
          "colon_symbol",
          5,
          [[2, -73, [16], 17]],
          [0, "c2d/iSPdNO7KTEpo3DkERd", 1, 0],
          [4, 4284273663],
          [5, 6, 4],
          [22.371, 0, 0, 0, 0, 0, 1, 1, 1, 0.4]
        ],
        [
          1,
          "num_9",
          3,
          [[3, 2, false, -74, [18], 19]],
          [0, "12WxRXUoJE159f6WdN/iCH", 1, 0],
          [4, 4294950533],
          [5, 19, 25],
          [-23.5, 0, 0, 0, 0, 0, 1, 1, 1, 1]
        ],
        [
          1,
          "num_to",
          3,
          [[2, -75, [20], 21]],
          [0, "60RGSznvtKbLRYvonPpWcI", 1, 0],
          [4, 4294950533],
          [5, 14, 6],
          [-6, 0, 0, 0, 0, 0, 1, 1, 1, 1]
        ],
        [
          1,
          "num_1",
          3,
          [[2, -76, [22], 23]],
          [0, "c4d3WcGEdNCJMA6ajsDIZp", 1, 0],
          [4, 4294950533],
          [5, 10, 25],
          [7, 0, 0, 0, 0, 0, 1, 1, 1, 1]
        ],
        [
          1,
          "num_2",
          3,
          [[3, 2, false, -77, [24], 25]],
          [0, "d35wuh3OZJNKhVXcCVlzEt", 1, 0],
          [4, 4294950533],
          [5, 20, 25],
          [23, 0, 0, 0, 0, 0, 1, 1, 1, 1]
        ],
        [9, 10, 11],
        [
          1,
          "num_7",
          6,
          [[3, 2, false, -78, [28], 29]],
          [0, "1ccj3lr8VAsJ3rMUu62BHW", 1, 0],
          [4, 4294950533],
          [5, 17, 26],
          [-18, 0, 0, 0, 0, 0, 1, 1, 1, 1]
        ],
        [
          1,
          "num_to",
          6,
          [[2, -79, [30], 31]],
          [0, "47YJdOk41AI7lETwUSLlVh", 1, 0],
          [4, 4294950533],
          [5, 14, 6],
          [-1.5, 0, 0, 0, 0, 0, 1, 1, 1, 1]
        ],
        [
          1,
          "num_8",
          6,
          [[2, -80, [32], 33]],
          [0, "5bSUets4NJXr+Rad5bNzcI", 1, 0],
          [4, 4294950533],
          [5, 20, 25],
          [16.5, 0, 0, 0, 0, 0, 1, 1, 1, 1]
        ],
        [9, 12, 13],
        [
          1,
          "num_5",
          7,
          [[3, 2, false, -81, [36], 37]],
          [0, "41nEZeHYxDlYCkjNMhTllg", 1, 0],
          [4, 4294950533],
          [5, 19, 25],
          [-17, 0, 0, 0, 0, 0, 1, 1, 1, 1]
        ],
        [
          1,
          "num_to",
          7,
          [[2, -82, [38], 39]],
          [0, "6dMQba2ltIwrROmDc5rWtU", 1, 0],
          [4, 4294950533],
          [5, 14, 6],
          [0.5, 0, 0, 0, 0, 0, 1, 1, 1, 1]
        ],
        [
          1,
          "num_6",
          7,
          [[2, -83, [40], 41]],
          [0, "13mDsUhwhBdZbX5Tezpdpj", 1, 0],
          [4, 4294950533],
          [5, 18, 25],
          [17.5, 0, 0, 0, 0, 0, 1, 1, 1, 1]
        ],
        [9, 14, 15],
        [30, 28, 28, 1, 1, 3, 19, [44]],
        [31, 16, 44, 16]
      ],
      0,
      [
        0, 7, 1, 0, 25, 20, 0, 26, 17, 0, 27, 2, 0, 28, 45, 0, -1, 26, 0, -2,
        35, 0, -3, 39, 0, -4, 43, 0, 29, 18, 0, 30, 22, 0, 0, 1, 0, -1, 17, 0,
        -2, 18, 0, -3, 2, 0, -4, 16, 0, 0, 2, 0, -1, 8, 0, -2, 5, 0, -3, 10, 0,
        -4, 12, 0, -5, 14, 0, 0, 3, 0, -1, 31, 0, -2, 32, 0, -3, 33, 0, -4, 34,
        0, 0, 4, 0, -1, 23, 0, -2, 24, 0, -3, 25, 0, -1, 27, 0, -2, 28, 0, -3,
        29, 0, -4, 30, 0, 0, 6, 0, -1, 36, 0, -2, 37, 0, -3, 38, 0, 0, 7, 0, -1,
        40, 0, -2, 41, 0, -3, 42, 0, -1, 26, 0, -2, 9, 0, 3, 9, 0, 0, 9, 0, -1,
        35, 0, -2, 11, 0, 3, 11, 0, 0, 11, 0, -1, 39, 0, -2, 13, 0, 3, 13, 0, 0,
        13, 0, -1, 43, 0, -2, 15, 0, 3, 15, 0, 0, 15, 0, -1, 45, 0, -1, 19, 0,
        -1, 20, 0, -1, 21, 0, -1, 44, 0, 0, 19, 0, -1, 22, 0, 0, 23, 0, 0, 24,
        0, 0, 25, 0, 0, 27, 0, 0, 28, 0, 0, 29, 0, 0, 30, 0, 0, 31, 0, 0, 32, 0,
        0, 33, 0, 0, 34, 0, 0, 36, 0, 0, 37, 0, 0, 38, 0, 0, 40, 0, 0, 41, 0, 0,
        42, 0, 8, 1, 3, 4, 10, 4, 4, 8, 6, 4, 12, 7, 4, 14, 83
      ],
      [
        0, 0, 0, 0, 0, 0, 0, 0, 0, 0, 0, 0, 0, 0, 0, 0, 0, 0, 0, 0, 0, 0, 0, 0,
        0, 0, 0, 0, 0, 0, 0, 0, 0, 0, 0, 0, 0, 0, 0, 0, 0, 0, 0, 0, 0, 0, 0, 20
      ],
      [
        -1, -1, -1, 1, -1, 1, -1, 1, 5, 6, -1, 1, -1, 1, -1, 1, -1, 1, -1, 1,
        -1, 1, -1, 1, -1, 1, 5, 6, -1, 1, -1, 1, -1, 1, 5, 6, -1, 1, -1, 1, -1,
        1, 5, 6, -1, -1, -2, 1
      ],
      [
        0, 22, 0, 5, 0, 6, 0, 13, 2, 2, 0, 3, 0, 3, 0, 3, 0, 3, 0, 12, 0, 4, 0,
        8, 0, 5, 2, 2, 0, 10, 0, 4, 0, 11, 2, 2, 0, 6, 0, 4, 0, 9, 2, 2, 0, 14,
        23, 14
      ]
    ],
    [
      [
        {
          "name": "payout_plus",
          "rect": [11, 9, 13, 13],
          "offset": [0, 0],
          "originalSize": [13, 13],
          "capInsets": [0, 0, 0, 0]
        }
      ],
      [0],
      0,
      [0],
      [2],
      [1]
    ],
    [
      [
        {
          "name": "payout_window",
          "rect": [644, 841, 401, 215],
          "offset": [0, 0],
          "originalSize": [401, 215],
          "rotated": 1,
          "capInsets": [0, 0, 0, 0]
        }
      ],
      [0],
      0,
      [0],
      [2],
      [7]
    ],
    [
      [
        {
          "name": "payout_3",
          "rect": [1, 181, 20, 25],
          "offset": [0, 0],
          "originalSize": [20, 25],
          "rotated": 1,
          "capInsets": [0, 0, 0, 0]
        }
      ],
      [0],
      0,
      [0],
      [2],
      [1]
    ]
  ]
]
