[
  1,
  ["11mGxrAiRMHJ6TRJIz8Ri1"],
  ["_textureSetter"],
  ["cc.SpriteFrame"],
  0,
  [
    [
      [
        {
          "name": "l_a",
          "rect": [255, 1, 124, 88],
          "offset": [-2, 0],
          "originalSize": [350, 350],
          "rotated": 1,
          "capInsets": [0, 0, 0, 0]
        }
      ],
      [0],
      0,
      [0],
      [0],
      [0]
    ],
    [
      [
        {
          "name": "l_q",
          "rect": [339, 127, 116, 104],
          "offset": [0, -4],
          "originalSize": [350, 350],
          "rotated": 1,
          "capInsets": [0, 0, 0, 0]
        }
      ],
      [0],
      0,
      [0],
      [0],
      [0]
    ],
    [
      [
        {
          "name": "l_j",
          "rect": [123, 145, 108, 88],
          "offset": [0, 0],
          "originalSize": [350, 350],
          "rotated": 1,
          "capInsets": [0, 0, 0, 0]
        }
      ],
      [0],
      0,
      [0],
      [0],
      [0]
    ],
    [
      [
        {
          "name": "l_k",
          "rect": [345, 1, 108, 88],
          "offset": [-2, 0],
          "originalSize": [350, 350],
          "rotated": 1,
          "capInsets": [0, 0, 0, 0]
        }
      ],
      [0],
      0,
      [0],
      [0],
      [0]
    ]
  ]
]
