[
  1,
  [
    "18ql3SuWhHb6dL4UE32iv2",
    "87MpEbUaJEj4ZbFbCotDBF",
    "e9OD8eq7dK3LhZXQn/2VQy",
    "8eQVcBgtNBaol5IYaM9byh",
    "2cp9GT8eJHoJPTjyd/KiGY"
  ],
  [
    "_textureSetter",
    "s_wild",
    "s_wild_blur",
    "s_wild_spawn",
    "s_wild_spawn_blur"
  ],
  ["cc.SpriteFrame", ["cc.SpriteAtlas", ["_name", "_spriteFrames"], 2, 11]],
  [[1, 0, 1, 2]],
  [
    [
      [
        {
          "name": "s_wild_spawn_blur",
          "rect": [98, 1, 73, 81],
          "offset": [-1, 1],
          "originalSize": [175, 175],
          "rotated": 1,
          "capInsets": [0, 0, 0, 0]
        }
      ],
      [0],
      0,
      [0],
      [0],
      [0]
    ],
    [
      [
        [
          0,
          "symbol_specials.plist",
          [
            {},
            "s_wild",
            6,
            0,
            "s_wild_blur",
            6,
            1,
            "s_wild_spawn",
            6,
            2,
            "s_wild_spawn_blur",
            6,
            3
          ]
        ]
      ],
      0,
      0,
      [0, 0, 0, 0],
      [1, 2, 3, 4],
      [1, 2, 3, 4]
    ],
    [
      [
        {
          "name": "s_wild",
          "rect": [1, 204, 142, 156],
          "offset": [-5, 1],
          "originalSize": [350, 350],
          "rotated": 1,
          "capInsets": [0, 0, 0, 0]
        }
      ],
      [0],
      0,
      [0],
      [0],
      [0]
    ],
    [
      [
        {
          "name": "s_wild_spawn",
          "rect": [1, 76, 144, 126],
          "offset": [0, 0],
          "originalSize": [350, 350],
          "capInsets": [0, 0, 0, 0]
        }
      ],
      [0],
      0,
      [0],
      [0],
      [0]
    ],
    [
      [
        {
          "name": "s_wild_blur",
          "rect": [1, 1, 73, 95],
          "offset": [-3, 2],
          "originalSize": [175, 175],
          "rotated": 1,
          "capInsets": [0, 0, 0, 0]
        }
      ],
      [0],
      0,
      [0],
      [0],
      [0]
    ]
  ]
]
