[
  1,
  ["31tDZxlrBAMpJvSC5RmZkn"],
  ["_textureSetter"],
  ["cc.SpriteFrame"],
  0,
  [
    [
      [
        {
          "name": "turbo_trans_00",
          "rect": [1, 1, 40, 44],
          "offset": [-1, 0],
          "originalSize": [50, 50],
          "rotated": 1,
          "capInsets": [0, 0, 0, 0]
        }
      ],
      [0],
      0,
      [0],
      [0],
      [0]
    ],
    [
      [
        {
          "name": "turbo_trans_01",
          "rect": [47, 1, 38, 44],
          "offset": [-1, 0],
          "originalSize": [50, 50],
          "rotated": 1,
          "capInsets": [0, 0, 0, 0]
        }
      ],
      [0],
      0,
      [0],
      [0],
      [0]
    ],
    [
      [
        {
          "name": "turbo_trans_02",
          "rect": [47, 41, 36, 44],
          "offset": [0, 0],
          "originalSize": [50, 50],
          "rotated": 1,
          "capInsets": [0, 0, 0, 0]
        }
      ],
      [0],
      0,
      [0],
      [0],
      [0]
    ],
    [
      [
        {
          "name": "turbo_trans_03",
          "rect": [1, 43, 36, 44],
          "offset": [0, 0],
          "originalSize": [50, 50],
          "rotated": 1,
          "capInsets": [0, 0, 0, 0]
        }
      ],
      [0],
      0,
      [0],
      [0],
      [0]
    ]
  ]
]
