[
  1,
  ["755QemO8VKoYn/j8Mchu8M"],
  ["_textureSetter"],
  ["cc.SpriteFrame"],
  0,
  [
    [
      [
        {
          "name": "ic_soundoff",
          "rect": [1, 605, 86, 72],
          "offset": [0, 0],
          "originalSize": [108, 108],
          "capInsets": [0, 0, 0, 0]
        }
      ],
      [0],
      0,
      [0],
      [0],
      [0]
    ],
    [
      [
        {
          "name": "ic_soundon",
          "rect": [1, 679, 86, 72],
          "offset": [0, 0],
          "originalSize": [108, 108],
          "capInsets": [0, 0, 0, 0]
        }
      ],
      [0],
      0,
      [0],
      [0],
      [0]
    ]
  ]
]
