[
  1,
  ["a0QPd5J2dMH78N949hIIax"],
  ["_textureSetter"],
  [
    [
      "cc.AnimationClip",
      ["_name", "_duration", "sample", "wrapMode", "curveData"],
      -1,
      11
    ],
    "cc.SpriteFrame"
  ],
  [
    [0, 0, 1, 2, 4, 4],
    [0, 0, 1, 2, 3, 4, 5]
  ],
  [
    [
      [
        [
          0,
          "bns_vfx_a_08_loop",
          5.125,
          24,
          [
            {},
            "props",
            11,
            [
              {},
              "color",
              12,
              [
                [
                  [{ "frame": 0 }, "value", 8, [4, 4294967295]],
                  [{ "frame": 0.25 }, "value", 8, [4, 4292730333]],
                  [{ "frame": 0.375 }, "value", 8, [4, 4281545523]],
                  [{ "frame": 0.5 }, "value", 8, [4, 4278190080]],
                  [{ "frame": 0.875 }, "value", 8, [4, 4287269514]],
                  [
                    { "frame": 1.0833333333333333 },
                    "value",
                    8,
                    [4, 4294506744]
                  ],
                  [
                    { "frame": 1.2083333333333333 },
                    "value",
                    8,
                    [4, 4278190080]
                  ],
                  [
                    { "frame": 1.5416666666666667 },
                    "value",
                    8,
                    [4, 4294440951]
                  ],
                  [
                    { "frame": 1.8333333333333333 },
                    "value",
                    8,
                    [4, 4284769380]
                  ],
                  [
                    { "frame": 2.0416666666666665 },
                    "value",
                    8,
                    [4, 4294309365]
                  ],
                  [{ "frame": 2.125 }, "value", 8, [4, 4293190884]],
                  [
                    { "frame": 2.5416666666666665 },
                    "value",
                    8,
                    [4, 4283585106]
                  ],
                  [
                    { "frame": 2.7916666666666665 },
                    "value",
                    8,
                    [4, 4286677377]
                  ],
                  [
                    { "frame": 3.2916666666666665 },
                    "value",
                    8,
                    [4, 4294967295]
                  ],
                  [
                    { "frame": 3.5833333333333335 },
                    "value",
                    8,
                    [4, 4293980400]
                  ],
                  [
                    { "frame": 3.9583333333333335 },
                    "value",
                    8,
                    [4, 4278190080]
                  ],
                  [{ "frame": 4.541666666666667 }, "value", 8, [4, 4287269514]],
                  [{ "frame": 5.125 }, "value", 8, [4, 4294440951]]
                ],
                11,
                11,
                11,
                11,
                11,
                11,
                11,
                11,
                11,
                11,
                11,
                11,
                11,
                11,
                11,
                11,
                11,
                11
              ]
            ]
          ]
        ]
      ],
      0,
      0,
      [],
      [],
      []
    ],
    [
      [
        [
          1,
          "wh_vfx_b_04_loop",
          1,
          18,
          2,
          [
            {},
            "paths",
            11,
            [
              {},
              "wh_vfx_b_add_04_r",
              11,
              [
                {},
                "props",
                11,
                [
                  {},
                  "color",
                  12,
                  [
                    [
                      [{ "frame": 0 }, "value", 8, [4, 4286151033]],
                      [
                        { "frame": 0.2222222222222222 },
                        "value",
                        8,
                        [4, 4284177243]
                      ],
                      [
                        { "frame": 0.4444444444444444 },
                        "value",
                        8,
                        [4, 4286151033]
                      ],
                      [
                        { "frame": 0.6666666666666666 },
                        "value",
                        8,
                        [4, 4283453520]
                      ],
                      [
                        { "frame": 0.8333333333333334 },
                        "value",
                        8,
                        [4, 4283453520]
                      ],
                      [{ "frame": 1 }, "value", 8, [4, 4286151033]]
                    ],
                    11,
                    11,
                    11,
                    11,
                    11,
                    11
                  ]
                ]
              ],
              "wh_vfx_b_add_04_l",
              11,
              [
                {},
                "props",
                11,
                [
                  {},
                  "color",
                  12,
                  [
                    [
                      [{ "frame": 0 }, "value", 8, [4, 4286151033]],
                      [
                        { "frame": 0.16666666666666666 },
                        "value",
                        8,
                        [4, 4284177243]
                      ],
                      [
                        { "frame": 0.3333333333333333 },
                        "value",
                        8,
                        [4, 4286151033]
                      ],
                      [
                        { "frame": 0.5555555555555556 },
                        "value",
                        8,
                        [4, 4283453520]
                      ],
                      [
                        { "frame": 0.7222222222222222 },
                        "value",
                        8,
                        [4, 4283453520]
                      ],
                      [{ "frame": 1 }, "value", 8, [4, 4286151033]]
                    ],
                    11,
                    11,
                    11,
                    11,
                    11,
                    11
                  ]
                ]
              ]
            ]
          ]
        ]
      ],
      0,
      0,
      [],
      [],
      []
    ],
    [
      [
        {
          "name": "bns_vfx_a_screen_08",
          "rect": [543, 1, 194, 135],
          "offset": [0, 0],
          "originalSize": [194, 135],
          "capInsets": [0, 0, 0, 0]
        }
      ],
      [1],
      0,
      [0],
      [0],
      [0]
    ]
  ]
]
