[
  1,
  [
    "a8hUh48HlPkZfHFFnF1cc2",
    "9ahJlVKjRO0JNhMs6r4N21",
    "ecpdLyjvZBwrvm+cedCcQy",
    "51tuzhivNE4YNeMAgDlA9p",
    "05dN8dcmlCb5vyT3HmBjbW",
    "deq2VsKPVPDY+SPZ2W8m6m",
    "30DpP0y7JLfLGcY95rr5lc",
    "0d3oSwzYNAXYQM6U8ALvqx",
    "55sADnd7VHvIMcTpxQT/qA",
    "c46/nFICNGRqLQLb7LkhMo",
    "2fKffR8JtDR72rcvK6LgSV",
    "09uX9+X/ZPj7H7+0o5CUQ6",
    "4dXGuu7qVMGYid7vgng2OV",
    "4atVv4peRCDqj2FtEXTk//",
    "09fh78XStLzZCIhU82DNvZ",
    "07+Jer8LpHNrROdEzYHcVv",
    "61T5nAm+5Kvrg2+bi6HcH3",
    "12pZxkKo1FQ7TqJIZQSbm1",
    "b4kug+wkhJXrTj4R2OiZim",
    "52hxqmRulNrbokQ0UpwJPX",
    "bdXApG4xNAS6q+3EZKOhZx",
    "bfDHnCPGRFuqLJXDCzgIAm",
    "ad0MigF2BGE7BO4vGAhOHo",
    "c7NEMFA3VPEJeXpuD76J/u",
    "adEeCfsidN9JI5l2bnIgvJ",
    "1ehEJZXYJOipC6Vq6MlEak",
    "2bRsgqIiRFL5hr94GVOMNS",
    "274cmX1ZZNaIDjmZ6m6oyo",
    "3atq1JzJ1PxYq+Ny3NR4dX",
    "69jE4RvapNgIb4nBf7cD9q",
    "ffrjnYPXhAZ4u6hQiLIotQ",
    "e1kGBGwYtO3phm33hiQ33+",
    "9fVSDvkyZCNqMpy8L7ZH3N",
    "e0jHeszEFMrJof2jhwBCT4",
    "8bj2QP8UpLVIZ/XrajVhOD",
    "eeBWajKvxJibyxz/gO+Swd",
    "8b8bpdrDBHHbKoqFHiCKn2",
    "72l/aPp/hHw6X6g2bI1jeG",
    "0fI0FLz4dGKYO9j0xYU6WZ",
    "022FLykqFKo5PsYPA/ZcBz",
    "52xEJdHDtLQ6y7rRF8HvjQ",
    "a1LLItEGdBE5SNMZm6hNiJ",
    "77vNQzaCBPo7JhnBhXZ2xv",
    "20+e8dFQ5C6IzQMFZ0IQk5",
    "cddarN1wRLLJTcjG0qgaug",
    "bcuDCAlrlKMJ9FLxEIzBhn",
    "5bCByA+YRGTpT4NOqlM7of",
    "7cm1BjC21MHJTGXtHRDiit",
    "46Run9HM9BVoNn56rsqitn",
    "fcxdAQgZdF3rEy8dH2k8AH",
    "d09vD6t65JfIoHSMpKwD0n",
    "a5Y8NmkadD6JXQ6QtNFjxR",
    "7aRmF4mQ5GwqqckUxV7ru8",
    "a2MjXRFdtLlYQ5ouAFv/+R",
    "3bnLJ8AU9IAIqhMc4vHPVz",
    "023kkxFp5HlJLBc2NAcFf8",
    "a7GZq4uo9HIKgZDw9C8hNo",
    "dec0gdl1VHvr45fhgxXG4g",
    "09mTBUEDtADoLKte443CGZ",
    "e9HVAKyJRIlJI1n5i7Af1V",
    "9egjRfgUhBk6RV20i/aCxX",
    "5bz0PCu89Le7Bg5ZC+sdXN",
    "555ZAMXbpLS5Eh5V6ruczM",
    "adxhpBLFBEP5ct5A1kElqy",
    "ffEstc/mxBcrAUPXae6vdp",
    "4b7gvdKOFNmb2PC2NtxadI",
    "6fu3if/spOSqY+0rNe9JXX",
    "ccYXrNOyBPebUSlNMlBVce",
    "96A81oULlPzJcWhAjKBYBz",
    "5am6RpUzVJBpyYwgym2VTt",
    "abDRcNbKpIZ6l5wYFGBzMm",
    "d9sIcNQNpJDIrSk6bLzWoy",
    "e2ZmOQKZhCYZbheFXDSi7D",
    "dcpBLXspFGOIRL5kseK2I2",
    "dcSt4D6j9NOro597nuONED",
    "ceDuneMKBHPIRWBM+dx94F",
    "d3dmUKgM9BJ50ydJqWeYsG",
    "ecdc5cyoFGipqu6z16hb4d",
    "ddrJ9WrElBoaH+xbdEEXwF",
    "13maPf7aRJtprqglVbsirv",
    "71d+bRpZVIC65ryr+bq5vb",
    "deLezJiztIraxt1quQjaY1",
    "50sR+Emd5KH4fsAf3R1h9W",
    "e8+Jx8aGJP8Jy35SYy1Xgq",
    "bbsDYAtehB06j5hgJXlixb",
    "406o6JZ5NMU5P3do8IP/lw",
    "93hdqih7NNb6VvcV/jucjV",
    "51B+5S56ZK+rPiT35i3n3A",
    "55KzAOPWRJepfqk2YQM3kX",
    "b77tER1QhIeLkTZAiyTZCQ",
    "64fM0BKn9IvYTEdEZena3y",
    "8dyNXXrNBG+5XFPbZOo3vy",
    "4eYVESJ2ZJ9YXa87Xsx6nG",
    "5dH4ZPQl9O67MpQnEbSCXg",
    "7cdqtZIUVAZ6EsfBD5KtWv",
    "48Lb4sHyRMNJhtZn9PXQyv",
    "50v0UAewxKzolcaz251Hd5",
    "38gRqv4m9DdojNvboRLRXF",
    "f9z2YP5hNEkJxxovljkehq",
    "a0C1+uAfBG157tzJ1dB+ZP",
    "82bgyxKG9IRrpXhIXItBU7",
    "acEjc4kqpK5oDm6HEglKCg"
  ],
  [
    "_textureSetter",
    "value",
    "node",
    "_spriteFrame",
    "root",
    "data",
    "_defaultClip",
    "slowDropColumnPrefab",
    "btmNodeSdVfxB",
    "animSdVfxNormalA",
    "animSdVfxA",
    "effectHolder",
    "blackMaskNode"
  ],
  [
    "cc.SpriteFrame",
    [
      "cc.Node",
      [
        "_name",
        "_opacity",
        "_prefab",
        "_components",
        "_parent",
        "_contentSize",
        "_trs",
        "_children",
        "_anchorPoint",
        "_color"
      ],
      1,
      4,
      9,
      1,
      5,
      7,
      2,
      5,
      5
    ],
    [
      "cc.Sprite",
      [
        "_sizeMode",
        "_isTrimmedMode",
        "_dstBlendFactor",
        "node",
        "_materials",
        "_spriteFrame"
      ],
      0,
      1,
      3,
      6
    ],
    ["cc.PrefabInfo", ["fileId", "root", "asset"], 2, 1, 1],
    [
      "cc.AnimationClip",
      ["_name", "_duration", "sample", "wrapMode", "curveData"],
      -1,
      11
    ],
    ["cc.Prefab", ["_name"], 2],
    [
      "cc.Node",
      [
        "_name",
        "_parent",
        "_components",
        "_prefab",
        "_contentSize",
        "_anchorPoint",
        "_trs"
      ],
      2,
      1,
      12,
      4,
      5,
      5,
      7
    ],
    ["937fd7ZHuJGyrhiVYL7VfoF", ["node", "slowDropColumnPrefab"], 3, 1, 6],
    [
      "1891dfUb6BPUq9BR4fOYPQq",
      [
        "node",
        "blackMaskNode",
        "effectHolder",
        "animSdVfxA",
        "animSdVfxNormalA",
        "btmNodeSdVfxB"
      ],
      3,
      1,
      1,
      1,
      1,
      1,
      1
    ],
    ["cc.Animation", ["node", "_clips"], 3, 1, 3]
  ],
  [
    [3, 0, 1, 2, 2],
    [4, 0, 1, 2, 3, 4, 5],
    [5, 0, 2],
    [6, 0, 1, 2, 3, 4, 5, 6, 2],
    [3, 1, 2, 1],
    [2, 2, 0, 1, 3, 4, 5, 4],
    [9, 0, 1, 1],
    [1, 0, 3, 2, 2],
    [1, 0, 7, 3, 2, 2],
    [1, 0, 1, 4, 7, 2, 3],
    [1, 0, 1, 4, 3, 2, 9, 5, 8, 6, 3],
    [1, 0, 4, 3, 2, 5, 6, 2],
    [1, 0, 4, 3, 2, 5, 8, 6, 2],
    [7, 0, 1, 1],
    [8, 0, 1, 2, 3, 4, 5, 1],
    [2, 0, 1, 3, 4, 5, 3],
    [2, 0, 1, 3, 4, 3],
    [2, 2, 0, 1, 3, 4, 4]
  ],
  [
    [
      [
        {
          "name": "sd_vfx_a_normal_33",
          "rect": [824, 460, 95, 188],
          "offset": [3, 15],
          "originalSize": [135, 320],
          "rotated": 1,
          "capInsets": [0, 0, 0, 0]
        }
      ],
      [0],
      0,
      [0],
      [0],
      [0]
    ],
    [
      [
        {
          "name": "sd_vfx_b_add_02",
          "rect": [1, 407, 100, 404],
          "offset": [0, 0],
          "originalSize": [100, 404],
          "capInsets": [0, 0, 0, 0]
        }
      ],
      [0],
      0,
      [0],
      [0],
      [3]
    ],
    [
      [
        [
          1,
          "sd_vfx_a_normal_loop",
          1.9166666666666667,
          24,
          2,
          [
            {},
            "comps",
            11,
            [
              {},
              "cc.Sprite",
              11,
              [
                {},
                "spriteFrame",
                12,
                [
                  [
                    [{ "frame": 0 }, "value", 6, 0],
                    [{ "frame": 0.041666666666666664 }, "value", 6, 1],
                    [{ "frame": 0.08333333333333333 }, "value", 6, 2],
                    [{ "frame": 0.125 }, "value", 6, 3],
                    [{ "frame": 0.16666666666666666 }, "value", 6, 4],
                    [{ "frame": 0.20833333333333334 }, "value", 6, 5],
                    [{ "frame": 0.25 }, "value", 6, 6],
                    [{ "frame": 0.2916666666666667 }, "value", 6, 7],
                    [{ "frame": 0.3333333333333333 }, "value", 6, 8],
                    [{ "frame": 0.375 }, "value", 6, 9],
                    [{ "frame": 0.4166666666666667 }, "value", 6, 10],
                    [{ "frame": 0.4583333333333333 }, "value", 6, 11],
                    [{ "frame": 0.5 }, "value", 6, 12],
                    [{ "frame": 0.5416666666666666 }, "value", 6, 13],
                    [{ "frame": 0.5833333333333334 }, "value", 6, 14],
                    [{ "frame": 0.625 }, "value", 6, 15],
                    [{ "frame": 0.6666666666666666 }, "value", 6, 16],
                    [{ "frame": 0.7083333333333334 }, "value", 6, 17],
                    [{ "frame": 0.75 }, "value", 6, 18],
                    [{ "frame": 0.7916666666666666 }, "value", 6, 19],
                    [{ "frame": 0.8333333333333334 }, "value", 6, 20],
                    [{ "frame": 0.875 }, "value", 6, 21],
                    [{ "frame": 0.9166666666666666 }, "value", 6, 22],
                    [{ "frame": 0.9583333333333334 }, "value", 6, 23],
                    [{ "frame": 1 }, "value", 6, 24],
                    [{ "frame": 1.0416666666666667 }, "value", 6, 25],
                    [{ "frame": 1.0833333333333333 }, "value", 6, 26],
                    [{ "frame": 1.125 }, "value", 6, 27],
                    [{ "frame": 1.1666666666666667 }, "value", 6, 28],
                    [{ "frame": 1.2083333333333333 }, "value", 6, 29],
                    [{ "frame": 1.25 }, "value", 6, 30],
                    [{ "frame": 1.2916666666666667 }, "value", 6, 31],
                    [{ "frame": 1.3333333333333333 }, "value", 6, 32],
                    [{ "frame": 1.375 }, "value", 6, 33],
                    [{ "frame": 1.4166666666666667 }, "value", 6, 34],
                    [{ "frame": 1.4583333333333333 }, "value", 6, 35],
                    [{ "frame": 1.5 }, "value", 6, 36],
                    [{ "frame": 1.5416666666666667 }, "value", 6, 37],
                    [{ "frame": 1.5833333333333333 }, "value", 6, 38],
                    [{ "frame": 1.625 }, "value", 6, 39],
                    [{ "frame": 1.6666666666666667 }, "value", 6, 40],
                    [{ "frame": 1.7083333333333333 }, "value", 6, 41],
                    [{ "frame": 1.75 }, "value", 6, 42],
                    [{ "frame": 1.7916666666666667 }, "value", 6, 43],
                    [{ "frame": 1.8333333333333333 }, "value", 6, 44],
                    [{ "frame": 1.875 }, "value", 6, 45]
                  ],
                  11,
                  11,
                  11,
                  11,
                  11,
                  11,
                  11,
                  11,
                  11,
                  11,
                  11,
                  11,
                  11,
                  11,
                  11,
                  11,
                  11,
                  11,
                  11,
                  11,
                  11,
                  11,
                  11,
                  11,
                  11,
                  11,
                  11,
                  11,
                  11,
                  11,
                  11,
                  11,
                  11,
                  11,
                  11,
                  11,
                  11,
                  11,
                  11,
                  11,
                  11,
                  11,
                  11,
                  11,
                  11,
                  11
                ]
              ]
            ]
          ]
        ]
      ],
      0,
      0,
      [
        0, 0, 0, 0, 0, 0, 0, 0, 0, 0, 0, 0, 0, 0, 0, 0, 0, 0, 0, 0, 0, 0, 0, 0,
        0, 0, 0, 0, 0, 0, 0, 0, 0, 0, 0, 0, 0, 0, 0, 0, 0, 0, 0, 0, 0, 0
      ],
      [
        1, 1, 1, 1, 1, 1, 1, 1, 1, 1, 1, 1, 1, 1, 1, 1, 1, 1, 1, 1, 1, 1, 1, 1,
        1, 1, 1, 1, 1, 1, 1, 1, 1, 1, 1, 1, 1, 1, 1, 1, 1, 1, 1, 1, 1, 1
      ],
      [
        6, 7, 8, 9, 10, 11, 12, 13, 14, 15, 16, 17, 18, 19, 20, 21, 22, 23, 24,
        25, 26, 27, 28, 29, 30, 31, 32, 33, 34, 35, 36, 37, 38, 39, 40, 41, 42,
        43, 44, 45, 46, 47, 48, 49, 50, 51
      ]
    ],
    [
      [
        {
          "name": "sd_vfx_a_normal_09",
          "rect": [640, 735, 83, 204],
          "offset": [-6, -5],
          "originalSize": [135, 320],
          "capInsets": [0, 0, 0, 0]
        }
      ],
      [0],
      0,
      [0],
      [0],
      [0]
    ],
    [
      [
        {
          "name": "sd_vfx_a_normal_08",
          "rect": [197, 753, 81, 196],
          "offset": [-5, -1],
          "originalSize": [135, 320],
          "capInsets": [0, 0, 0, 0]
        }
      ],
      [0],
      0,
      [0],
      [0],
      [0]
    ],
    [
      [
        {
          "name": "sd_vfx_a_add_02",
          "rect": [383, 1, 87, 226],
          "offset": [2, -15],
          "originalSize": [135, 320],
          "capInsets": [0, 0, 0, 0]
        }
      ],
      [0],
      0,
      [0],
      [0],
      [1]
    ],
    [
      [
        {
          "name": "sd_vfx_a_normal_05",
          "rect": [197, 257, 89, 252],
          "offset": [0, -28],
          "originalSize": [135, 320],
          "capInsets": [0, 0, 0, 0]
        }
      ],
      [0],
      0,
      [0],
      [0],
      [0]
    ],
    [
      [
        {
          "name": "sd_vfx_a_normal_01",
          "rect": [373, 373, 93, 220],
          "offset": [-1, -12],
          "originalSize": [135, 320],
          "rotated": 1,
          "capInsets": [0, 0, 0, 0]
        }
      ],
      [0],
      0,
      [0],
      [0],
      [0]
    ],
    [
      [
        {
          "name": "sd_vfx_a_normal_32",
          "rect": [100, 767, 95, 182],
          "offset": [3, 19],
          "originalSize": [135, 320],
          "capInsets": [0, 0, 0, 0]
        }
      ],
      [0],
      0,
      [0],
      [0],
      [0]
    ],
    [
      [
        {
          "name": "sd_vfx_a_normal_11",
          "rect": [637, 183, 89, 204],
          "offset": [-2, 0],
          "originalSize": [135, 320],
          "rotated": 1,
          "capInsets": [0, 0, 0, 0]
        }
      ],
      [0],
      0,
      [0],
      [0],
      [0]
    ],
    [
      [
        {
          "name": "sd_vfx_a_add_23",
          "rect": [1, 835, 105, 172],
          "offset": [-3, 35],
          "originalSize": [135, 320],
          "rotated": 1,
          "capInsets": [0, 0, 0, 0]
        }
      ],
      [0],
      0,
      [0],
      [0],
      [1]
    ],
    [
      [
        {
          "name": "sd_vfx_a_normal_19",
          "rect": [1, 267, 95, 266],
          "offset": [2, -27],
          "originalSize": [135, 320],
          "capInsets": [0, 0, 0, 0]
        }
      ],
      [0],
      0,
      [0],
      [0],
      [0]
    ],
    [
      [
        {
          "name": "sd_vfx_a_normal_37",
          "rect": [349, 652, 83, 214],
          "offset": [-6, -1],
          "originalSize": [135, 320],
          "rotated": 1,
          "capInsets": [0, 0, 0, 0]
        }
      ],
      [0],
      0,
      [0],
      [0],
      [0]
    ],
    [
      [
        {
          "name": "sd_vfx_a_normal_21",
          "rect": [643, 1, 95, 238],
          "offset": [2, -15],
          "originalSize": [135, 320],
          "rotated": 1,
          "capInsets": [0, 0, 0, 0]
        }
      ],
      [0],
      0,
      [0],
      [0],
      [0]
    ],
    [
      [
        {
          "name": "sd_vfx_a_normal_20",
          "rect": [100, 1, 95, 264],
          "offset": [2, -28],
          "originalSize": [135, 320],
          "capInsets": [0, 0, 0, 0]
        }
      ],
      [0],
      0,
      [0],
      [0],
      [0]
    ],
    [
      [
        {
          "name": "sd_vfx_a_normal_04",
          "rect": [391, 92, 91, 244],
          "offset": [-1, -24],
          "originalSize": [135, 320],
          "rotated": 1,
          "capInsets": [0, 0, 0, 0]
        }
      ],
      [0],
      0,
      [0],
      [0],
      [0]
    ],
    [
      [
        {
          "name": "sd_vfx_a_normal_00",
          "rect": [349, 557, 93, 214],
          "offset": [-1, -8],
          "originalSize": [135, 320],
          "rotated": 1,
          "capInsets": [0, 0, 0, 0]
        }
      ],
      [0],
      0,
      [0],
      [0],
      [0]
    ],
    [
      [
        {
          "name": "sd_vfx_a_add_41",
          "rect": [832, 549, 71, 172],
          "offset": [-7, 11],
          "originalSize": [135, 320],
          "rotated": 1,
          "capInsets": [0, 0, 0, 0]
        }
      ],
      [0],
      0,
      [0],
      [0],
      [1]
    ],
    [
      [
        {
          "name": "sd_vfx_a_normal_22",
          "rect": [294, 1, 95, 246],
          "offset": [2, -20],
          "originalSize": [135, 320],
          "capInsets": [0, 0, 0, 0]
        }
      ],
      [0],
      0,
      [0],
      [0],
      [0]
    ],
    [
      [
        {
          "name": "sd_vfx_b_add_01",
          "rect": [1, 1, 100, 404],
          "offset": [0, 0],
          "originalSize": [100, 404],
          "capInsets": [0, 0, 0, 0]
        }
      ],
      [0],
      0,
      [0],
      [0],
      [3]
    ],
    [
      [
        {
          "name": "sd_vfx_a_add_29",
          "rect": [842, 456, 91, 162],
          "offset": [5, 32],
          "originalSize": [135, 320],
          "rotated": 1,
          "capInsets": [0, 0, 0, 0]
        }
      ],
      [0],
      0,
      [0],
      [0],
      [1]
    ],
    [
      [
        {
          "name": "sd_vfx_a_normal_42",
          "rect": [843, 183, 81, 180],
          "offset": [-5, 4],
          "originalSize": [135, 320],
          "rotated": 1,
          "capInsets": [0, 0, 0, 0]
        }
      ],
      [0],
      0,
      [0],
      [0],
      [0]
    ],
    [
      [
        {
          "name": "sd_vfx_a_add_39",
          "rect": [452, 469, 65, 224],
          "offset": [-8, -11],
          "originalSize": [135, 320],
          "capInsets": [0, 0, 0, 0]
        }
      ],
      [0],
      0,
      [0],
      [0],
      [1]
    ],
    [
      [
        {
          "name": "sd_vfx_a_normal_07",
          "rect": [829, 367, 91, 190],
          "offset": [-1, 4],
          "originalSize": [135, 320],
          "rotated": 1,
          "capInsets": [0, 0, 0, 0]
        }
      ],
      [0],
      0,
      [0],
      [0],
      [0]
    ],
    [
      [
        {
          "name": "sd_vfx_a_add_09",
          "rect": [640, 84, 71, 212],
          "offset": [-8, 2],
          "originalSize": [135, 320],
          "rotated": 1,
          "capInsets": [0, 0, 0, 0]
        }
      ],
      [0],
      0,
      [0],
      [0],
      [1]
    ],
    [
      [
        {
          "name": "sd_vfx_a_normal_06",
          "rect": [1, 535, 91, 258],
          "offset": [0, -31],
          "originalSize": [135, 320],
          "capInsets": [0, 0, 0, 0]
        }
      ],
      [0],
      0,
      [0],
      [0],
      [0]
    ],
    [
      [
        {
          "name": "sd_vfx_a_add_36",
          "rect": [466, 229, 95, 220],
          "offset": [4, 14],
          "originalSize": [135, 320],
          "capInsets": [0, 0, 0, 0]
        }
      ],
      [0],
      0,
      [0],
      [0],
      [1]
    ],
    [
      [
        {
          "name": "sd_vfx_a_add_26",
          "rect": [640, 810, 109, 180],
          "offset": [2, 24],
          "originalSize": [135, 320],
          "rotated": 1,
          "capInsets": [0, 0, 0, 0]
        }
      ],
      [0],
      0,
      [0],
      [0],
      [1]
    ],
    [
      [
        {
          "name": "sd_vfx_a_add_40",
          "rect": [381, 469, 69, 226],
          "offset": [-7, -15],
          "originalSize": [135, 320],
          "capInsets": [0, 0, 0, 0]
        }
      ],
      [0],
      0,
      [0],
      [0],
      [1]
    ],
    [
      [
        {
          "name": "sd_vfx_a_add_31",
          "rect": [650, 246, 95, 194],
          "offset": [3, 33],
          "originalSize": [135, 320],
          "rotated": 1,
          "capInsets": [0, 0, 0, 0]
        }
      ],
      [0],
      0,
      [0],
      [0],
      [1]
    ],
    [
      [
        {
          "name": "sd_vfx_a_normal_13",
          "rect": [373, 468, 87, 224],
          "offset": [-1, -5],
          "originalSize": [135, 320],
          "rotated": 1,
          "capInsets": [0, 0, 0, 0]
        }
      ],
      [0],
      0,
      [0],
      [0],
      [0]
    ],
    [
      [
        {
          "name": "sd_vfx_a_normal_34",
          "rect": [725, 725, 97, 194],
          "offset": [2, 11],
          "originalSize": [135, 320],
          "capInsets": [0, 0, 0, 0]
        }
      ],
      [0],
      0,
      [0],
      [0],
      [0]
    ],
    [
      [
        {
          "name": "sd_vfx_a_add_32",
          "rect": [640, 622, 93, 186],
          "offset": [4, 25],
          "originalSize": [135, 320],
          "capInsets": [0, 0, 0, 0]
        }
      ],
      [0],
      0,
      [0],
      [0],
      [1]
    ],
    [
      [
        {
          "name": "sd_vfx_a_normal_02",
          "rect": [373, 278, 93, 228],
          "offset": [-1, -16],
          "originalSize": [135, 320],
          "rotated": 1,
          "capInsets": [0, 0, 0, 0]
        }
      ],
      [0],
      0,
      [0],
      [0],
      [0]
    ],
    [
      [
        {
          "name": "sd_vfx_a_add_06",
          "rect": [640, 535, 85, 190],
          "offset": [1, 12],
          "originalSize": [135, 320],
          "rotated": 1,
          "capInsets": [0, 0, 0, 0]
        }
      ],
      [0],
      0,
      [0],
      [0],
      [1]
    ],
    [
      [
        {
          "name": "sd_vfx_a_add_13",
          "rect": [191, 535, 83, 238],
          "offset": [1, 12],
          "originalSize": [135, 320],
          "capInsets": [0, 0, 0, 0]
        }
      ],
      [0],
      0,
      [0],
      [0],
      [1]
    ],
    [
      [
        {
          "name": "sd_vfx_a_normal_40",
          "rect": [94, 535, 83, 230],
          "offset": [-6, -16],
          "originalSize": [135, 320],
          "capInsets": [0, 0, 0, 0]
        }
      ],
      [0],
      0,
      [0],
      [0],
      [0]
    ],
    [
      [
        {
          "name": "sd_vfx_a_add_05",
          "rect": [822, 622, 87, 174],
          "offset": [0, 12],
          "originalSize": [135, 320],
          "rotated": 1,
          "capInsets": [0, 0, 0, 0]
        }
      ],
      [0],
      0,
      [0],
      [0],
      [1]
    ],
    [
      [
        {
          "name": "sd_vfx_a_add_37",
          "rect": [640, 1, 81, 216],
          "offset": [-1, 4],
          "originalSize": [135, 320],
          "rotated": 1,
          "capInsets": [0, 0, 0, 0]
        }
      ],
      [0],
      0,
      [0],
      [0],
      [1]
    ],
    [
      [
        {
          "name": "sd_vfx_a_normal_10",
          "rect": [280, 737, 89, 212],
          "offset": [-2, -9],
          "originalSize": [135, 320],
          "capInsets": [0, 0, 0, 0]
        }
      ],
      [0],
      0,
      [0],
      [0],
      [0]
    ],
    [
      [
        {
          "name": "sd_vfx_a_add_34",
          "rect": [640, 157, 87, 204],
          "offset": [2, 22],
          "originalSize": [135, 320],
          "rotated": 1,
          "capInsets": [0, 0, 0, 0]
        }
      ],
      [0],
      0,
      [0],
      [0],
      [1]
    ],
    [
      [
        {
          "name": "sd_vfx_a_normal_23",
          "rect": [197, 1, 95, 254],
          "offset": [2, -25],
          "originalSize": [135, 320],
          "capInsets": [0, 0, 0, 0]
        }
      ],
      [0],
      0,
      [0],
      [0],
      [0]
    ],
    [
      [
        [2, "slow_drop_fg_effect_controller"],
        [7, "slow_drop_fg_effect_controller", [[13, -2, 0]], [4, -1, 0]]
      ],
      0,
      [0, 4, 1, 0, 2, 1, 0, 5, 1, 2],
      [0],
      [7],
      [52]
    ],
    [
      [
        {
          "name": "sd_vfx_a_add_10",
          "rect": [844, 373, 81, 160],
          "offset": [-2, 30],
          "originalSize": [135, 320],
          "rotated": 1,
          "capInsets": [0, 0, 0, 0]
        }
      ],
      [0],
      0,
      [0],
      [0],
      [1]
    ],
    [
      [
        {
          "name": "sd_vfx_a_add_24",
          "rect": [846, 272, 99, 158],
          "offset": [6, 24],
          "originalSize": [135, 320],
          "rotated": 1,
          "capInsets": [0, 0, 0, 0]
        }
      ],
      [0],
      0,
      [0],
      [0],
      [1]
    ],
    [
      [
        {
          "name": "sd_vfx_a_normal_31",
          "rect": [565, 557, 95, 176],
          "offset": [3, 23],
          "originalSize": [135, 320],
          "capInsets": [0, 0, 0, 0]
        }
      ],
      [0],
      0,
      [0],
      [0],
      [0]
    ],
    [
      [
        {
          "name": "sd_vfx_a_normal_36",
          "rect": [557, 737, 81, 208],
          "offset": [-5, 3],
          "originalSize": [135, 320],
          "capInsets": [0, 0, 0, 0]
        }
      ],
      [0],
      0,
      [0],
      [0],
      [0]
    ],
    [
      [
        [2, "slow_drop_column_controller"],
        [
          8,
          "slow_drop_column_controller",
          [-8, -9],
          [[14, -7, -6, -5, -4, -3, -2]],
          [4, -1, 0]
        ],
        [
          9,
          "effect_holder",
          0,
          1,
          [-10, -11, -12, -13],
          [0, "8f0NwiBCtKHbgxa6flsNuk", 1, 0]
        ],
        [
          10,
          "black_mask",
          0,
          1,
          [[15, 0, false, -14, [0], 1]],
          [0, "1ec4mjHTtIULp6GbCXwGOn", 1, 0],
          [4, 4278190080],
          [5, 174, 340],
          [0, 0.5, 0],
          [0, -437.5, 0, 0, 0, 0, 1, 1, 1, 1]
        ],
        [
          11,
          "sd_vfx_b_add_02",
          2,
          [[5, 1, 2, false, -15, [4], 5]],
          [0, "eecFesu29OzassQ2cijT5f", 1, 0],
          [5, 100, 404],
          [0, -85, 0, 0, 0, 0, 1, 2, 2, 2]
        ],
        [
          3,
          "sd_vfx_a_normal",
          2,
          [[[16, 2, false, -16, [6]], -17], 4, 1],
          [0, "04xZuYajpCAIjUylLUZthm", 1, 0],
          [5, 135, 320],
          [0, 0.5, 0.85],
          [0, 457, 0, 0, 0, 0, 1, 1.8, 1.8, 1]
        ],
        [
          3,
          "sd_vfx_a_add",
          2,
          [[[17, 1, 2, false, -18, [8]], -19], 4, 1],
          [0, "dalryxz8dOjbvLgrmWCe2z", 1, 0],
          [5, 135, 320],
          [0, 0.5, 0.85],
          [0, 457, 0, 0, 0, 0, 1, 1.8, 1.8, 1.8]
        ],
        [
          12,
          "sd_vfx_b_add_01",
          2,
          [[5, 1, 2, false, -20, [2], 3]],
          [0, "31S5VbYINADardp6tdPNAp", 1, 0],
          [5, 100, 404],
          [0, 0.5, 0.68],
          [0, 437.5, 0, 0, 0, 0, 1, 2, 2, 2]
        ],
        [6, 5, [7]],
        [6, 6, [9]]
      ],
      0,
      [
        0, 4, 1, 0, 8, 4, 0, 9, 8, 0, 10, 9, 0, 11, 2, 0, 12, 3, 0, 2, 1, 0, -1,
        3, 0, -2, 2, 0, -1, 7, 0, -2, 4, 0, -3, 5, 0, -4, 6, 0, 2, 3, 0, 2, 4,
        0, 2, 5, 0, -2, 8, 0, 2, 6, 0, -2, 9, 0, 2, 7, 0, 5, 1, 20
      ],
      [0, 0, 0, 0, 0, 0, 0, 0, 0, 0, 8, 9],
      [-1, 3, -1, 3, -1, 3, -1, -1, -1, -1, 6, 6],
      [2, 53, 2, 54, 2, 55, 2, 4, 2, 5, 4, 5]
    ],
    [
      [
        {
          "name": "sd_vfx_a_add_38",
          "rect": [563, 671, 75, 218],
          "offset": [-3, -5],
          "originalSize": [135, 320],
          "capInsets": [0, 0, 0, 0]
        }
      ],
      [0],
      0,
      [0],
      [0],
      [1]
    ],
    [
      [
        {
          "name": "sd_vfx_a_normal_41",
          "rect": [599, 468, 83, 176],
          "offset": [-6, 9],
          "originalSize": [135, 320],
          "rotated": 1,
          "capInsets": [0, 0, 0, 0]
        }
      ],
      [0],
      0,
      [0],
      [0],
      [0]
    ],
    [
      [
        {
          "name": "sd_vfx_a_add_44",
          "rect": [472, 1, 89, 218],
          "offset": [2, 13],
          "originalSize": [135, 320],
          "capInsets": [0, 0, 0, 0]
        }
      ],
      [0],
      0,
      [0],
      [0],
      [1]
    ],
    [
      [
        {
          "name": "sd_vfx_a_normal_28",
          "rect": [824, 822, 97, 158],
          "offset": [2, 34],
          "originalSize": [135, 320],
          "rotated": 1,
          "capInsets": [0, 0, 0, 0]
        }
      ],
      [0],
      0,
      [0],
      [0],
      [0]
    ],
    [
      [
        {
          "name": "sd_vfx_a_normal_30",
          "rect": [662, 553, 95, 170],
          "offset": [3, 27],
          "originalSize": [135, 320],
          "capInsets": [0, 0, 0, 0]
        }
      ],
      [0],
      0,
      [0],
      [0],
      [0]
    ],
    [
      [
        {
          "name": "sd_vfx_a_add_35",
          "rect": [563, 246, 85, 202],
          "offset": [0, 8],
          "originalSize": [135, 320],
          "capInsets": [0, 0, 0, 0]
        }
      ],
      [0],
      0,
      [0],
      [0],
      [1]
    ],
    [
      [
        {
          "name": "sd_vfx_a_add_30",
          "rect": [822, 711, 93, 168],
          "offset": [4, 28],
          "originalSize": [135, 320],
          "rotated": 1,
          "capInsets": [0, 0, 0, 0]
        }
      ],
      [0],
      0,
      [0],
      [0],
      [1]
    ],
    [
      [
        {
          "name": "sd_vfx_a_add_12",
          "rect": [519, 451, 87, 218],
          "offset": [-1, 2],
          "originalSize": [135, 320],
          "capInsets": [0, 0, 0, 0]
        }
      ],
      [0],
      0,
      [0],
      [0],
      [1]
    ],
    [
      [
        {
          "name": "sd_vfx_a_add_04",
          "rect": [118, 1, 87, 250],
          "offset": [1, -16],
          "originalSize": [135, 320],
          "capInsets": [0, 0, 0, 0]
        }
      ],
      [0],
      0,
      [0],
      [0],
      [1]
    ],
    [
      [
        {
          "name": "sd_vfx_a_normal_26",
          "rect": [759, 557, 97, 184],
          "offset": [1, 22],
          "originalSize": [135, 320],
          "rotated": 1,
          "capInsets": [0, 0, 0, 0]
        }
      ],
      [0],
      0,
      [0],
      [0],
      [0]
    ],
    [
      [
        {
          "name": "sd_vfx_a_add_43",
          "rect": [650, 343, 89, 192],
          "offset": [0, 4],
          "originalSize": [135, 320],
          "rotated": 1,
          "capInsets": [0, 0, 0, 0]
        }
      ],
      [0],
      0,
      [0],
      [0],
      [1]
    ],
    [
      [
        {
          "name": "sd_vfx_a_normal_35",
          "rect": [627, 274, 97, 200],
          "offset": [2, 7],
          "originalSize": [135, 320],
          "rotated": 1,
          "capInsets": [0, 0, 0, 0]
        }
      ],
      [0],
      0,
      [0],
      [0],
      [0]
    ],
    [
      [
        {
          "name": "sd_vfx_a_normal_45",
          "rect": [462, 737, 93, 206],
          "offset": [-1, -4],
          "originalSize": [135, 320],
          "capInsets": [0, 0, 0, 0]
        }
      ],
      [0],
      0,
      [0],
      [0],
      [0]
    ],
    [
      [
        {
          "name": "sd_vfx_a_add_00",
          "rect": [276, 493, 103, 236],
          "offset": [5, 7],
          "originalSize": [135, 320],
          "capInsets": [0, 0, 0, 0]
        }
      ],
      [0],
      0,
      [0],
      [0],
      [1]
    ],
    [
      [
        {
          "name": "sd_vfx_a_add_14",
          "rect": [96, 535, 93, 240],
          "offset": [-6, 12],
          "originalSize": [135, 320],
          "capInsets": [0, 0, 0, 0]
        }
      ],
      [0],
      0,
      [0],
      [0],
      [1]
    ],
    [
      [
        {
          "name": "sd_vfx_a_add_45",
          "rect": [377, 237, 87, 230],
          "offset": [3, 10],
          "originalSize": [135, 320],
          "capInsets": [0, 0, 0, 0]
        }
      ],
      [0],
      0,
      [0],
      [0],
      [1]
    ],
    [
      [
        {
          "name": "sd_vfx_a_normal_18",
          "rect": [1, 1, 97, 264],
          "offset": [1, -25],
          "originalSize": [135, 320],
          "capInsets": [0, 0, 0, 0]
        }
      ],
      [0],
      0,
      [0],
      [0],
      [0]
    ],
    [
      [
        {
          "name": "sd_vfx_a_add_07",
          "rect": [735, 622, 85, 184],
          "offset": [2, 1],
          "originalSize": [135, 320],
          "capInsets": [0, 0, 0, 0]
        }
      ],
      [0],
      0,
      [0],
      [0],
      [1]
    ],
    [
      [
        {
          "name": "sd_vfx_a_normal_16",
          "rect": [391, 1, 89, 250],
          "offset": [-2, -16],
          "originalSize": [135, 320],
          "rotated": 1,
          "capInsets": [0, 0, 0, 0]
        }
      ],
      [0],
      0,
      [0],
      [0],
      [0]
    ],
    [
      [
        {
          "name": "sd_vfx_a_normal_12",
          "rect": [371, 737, 89, 210],
          "offset": [-2, -4],
          "originalSize": [135, 320],
          "capInsets": [0, 0, 0, 0]
        }
      ],
      [0],
      0,
      [0],
      [0],
      [0]
    ],
    [
      [
        {
          "name": "sd_vfx_a_add_33",
          "rect": [282, 731, 107, 210],
          "offset": [-5, 27],
          "originalSize": [135, 320],
          "capInsets": [0, 0, 0, 0]
        }
      ],
      [0],
      0,
      [0],
      [0],
      [1]
    ],
    [
      [
        {
          "name": "sd_vfx_a_add_28",
          "rect": [858, 1, 115, 156],
          "offset": [0, 38],
          "originalSize": [135, 320],
          "capInsets": [0, 0, 0, 0]
        }
      ],
      [0],
      0,
      [0],
      [0],
      [1]
    ],
    [
      [
        {
          "name": "sd_vfx_a_normal_39",
          "rect": [179, 525, 83, 226],
          "offset": [-6, -11],
          "originalSize": [135, 320],
          "capInsets": [0, 0, 0, 0]
        }
      ],
      [0],
      0,
      [0],
      [0],
      [0]
    ],
    [
      [
        {
          "name": "sd_vfx_a_normal_14",
          "rect": [288, 257, 83, 232],
          "offset": [1, -9],
          "originalSize": [135, 320],
          "capInsets": [0, 0, 0, 0]
        }
      ],
      [0],
      0,
      [0],
      [0],
      [0]
    ],
    [
      [
        {
          "name": "sd_vfx_a_normal_15",
          "rect": [637, 98, 83, 240],
          "offset": [1, -13],
          "originalSize": [135, 320],
          "rotated": 1,
          "capInsets": [0, 0, 0, 0]
        }
      ],
      [0],
      0,
      [0],
      [0],
      [0]
    ],
    [
      [
        {
          "name": "sd_vfx_a_normal_03",
          "rect": [391, 185, 91, 234],
          "offset": [0, -21],
          "originalSize": [135, 320],
          "rotated": 1,
          "capInsets": [0, 0, 0, 0]
        }
      ],
      [0],
      0,
      [0],
      [0],
      [0]
    ],
    [
      [
        {
          "name": "sd_vfx_a_normal_17",
          "rect": [98, 267, 97, 256],
          "offset": [1, -21],
          "originalSize": [135, 320],
          "capInsets": [0, 0, 0, 0]
        }
      ],
      [0],
      0,
      [0],
      [0],
      [0]
    ],
    [
      [
        {
          "name": "sd_vfx_a_add_11",
          "rect": [391, 697, 81, 224],
          "offset": [-1, 16],
          "originalSize": [135, 320],
          "capInsets": [0, 0, 0, 0]
        }
      ],
      [0],
      0,
      [0],
      [0],
      [1]
    ],
    [
      [
        {
          "name": "sd_vfx_a_normal_38",
          "rect": [264, 511, 83, 220],
          "offset": [-6, -6],
          "originalSize": [135, 320],
          "capInsets": [0, 0, 0, 0]
        }
      ],
      [0],
      0,
      [0],
      [0],
      [0]
    ],
    [
      [
        {
          "name": "sd_vfx_a_add_19",
          "rect": [1, 561, 93, 272],
          "offset": [6, -24],
          "originalSize": [135, 320],
          "capInsets": [0, 0, 0, 0]
        }
      ],
      [0],
      0,
      [0],
      [0],
      [1]
    ],
    [
      [
        {
          "name": "sd_vfx_a_normal_44",
          "rect": [595, 373, 93, 200],
          "offset": [-1, 0],
          "originalSize": [135, 320],
          "rotated": 1,
          "capInsets": [0, 0, 0, 0]
        }
      ],
      [0],
      0,
      [0],
      [0],
      [0]
    ],
    [
      [
        {
          "name": "sd_vfx_a_add_20",
          "rect": [1, 1, 115, 280],
          "offset": [0, -20],
          "originalSize": [135, 320],
          "capInsets": [0, 0, 0, 0]
        }
      ],
      [0],
      0,
      [0],
      [0],
      [1]
    ],
    [
      [
        {
          "name": "sd_vfx_a_add_15",
          "rect": [292, 253, 83, 236],
          "offset": [0, 1],
          "originalSize": [135, 320],
          "capInsets": [0, 0, 0, 0]
        }
      ],
      [0],
      0,
      [0],
      [0],
      [1]
    ],
    [
      [
        {
          "name": "sd_vfx_a_add_18",
          "rect": [1, 283, 91, 276],
          "offset": [4, -14],
          "originalSize": [135, 320],
          "capInsets": [0, 0, 0, 0]
        }
      ],
      [0],
      0,
      [0],
      [0],
      [1]
    ],
    [
      [
        {
          "name": "sd_vfx_a_add_17",
          "rect": [207, 1, 87, 250],
          "offset": [2, -17],
          "originalSize": [135, 320],
          "capInsets": [0, 0, 0, 0]
        }
      ],
      [0],
      0,
      [0],
      [0],
      [1]
    ],
    [
      [
        {
          "name": "sd_vfx_a_add_22",
          "rect": [175, 777, 105, 164],
          "offset": [-3, 39],
          "originalSize": [135, 320],
          "capInsets": [0, 0, 0, 0]
        }
      ],
      [0],
      0,
      [0],
      [0],
      [1]
    ],
    [
      [
        {
          "name": "sd_vfx_a_add_25",
          "rect": [822, 806, 93, 166],
          "offset": [3, 21],
          "originalSize": [135, 320],
          "rotated": 1,
          "capInsets": [0, 0, 0, 0]
        }
      ],
      [0],
      0,
      [0],
      [0],
      [1]
    ],
    [
      [
        {
          "name": "sd_vfx_a_add_01",
          "rect": [474, 695, 87, 218],
          "offset": [2, -11],
          "originalSize": [135, 320],
          "capInsets": [0, 0, 0, 0]
        }
      ],
      [0],
      0,
      [0],
      [0],
      [1]
    ],
    [
      [
        [
          1,
          "sd_vfx_a_loop",
          1.9583333333333333,
          24,
          2,
          [
            {},
            "comps",
            11,
            [
              {},
              "cc.Sprite",
              11,
              [
                {},
                "spriteFrame",
                12,
                [
                  [
                    [{ "frame": 0.041666666666666664 }, "value", 6, 0],
                    [{ "frame": 0.08333333333333333 }, "value", 6, 1],
                    [{ "frame": 0.125 }, "value", 6, 2],
                    [{ "frame": 0.16666666666666666 }, "value", 6, 3],
                    [{ "frame": 0.20833333333333334 }, "value", 6, 4],
                    [{ "frame": 0.25 }, "value", 6, 5],
                    [{ "frame": 0.2916666666666667 }, "value", 6, 6],
                    [{ "frame": 0.3333333333333333 }, "value", 6, 7],
                    [{ "frame": 0.375 }, "value", 6, 8],
                    [{ "frame": 0.4166666666666667 }, "value", 6, 9],
                    [{ "frame": 0.4583333333333333 }, "value", 6, 10],
                    [{ "frame": 0.5 }, "value", 6, 11],
                    [{ "frame": 0.5416666666666666 }, "value", 6, 12],
                    [{ "frame": 0.5833333333333334 }, "value", 6, 13],
                    [{ "frame": 0.625 }, "value", 6, 14],
                    [{ "frame": 0.6666666666666666 }, "value", 6, 15],
                    [{ "frame": 0.7083333333333334 }, "value", 6, 16],
                    [{ "frame": 0.75 }, "value", 6, 17],
                    [{ "frame": 0.7916666666666666 }, "value", 6, 18],
                    [{ "frame": 0.8333333333333334 }, "value", 6, 19],
                    [{ "frame": 0.875 }, "value", 6, 20],
                    [{ "frame": 0.9166666666666666 }, "value", 6, 21],
                    [{ "frame": 0.9583333333333334 }, "value", 6, 22],
                    [{ "frame": 1 }, "value", 6, 23],
                    [{ "frame": 1.0416666666666667 }, "value", 6, 24],
                    [{ "frame": 1.0833333333333333 }, "value", 6, 25],
                    [{ "frame": 1.125 }, "value", 6, 26],
                    [{ "frame": 1.1666666666666667 }, "value", 6, 27],
                    [{ "frame": 1.2083333333333333 }, "value", 6, 28],
                    [{ "frame": 1.25 }, "value", 6, 29],
                    [{ "frame": 1.2916666666666667 }, "value", 6, 30],
                    [{ "frame": 1.3333333333333333 }, "value", 6, 31],
                    [{ "frame": 1.375 }, "value", 6, 32],
                    [{ "frame": 1.4166666666666667 }, "value", 6, 33],
                    [{ "frame": 1.4583333333333333 }, "value", 6, 34],
                    [{ "frame": 1.5 }, "value", 6, 35],
                    [{ "frame": 1.5416666666666667 }, "value", 6, 36],
                    [{ "frame": 1.5833333333333333 }, "value", 6, 37],
                    [{ "frame": 1.625 }, "value", 6, 38],
                    [{ "frame": 1.6666666666666667 }, "value", 6, 39],
                    [{ "frame": 1.7083333333333333 }, "value", 6, 40],
                    [{ "frame": 1.75 }, "value", 6, 41],
                    [{ "frame": 1.7916666666666667 }, "value", 6, 42],
                    [{ "frame": 1.8333333333333333 }, "value", 6, 43],
                    [{ "frame": 1.875 }, "value", 6, 44],
                    [{ "frame": 1.9166666666666667 }, "value", 6, 45]
                  ],
                  11,
                  11,
                  11,
                  11,
                  11,
                  11,
                  11,
                  11,
                  11,
                  11,
                  11,
                  11,
                  11,
                  11,
                  11,
                  11,
                  11,
                  11,
                  11,
                  11,
                  11,
                  11,
                  11,
                  11,
                  11,
                  11,
                  11,
                  11,
                  11,
                  11,
                  11,
                  11,
                  11,
                  11,
                  11,
                  11,
                  11,
                  11,
                  11,
                  11,
                  11,
                  11,
                  11,
                  11,
                  11,
                  11
                ]
              ]
            ]
          ]
        ]
      ],
      0,
      0,
      [
        0, 0, 0, 0, 0, 0, 0, 0, 0, 0, 0, 0, 0, 0, 0, 0, 0, 0, 0, 0, 0, 0, 0, 0,
        0, 0, 0, 0, 0, 0, 0, 0, 0, 0, 0, 0, 0, 0, 0, 0, 0, 0, 0, 0, 0, 0
      ],
      [
        1, 1, 1, 1, 1, 1, 1, 1, 1, 1, 1, 1, 1, 1, 1, 1, 1, 1, 1, 1, 1, 1, 1, 1,
        1, 1, 1, 1, 1, 1, 1, 1, 1, 1, 1, 1, 1, 1, 1, 1, 1, 1, 1, 1, 1, 1
      ],
      [
        56, 57, 58, 59, 60, 61, 62, 63, 64, 65, 66, 67, 68, 69, 70, 71, 72, 73,
        74, 75, 76, 77, 78, 79, 80, 81, 82, 83, 84, 85, 86, 87, 88, 89, 90, 91,
        92, 93, 94, 95, 96, 97, 98, 99, 100, 101
      ]
    ],
    [
      [
        {
          "name": "sd_vfx_a_normal_27",
          "rect": [1, 795, 97, 152],
          "offset": [2, 37],
          "originalSize": [135, 320],
          "capInsets": [0, 0, 0, 0]
        }
      ],
      [0],
      0,
      [0],
      [0],
      [0]
    ],
    [
      [
        {
          "name": "sd_vfx_a_normal_25",
          "rect": [883, 1, 97, 168],
          "offset": [1, 20],
          "originalSize": [135, 320],
          "capInsets": [0, 0, 0, 0]
        }
      ],
      [0],
      0,
      [0],
      [0],
      [0]
    ],
    [
      [
        {
          "name": "sd_vfx_a_add_16",
          "rect": [209, 253, 81, 238],
          "offset": [0, -12],
          "originalSize": [135, 320],
          "capInsets": [0, 0, 0, 0]
        }
      ],
      [0],
      0,
      [0],
      [0],
      [1]
    ],
    [
      [
        {
          "name": "sd_vfx_a_add_27",
          "rect": [846, 159, 111, 158],
          "offset": [-6, 42],
          "originalSize": [135, 320],
          "rotated": 1,
          "capInsets": [0, 0, 0, 0]
        }
      ],
      [0],
      0,
      [0],
      [0],
      [1]
    ],
    [
      [
        {
          "name": "sd_vfx_a_add_03",
          "rect": [296, 1, 85, 234],
          "offset": [2, -20],
          "originalSize": [135, 320],
          "capInsets": [0, 0, 0, 0]
        }
      ],
      [0],
      0,
      [0],
      [0],
      [1]
    ],
    [
      [
        {
          "name": "sd_vfx_a_add_21",
          "rect": [94, 283, 113, 250],
          "offset": [-7, 2],
          "originalSize": [135, 320],
          "capInsets": [0, 0, 0, 0]
        }
      ],
      [0],
      0,
      [0],
      [0],
      [1]
    ],
    [
      [
        {
          "name": "sd_vfx_a_normal_29",
          "rect": [921, 656, 95, 164],
          "offset": [3, 30],
          "originalSize": [135, 320],
          "capInsets": [0, 0, 0, 0]
        }
      ],
      [0],
      0,
      [0],
      [0],
      [0]
    ],
    [
      [
        {
          "name": "sd_vfx_a_add_42",
          "rect": [640, 450, 83, 200],
          "offset": [-2, 18],
          "originalSize": [135, 320],
          "rotated": 1,
          "capInsets": [0, 0, 0, 0]
        }
      ],
      [0],
      0,
      [0],
      [0],
      [1]
    ],
    [
      [
        {
          "name": "sd_vfx_a_normal_43",
          "rect": [829, 274, 91, 194],
          "offset": [0, 4],
          "originalSize": [135, 320],
          "rotated": 1,
          "capInsets": [0, 0, 0, 0]
        }
      ],
      [0],
      0,
      [0],
      [0],
      [0]
    ],
    [
      [
        {
          "name": "sd_vfx_a_add_08",
          "rect": [563, 1, 73, 200],
          "offset": [-1, 4],
          "originalSize": [135, 320],
          "capInsets": [0, 0, 0, 0]
        }
      ],
      [0],
      0,
      [0],
      [0],
      [1]
    ],
    [
      [
        {
          "name": "sd_vfx_a_normal_24",
          "rect": [824, 656, 95, 164],
          "offset": [2, 24],
          "originalSize": [135, 320],
          "capInsets": [0, 0, 0, 0]
        }
      ],
      [0],
      0,
      [0],
      [0],
      [0]
    ]
  ]
]
