[
  1,
  [
    "71VhFCTINJM6/Ky3oX9nBT",
    "b4P/PCArtIdIH38t6mlw8Y",
    "e8Ueib+qJEhL6mXAHdnwbi"
  ],
  ["_textureSetter"],
  ["cc.SpriteFrame"],
  0,
  [
    [
      [
        {
          "name": "default_btn_disabled",
          "rect": [0, 0, 40, 40],
          "offset": [0, 0],
          "originalSize": [40, 40],
          "capInsets": [12, 12, 12, 12]
        }
      ],
      [0],
      0,
      [0],
      [0],
      [0]
    ],
    [
      [
        {
          "name": "default_btn_pressed",
          "rect": [0, 0, 40, 40],
          "offset": [0, 0],
          "originalSize": [40, 40],
          "capInsets": [12, 12, 12, 12]
        }
      ],
      [0],
      0,
      [0],
      [0],
      [1]
    ],
    [
      [
        {
          "name": "default_btn_normal",
          "rect": [0, 0, 40, 40],
          "offset": [0, 0],
          "originalSize": [40, 40],
          "capInsets": [12, 12, 12, 12]
        }
      ],
      [0],
      0,
      [0],
      [0],
      [2]
    ]
  ]
]
