[
  1,
  [
    "ecpdLyjvZBwrvm+cedCcQy",
    "d3qCV25MJDeKwK8+klypCw",
    "8aLHTYQ51GqbM+5bsr1KAv",
    "abmSMCeWFBb5vvbN1powx+",
    "b5KSdrilZCuLDzqujPS+eH",
    "8df814mxlDgJ8ekOx1TRFJ"
  ],
  ["node", "_textureSetter", "_spriteFrame", "root", "data", "_defaultClip"],
  [
    "cc.SpriteFrame",
    [
      "cc.Node",
      [
        "_name",
        "_components",
        "_prefab",
        "_contentSize",
        "_anchorPoint",
        "_trs",
        "_children",
        "_parent"
      ],
      2,
      9,
      4,
      5,
      5,
      7,
      2,
      1
    ],
    [
      "cc.Sprite",
      [
        "_sizeMode",
        "_isTrimmedMode",
        "_srcBlendFactor",
        "_dstBlendFactor",
        "node",
        "_materials",
        "_spriteFrame"
      ],
      -1,
      1,
      3,
      6
    ],
    ["cc.PrefabInfo", ["fileId", "root", "asset"], 2, 1, 1],
    ["cc.Prefab", ["_name"], 2],
    [
      "cc.Animation",
      ["playOnLoad", "node", "_clips", "_defaultClip"],
      2,
      1,
      3,
      6
    ]
  ],
  [
    [4, 0, 2],
    [1, 0, 6, 1, 2, 3, 4, 5, 2],
    [1, 0, 7, 1, 2, 3, 4, 5, 2],
    [2, 0, 1, 4, 5, 6, 3],
    [2, 2, 3, 0, 1, 4, 5, 6, 5],
    [3, 1, 2, 1],
    [3, 0, 1, 2, 2],
    [5, 0, 1, 2, 3, 2]
  ],
  [
    [
      [
        {
          "name": "ui_02",
          "rect": [1, 1, 692, 254],
          "offset": [0, 0],
          "originalSize": [692, 254],
          "capInsets": [0, 0, 0, 0]
        }
      ],
      [0],
      0,
      [0],
      [1],
      [2]
    ],
    [
      [
        {
          "name": "ui_vfx_a_screen_08",
          "rect": [1, 1017, 540, 250],
          "offset": [0, 0],
          "originalSize": [540, 250],
          "capInsets": [0, 0, 0, 0]
        }
      ],
      [0],
      0,
      [0],
      [1],
      [3]
    ],
    [
      [
        [0, "main_ui_footer"],
        [
          1,
          "main_ui_footer",
          [-3],
          [[3, 2, false, -2, [4], 5]],
          [5, -1, 0],
          [5, 692, 254],
          [0, 0, 0],
          [-541, -614, 0, 0, 0, 0, 1, 1.43, 1.43, 1]
        ],
        [
          2,
          "ui_vfx_a_screen_08",
          1,
          [
            [4, 1, 769, 2, false, -4, [0], 1],
            [7, true, -5, [3], 2]
          ],
          [6, "e1pC9VKHJNEp3mgJaFB0JD", 1, 0],
          [5, 540, 250],
          [0, 0, 0],
          [0, -24, 0, 0, 0, 0, 1, 1.4, 1.4, 1]
        ]
      ],
      0,
      [0, 3, 1, 0, 0, 1, 0, -1, 2, 0, 0, 2, 0, 0, 2, 0, 4, 1, 5],
      [0, 0, 0, 0, 0, 0],
      [-1, 2, 5, -1, -1, 2],
      [0, 4, 1, 1, 0, 5]
    ]
  ]
]
