[
  1,
  [
    "88pbR79X1K16OAzVS//gBy",
    "430ItyFoZOv51+hb2LyD7w",
    "5aom8bbL9CMayAlJnkNvBT",
    "33cQrd1/xAk5go6I+QPJhp",
    "8aDFQD6vpFtrTbQhzIlKHt",
    "20W6cVgoJA04gNKjUlg600",
    "872fI1/khJuIl7vUVCERjR",
    "2foZZgwqpJ7ojttCw8Ooz8",
    "b2N2yL86RCsrQ25NqddKqO",
    "7du7Tdg5ZMhb00MAV11OFA",
    "ef5B2u5+9OobPp9J0yO1Vw",
    "darYI+iBlDNYPUcK2AzCTE",
    "33cIs7/9RB86icBk9PMWg/",
    "91wMOTW2xDSLkU9GAzo9gf",
    "32wa7vehtMSKwfDeSQifWK"
  ],
  [
    "_textureSetter",
    "big_0",
    "big_1",
    "big_2",
    "big_3",
    "big_4",
    "big_5",
    "big_6",
    "big_7",
    "big_8",
    "big_9",
    "big_comma",
    "big_decimal",
    "big_plus",
    "big_x"
  ],
  ["cc.SpriteFrame", ["cc.SpriteAtlas", ["_name", "_spriteFrames"], 2, 11]],
  [[1, 0, 1, 2]],
  [
    [
      [
        {
          "name": "big_4",
          "rect": [143, 146, 102, 140],
          "offset": [0, 0],
          "originalSize": [102, 140],
          "rotated": 1,
          "capInsets": [0, 0, 0, 0]
        }
      ],
      [0],
      0,
      [0],
      [0],
      [0]
    ],
    [
      [
        {
          "name": "big_6",
          "rect": [93, 1, 95, 143],
          "offset": [0, 0],
          "originalSize": [95, 143],
          "capInsets": [0, 0, 0, 0]
        }
      ],
      [0],
      0,
      [0],
      [0],
      [0]
    ],
    [
      [
        {
          "name": "big_x",
          "rect": [419, 142, 85, 93],
          "offset": [0, 0],
          "originalSize": [85, 93],
          "capInsets": [0, 0, 0, 0]
        }
      ],
      [0],
      0,
      [0],
      [0],
      [0]
    ],
    [
      [
        {
          "name": "big_decimal",
          "rect": [581, 202, 39, 40],
          "offset": [0, 0],
          "originalSize": [39, 40],
          "capInsets": [0, 0, 0, 0]
        }
      ],
      [0],
      0,
      [0],
      [0],
      [0]
    ],
    [
      [
        {
          "name": "big_2",
          "rect": [379, 1, 87, 139],
          "offset": [0, 0],
          "originalSize": [87, 139],
          "capInsets": [0, 0, 0, 0]
        }
      ],
      [0],
      0,
      [0],
      [0],
      [0]
    ],
    [
      [
        {
          "name": "big_0",
          "rect": [285, 143, 95, 132],
          "offset": [0, 0],
          "originalSize": [95, 132],
          "rotated": 1,
          "capInsets": [0, 0, 0, 0]
        }
      ],
      [0],
      0,
      [0],
      [0],
      [0]
    ],
    [
      [
        {
          "name": "big_1",
          "rect": [560, 1, 56, 137],
          "offset": [0, 0],
          "originalSize": [56, 137],
          "capInsets": [0, 0, 0, 0]
        }
      ],
      [0],
      0,
      [0],
      [0],
      [0]
    ],
    [
      [
        [
          0,
          "big_num.plist",
          [
            {},
            "big_0",
            6,
            0,
            "big_1",
            6,
            1,
            "big_2",
            6,
            2,
            "big_3",
            6,
            3,
            "big_4",
            6,
            4,
            "big_5",
            6,
            5,
            "big_6",
            6,
            6,
            "big_7",
            6,
            7,
            "big_8",
            6,
            8,
            "big_9",
            6,
            9,
            "big_comma",
            6,
            10,
            "big_decimal",
            6,
            11,
            "big_plus",
            6,
            12,
            "big_x",
            6,
            13
          ]
        ]
      ],
      0,
      0,
      [0, 0, 0, 0, 0, 0, 0, 0, 0, 0, 0, 0, 0, 0],
      [1, 2, 3, 4, 5, 6, 7, 8, 9, 10, 11, 12, 13, 14],
      [1, 2, 3, 4, 5, 6, 7, 8, 9, 10, 11, 12, 13, 14]
    ],
    [
      [
        {
          "name": "big_8",
          "rect": [1, 147, 104, 140],
          "offset": [0, 0],
          "originalSize": [104, 140],
          "rotated": 1,
          "capInsets": [0, 0, 0, 0]
        }
      ],
      [0],
      0,
      [0],
      [0],
      [0]
    ],
    [
      [
        {
          "name": "big_5",
          "rect": [1, 1, 90, 144],
          "offset": [0, 0],
          "originalSize": [90, 144],
          "capInsets": [0, 0, 0, 0]
        }
      ],
      [0],
      0,
      [0],
      [0],
      [0]
    ],
    [
      [
        {
          "name": "big_3",
          "rect": [190, 1, 91, 143],
          "offset": [0, 0],
          "originalSize": [91, 143],
          "capInsets": [0, 0, 0, 0]
        }
      ],
      [0],
      0,
      [0],
      [0],
      [0]
    ],
    [
      [
        {
          "name": "big_plus",
          "rect": [506, 141, 73, 85],
          "offset": [0, 0],
          "originalSize": [73, 85],
          "capInsets": [0, 0, 0, 0]
        }
      ],
      [0],
      0,
      [0],
      [0],
      [0]
    ],
    [
      [
        {
          "name": "big_7",
          "rect": [468, 1, 90, 138],
          "offset": [0, 0],
          "originalSize": [90, 138],
          "capInsets": [0, 0, 0, 0]
        }
      ],
      [0],
      0,
      [0],
      [0],
      [0]
    ],
    [
      [
        {
          "name": "big_comma",
          "rect": [581, 140, 47, 60],
          "offset": [0, 0],
          "originalSize": [47, 60],
          "capInsets": [0, 0, 0, 0]
        }
      ],
      [0],
      0,
      [0],
      [0],
      [0]
    ],
    [
      [
        {
          "name": "big_9",
          "rect": [283, 1, 94, 140],
          "offset": [0, 0],
          "originalSize": [94, 140],
          "capInsets": [0, 0, 0, 0]
        }
      ],
      [0],
      0,
      [0],
      [0],
      [0]
    ]
  ]
]
