[
  1,
  ["74YfLQJ59AvruGvIbUDn8H"],
  0,
  [
    [
      "sp.SkeletonData",
      ["_name", "_atlasText", "textureNames", "_skeletonJson", "textures"],
      -1,
      3
    ]
  ],
  [[0, 0, 1, 2, 3, 4, 5]],
  [
    [
      0,
      "h5_red_atlas_symbols",
      "\nsymbols.png\nsize: 512,737\nformat: RGBA8888\nfilter: Linear,Linear\nrepeat: none\nh_blue\n  rotate: 180\n  xy: 296, 156\n  size: 120, 107\n  orig: 122, 113\n  offset: 0, 1\n  index: -1\nh_blue_shadow\n  rotate: false\n  xy: 2, 356\n  size: 121, 111\n  orig: 123, 113\n  offset: 1, 1\n  index: -1\nh_brown\n  rotate: false\n  xy: 191, 20\n  size: 102, 86\n  orig: 102, 86\n  offset: 0, 0\n  index: -1\nh_brown_edge_glow\n  rotate: false\n  xy: 412, 640\n  size: 91, 95\n  orig: 95, 99\n  offset: 2, 2\n  index: -1\nh_brown_shadow\n  rotate: false\n  xy: 2, 156\n  size: 104, 87\n  orig: 106, 91\n  offset: 1, 2\n  index: -1\nh_gold_L\n  rotate: false\n  xy: 321, 10\n  size: 63, 62\n  orig: 64, 63\n  offset: 0, 0\n  index: -1\nh_gold_L2\n  rotate: false\n  xy: 243, 401\n  size: 48, 65\n  orig: 49, 66\n  offset: 0, 1\n  index: -1\nh_gold_R\n  rotate: false\n  xy: 264, 213\n  size: 38, 49\n  orig: 39, 50\n  offset: 0, 0\n  index: -1\nh_gold_edge_glow\n  rotate: false\n  xy: 300, 580\n  size: 110, 155\n  orig: 114, 159\n  offset: 2, 2\n  index: -1\nh_gold_front\n  rotate: 180\n  xy: 83, 88\n  size: 115, 110\n  orig: 115, 110\n  offset: 0, 0\n  index: -1\nh_gold_front_L\n  rotate: false\n  xy: 449, 13\n  size: 61, 57\n  orig: 61, 57\n  offset: 0, 0\n  index: -1\nh_gold_front_R\n  rotate: false\n  xy: 2, 15\n  size: 54, 51\n  orig: 54, 52\n  offset: 0, 0\n  index: -1\nh_gold_mid\n  rotate: false\n  xy: 430, 572\n  size: 63, 67\n  orig: 63, 68\n  offset: 0, 0\n  index: -1\nh_gold_mid_L\n  rotate: false\n  xy: 166, 206\n  size: 28, 39\n  orig: 29, 41\n  offset: 0, 2\n  index: -1\nh_gold_shadow\n  rotate: false\n  xy: 2, 581\n  size: 158, 154\n  orig: 160, 156\n  offset: 1, 1\n  index: -1\nh_gold_sparkle_1\n  rotate: false\n  xy: 261, 368\n  size: 27, 32\n  orig: 31, 34\n  offset: 2, 1\n  index: -1\nh_gold_sparkle_2\n  rotate: false\n  xy: 476, 355\n  size: 26, 27\n  orig: 28, 31\n  offset: 1, 2\n  index: -1\nh_gold_sparkle_3\n  rotate: false\n  xy: 135, 481\n  size: 18, 18\n  orig: 20, 21\n  offset: 1, 1\n  index: -1\nh_gold_sparkle_4\n  rotate: false\n  xy: 135, 529\n  size: 18, 19\n  orig: 20, 21\n  offset: 1, 1\n  index: -1\nh_green\n  rotate: true\n  xy: 2, 45\n  size: 107, 104\n  orig: 109, 113\n  offset: 2, 1\n  index: -1\nh_green_shadow\n  rotate: false\n  xy: 122, 245\n  size: 109, 106\n  orig: 112, 110\n  offset: 2, 2\n  index: -1\nh_purple\n  rotate: 180\n  xy: 370, 245\n  size: 123, 134\n  orig: 125, 134\n  offset: 2, 0\n  index: -1\nh_purple_edge_glow\n  rotate: true\n  xy: 2, 469\n  size: 110, 131\n  orig: 114, 133\n  offset: 2, 1\n  index: -1\nh_purple_shadow\n  rotate: true\n  xy: 162, 467\n  size: 125, 135\n  orig: 127, 137\n  offset: 1, 1\n  index: -1\nh_red_L\n  rotate: false\n  xy: 473, 483\n  size: 28, 38\n  orig: 29, 39\n  offset: 0, 1\n  index: -1\nh_red_R\n  rotate: false\n  xy: 182, 112\n  size: 30, 40\n  orig: 30, 41\n  offset: 0, 0\n  index: -1\nh_red_back\n  rotate: false\n  xy: 422, 379\n  size: 81, 105\n  orig: 82, 106\n  offset: 1, 1\n  index: -1\nh_red_back_L\n  rotate: false\n  xy: 2, 127\n  size: 26, 28\n  orig: 26, 31\n  offset: 0, 1\n  index: -1\nh_red_back_L2\n  rotate: false\n  xy: 453, 512\n  size: 49, 60\n  orig: 49, 61\n  offset: 0, 1\n  index: -1\nh_red_back_R\n  rotate: true\n  xy: 108, 207\n  size: 37, 57\n  orig: 38, 58\n  offset: 0, 0\n  index: -1\nh_red_back_R2\n  rotate: false\n  xy: 490, 618\n  size: 19, 20\n  orig: 19, 21\n  offset: 0, 1\n  index: -1\nh_red_edge_glow\n  rotate: true\n  xy: 299, 484\n  size: 94, 152\n  orig: 98, 154\n  offset: 2, 1\n  index: -1\nh_red_front\n  rotate: false\n  xy: 74, 4\n  size: 129, 69\n  orig: 129, 70\n  offset: 0, 0\n  index: -1\nh_red_front_L\n  rotate: false\n  xy: 135, 501\n  size: 19, 27\n  orig: 19, 28\n  offset: 0, 1\n  index: -1\nh_red_front_R\n  rotate: false\n  xy: 453, 488\n  size: 22, 23\n  orig: 22, 23\n  offset: 0, 0\n  index: -1\nh_red_front_mid\n  rotate: false\n  xy: 135, 550\n  size: 18, 30\n  orig: 19, 31\n  offset: 1, 0\n  index: -1\nh_red_mid_L\n  rotate: false\n  xy: 243, 381\n  size: 13, 21\n  orig: 15, 22\n  offset: 1, 1\n  index: -1\nh_red_mid_R\n  rotate: false\n  xy: 412, 600\n  size: 23, 28\n  orig: 24, 28\n  offset: 0, 0\n  index: -1\nh_red_mid_R2\n  rotate: false\n  xy: 484, 328\n  size: 25, 26\n  orig: 28, 27\n  offset: 1, 1\n  index: -1\nh_red_shadow\n  rotate: false\n  xy: 162, 594\n  size: 136, 141\n  orig: 140, 143\n  offset: 2, 1\n  index: -1\nl_club\n  rotate: 270\n  xy: 258, 60\n  size: 105, 113\n  orig: 105, 113\n  offset: 0, 0\n  index: -1\nl_club_shadow\n  rotate: true\n  xy: 299, 368\n  size: 114, 121\n  orig: 116, 125\n  offset: 1, 2\n  index: -1\nl_diamond\n  rotate: true\n  xy: 368, 40\n  size: 97, 117\n  orig: 97, 117\n  offset: 0, 0\n  index: -1\nl_diamond_shadow\n  rotate: true\n  xy: 243, 263\n  size: 103, 125\n  orig: 107, 127\n  offset: 2, 1\n  index: -1\nl_heart\n  rotate: 270\n  xy: 409, 118\n  size: 111, 100\n  orig: 111, 100\n  offset: 0, 0\n  index: -1\nl_heart_shadow\n  rotate: false\n  xy: 2, 245\n  size: 118, 109\n  orig: 122, 111\n  offset: 2, 1\n  index: -1\nl_spade\n  rotate: true\n  xy: 177, 129\n  size: 115, 122\n  orig: 115, 122\n  offset: 0, 0\n  index: -1\nl_spade_shadow\n  rotate: true\n  xy: 125, 353\n  size: 112, 116\n  orig: 114, 120\n  offset: 1, 2\n  index: -1\n",
      ["symbols.png"],
      {
        "skeleton": {
          "hash": "AXnT8m1jtHQUHF0JLPZKsTJdeAk",
          "spine": "3.8.99",
          "x": -86.35,
          "y": -83.87,
          "width": 167.58,
          "height": 170.77
        },
        "bones": [
          { "name": "root", "scaleX": 0.5, "scaleY": 0.5 },
          {
            "name": "_subroot",
            "parent": "root",
            "scaleX": 1.1,
            "scaleY": 1.1
          },
          { "name": "symbol", "parent": "_subroot" },
          { "name": "gem", "parent": "symbol" },
          { "name": "ctrl", "parent": "_subroot" },
          { "name": "opp", "parent": "_subroot" }
        ],
        "slots": [
          {
            "name": "h_red_shadow",
            "bone": "symbol",
            "attachment": "h_red_shadow"
          },
          {
            "name": "h_red_edge_glow",
            "bone": "gem",
            "attachment": "h_red_edge_glow",
            "blend": "additive"
          },
          {
            "name": "h_red_back_L",
            "bone": "gem",
            "attachment": "h_red_back_L"
          },
          {
            "name": "h_red_back_R2",
            "bone": "gem",
            "attachment": "h_red_back_R2"
          },
          { "name": "h_red_back", "bone": "gem", "attachment": "h_red_back" },
          {
            "name": "h_red_back_R",
            "bone": "gem",
            "attachment": "h_red_back_R"
          },
          {
            "name": "h_red_back_L2",
            "bone": "gem",
            "attachment": "h_red_back_L2"
          },
          { "name": "h_red_R", "bone": "gem", "attachment": "h_red_R" },
          { "name": "h_red_L", "bone": "gem", "attachment": "h_red_L" },
          { "name": "h_red_mid_R", "bone": "gem", "attachment": "h_red_mid_R" },
          { "name": "h_red_mid_L", "bone": "gem", "attachment": "h_red_mid_L" },
          {
            "name": "h_red_mid_R2",
            "bone": "gem",
            "attachment": "h_red_mid_R2"
          },
          { "name": "h_red_front", "bone": "gem", "attachment": "h_red_front" },
          {
            "name": "h_red_front_R",
            "bone": "gem",
            "attachment": "h_red_front_R"
          },
          {
            "name": "h_red_front_mid",
            "bone": "gem",
            "attachment": "h_red_front_mid"
          },
          {
            "name": "h_red_front_L",
            "bone": "gem",
            "attachment": "h_red_front_L"
          }
        ],
        "transform": [
          {
            "name": "ctrl",
            "target": "ctrl",
            "rotateMix": 0,
            "translateMix": -1,
            "scaleMix": 0,
            "shearMix": 0,
            "bones": ["opp"]
          }
        ],
        "skins": [
          {
            "name": "default",
            "attachments": {
              "h_red_L": {
                "h_red_L": {
                  "type": "mesh",
                  "hull": 10,
                  "uvs": [
                    0.9489, 0.95762, 0.64308, 0.95469, 0.25471, 0.86262,
                    0.07469, 0.791, 0.03146, 0.67838, 0.07076, 0.47369, 0.23113,
                    0.23238, 0.58805, 0.01315, 0.93907, 0.25292, 0.943, 0.63015,
                    0.53574, 0.70323, 0.31037, 0.68928, 0.60798, 0.25903,
                    0.24089, 0.37726, 0.80032, 0.53354, 0.59671, 0.65631
                  ],
                  "triangles": [
                    1, 9, 0, 1, 2, 10, 2, 11, 10, 10, 15, 1, 9, 15, 14, 9, 1,
                    15, 2, 3, 11, 3, 4, 11, 10, 11, 15, 4, 5, 11, 5, 13, 11, 11,
                    13, 15, 15, 12, 14, 15, 13, 12, 14, 8, 9, 14, 12, 8, 5, 6,
                    13, 13, 6, 12, 6, 7, 12, 12, 7, 8
                  ],
                  "vertices": [
                    1, 3, -25.96, -40.69, 1, 1, 3, -43.7, -40.47, 1, 1, 3,
                    -66.23, -33.28, 1, 1, 3, -76.67, -27.7, 1, 1, 3, -79.18,
                    -18.91, 1, 2, 3, -76.9, -2.95, 0.95, 4, -76.9, -2.95, 0.05,
                    2, 3, -67.59, 15.87, 0.9, 4, -67.59, 15.87, 0.1, 2, 3,
                    -46.89, 32.97, 0.9, 4, -46.89, 32.97, 0.1, 2, 3, -26.53,
                    14.27, 0.9, 4, -26.53, 14.27, 0.1, 2, 3, -26.31, -15.15,
                    0.95, 4, -26.31, -15.15, 0.05, 2, 3, -49.93, -20.85, 0.9, 4,
                    -49.93, -20.85, 0.1, 2, 3, -63, -19.76, 0.9, 4, -63, -19.76,
                    0.1, 2, 3, -45.74, 13.8, 0.9, 4, -45.74, 13.8, 0.1, 2, 3,
                    -67.03, 4.57, 0.9, 4, -67.03, 4.57, 0.1, 2, 3, -34.58,
                    -7.62, 0.9, 4, -34.58, -7.62, 0.1, 2, 3, -46.39, -17.19,
                    0.9, 4, -46.39, -17.19, 0.1
                  ]
                }
              },
              "h_red_R": {
                "h_red_R": {
                  "type": "mesh",
                  "hull": 8,
                  "uvs": [
                    0.3938, 1, 0.3286, 0.86536, 0.184, 0.67251, 0.0162, 0.54267,
                    0.2742, 0.30585, 0.4428, 0.09467, 0.698, 0.02933, 0.9694,
                    0.50933, 0.6116, 0.65333, 0.4352, 0.46933
                  ],
                  "triangles": [
                    0, 8, 7, 0, 1, 8, 1, 2, 8, 2, 9, 8, 2, 3, 9, 8, 9, 7, 6, 9,
                    5, 9, 6, 7, 3, 4, 9, 9, 4, 5
                  ],
                  "vertices": [
                    1, 3, 66.63, -96, 1, 1, 3, 62.72, -85.09, 1, 1, 3, 54.04,
                    -69.47, 1, 1, 3, 43.97, -58.96, 1, 2, 3, 59.45, -39.77,
                    0.95, 4, 59.45, -39.77, 0.05, 2, 3, 69.57, -22.67, 0.9, 4,
                    69.57, -22.67, 0.1, 2, 3, 84.88, -17.38, 0.9, 4, 84.88,
                    -17.38, 0.1, 2, 3, 101.16, -56.26, 0.9, 4, 101.16, -56.26,
                    0.1, 2, 3, 79.7, -67.92, 0.9, 4, 79.7, -67.92, 0.1, 2, 3,
                    69.11, -53.02, 0.9, 4, 69.11, -53.02, 0.1
                  ]
                }
              },
              "h_red_back": {
                "h_red_back": {
                  "type": "mesh",
                  "hull": 18,
                  "uvs": [
                    0.99166, 0.96451, 0.70142, 0.97849, 0.38477, 0.99032,
                    0.21271, 0.86449, 0.12983, 0.86629, 0.01251, 0.86883,
                    0.01251, 0.67518, 0.01251, 0.48708, 0.08759, 0.29998,
                    0.13624, 0.29357, 0.16822, 0.19143, 0.45985, 0.03226,
                    0.53752, 0.00782, 0.8721, 0.16025, 0.99027, 0.32475, 0.9708,
                    0.48926, 0.9847, 0.5344, 0.98801, 0.79704, 0.73479, 0.29238,
                    0.82131, 0.22462, 0.48176, 0.06119, 0.46263, 0.36555,
                    0.57213, 0.26987, 0.20126, 0.24836, 0.62079, 0.18925,
                    0.34585, 0.23119, 0.30076, 0.46439, 0.45508, 0.49665,
                    0.72479, 0.51924, 0.12976, 0.46116, 0.71088, 0.78165,
                    0.4231, 0.75476, 0.2535, 0.69346, 0.12837, 0.67733, 0.17533,
                    0.33056, 0.32048, 0.34765
                  ],
                  "triangles": [
                    2, 31, 1, 2, 3, 31, 0, 30, 17, 0, 1, 30, 1, 31, 30, 5, 33,
                    4, 5, 6, 33, 4, 33, 3, 3, 32, 31, 3, 33, 32, 30, 16, 17, 30,
                    28, 16, 28, 15, 16, 30, 31, 28, 31, 27, 28, 31, 32, 27, 32,
                    26, 27, 32, 33, 26, 33, 29, 26, 29, 33, 7, 33, 6, 7, 27, 21,
                    28, 28, 21, 18, 28, 18, 15, 18, 21, 22, 27, 26, 21, 15, 18,
                    14, 14, 18, 19, 7, 8, 29, 29, 34, 26, 26, 35, 21, 26, 34,
                    35, 34, 8, 9, 34, 29, 8, 22, 21, 25, 34, 23, 35, 21, 35, 25,
                    35, 23, 25, 34, 9, 23, 19, 13, 14, 9, 10, 23, 22, 24, 18,
                    18, 24, 19, 22, 25, 24, 23, 10, 25, 25, 20, 24, 20, 25, 11,
                    19, 24, 13, 25, 10, 11, 20, 12, 24, 24, 12, 13, 20, 11, 12
                  ],
                  "vertices": [
                    1, 3, 86.63, -68.48, 1, 1, 3, 39.03, -71.44, 1, 1, 3, -12.9,
                    -73.95, 1, 1, 3, -41.12, -47.27, 1, 1, 3, -54.71, -47.65, 1,
                    1, 3, -73.95, -48.19, 1, 1, 3, -73.95, -7.14, 1, 1, 3,
                    -73.95, 32.74, 1, 1, 3, -61.64, 72.4, 1, 1, 3, -53.66,
                    73.76, 1, 1, 3, -48.41, 95.42, 1, 1, 3, -0.59, 129.16, 1, 1,
                    3, 12.17, 134.46, 1, 1, 3, 67.02, 102.03, 1, 1, 3, 86.4,
                    67.15, 1, 1, 3, 83.21, 32.28, 1, 1, 3, 85.49, 22.71, 1, 1,
                    3, 86.03, -32.94, 1, 2, 3, 44.51, 74.02, 0.85, 4, 45.59, 88,
                    0.15, 2, 3, 58.69, 88.38, 0.92, 4, 59.98, 102.15, 0.08, 2,
                    3, 3.01, 123.03, 0.85, 4, 4.81, 137.61, 0.15, 2, 3, -0.13,
                    58.5, 0.85, 4, 0.73, 73.14, 0.15, 2, 3, 17.83, 78.79, 0.85,
                    4, 18.98, 93.16, 0.15, 2, 3, -42.99, 83.35, 0.9, 4, -41.77,
                    98.61, 0.1, 2, 3, 25.81, 95.88, 0.85, 4, 27.21, 110.13,
                    0.15, 2, 3, -19.28, 86.99, 0.85, 4, -18, 101.9, 0.15, 2, 3,
                    -26.67, 37.55, 0.9, 4, -26.12, 52.58, 0.1, 2, 3, -1.37,
                    30.71, 0.9, 4, -0.92, 45.37, 0.1, 2, 3, 42.87, 25.92, 0.9,
                    4, 43.24, 39.93, 0.1, 2, 3, -54.72, 38.23, 0.9, 4, -54.15,
                    53.67, 0.1, 2, 3, 40.59, -29.71, 0.95, 4, 40.15, -15.66,
                    0.05, 2, 3, -6.61, -24.01, 0.95, 4, -6.96, -9.27, 0.05, 2,
                    3, -34.43, -11.01, 0.95, 4, -34.58, 4.13, 0.05, 2, 3,
                    -54.95, -7.59, 0.95, 4, -55.05, 7.85, 0.05, 2, 3, -47.23,
                    66.31, 0.9, 4, -47.23, 66.31, 0.1, 2, 3, -23.37, 63.6, 0.9,
                    4, -23.37, 63.6, 0.1
                  ]
                }
              },
              "h_red_back_L": {
                "h_red_back_L": {
                  "type": "mesh",
                  "hull": 9,
                  "uvs": [
                    0.96815, 0.90206, 0.65923, 0.94213, 0.36358, 0.91097,
                    0.03185, 0.62883, 0.02388, 0.47356, 0.16719, 0.06677,
                    0.48938, 0.06677, 0.64704, 0.34446, 0.80627, 0.6088, 0.5,
                    0.66667, 0.32485, 0.47133
                  ],
                  "triangles": [
                    2, 9, 1, 1, 8, 0, 1, 9, 8, 2, 3, 9, 9, 3, 10, 9, 7, 8, 9,
                    10, 7, 3, 4, 10, 4, 5, 10, 10, 6, 7, 10, 5, 6
                  ],
                  "vertices": [
                    1, 3, -82.66, -45.93, 1, 1, 3, -98.72, -48.41, 1, 1, 3,
                    -114.09, -46.48, 1, 1, 3, -131.34, -28.99, 1, 1, 3, -131.76,
                    -19.36, 1, 1, 3, -124.31, 5.86, 1, 1, 3, -107.55, 5.86, 1,
                    1, 3, -99.35, -11.36, 1, 1, 3, -91.07, -27.75, 1, 2, 3,
                    -107, -31.33, 0.85, 4, -107, -31.33, 0.15, 2, 3, -116.11,
                    -19.22, 0.85, 4, -116.11, -19.22, 0.15
                  ]
                }
              },
              "h_red_back_L2": {
                "h_red_back_L2": {
                  "type": "mesh",
                  "hull": 14,
                  "uvs": [
                    0.99102, 0.97403, 0.81656, 0.97548, 0.64332, 0.97692,
                    0.44648, 0.98125, 0.30351, 0.75144, 0.16522, 0.53462,
                    0.01796, 0.25144, 0.05029, 0.09377, 0.07113, 0.01875,
                    0.27516, 0.01462, 0.35799, 0.04712, 0.49894, 0.10243,
                    0.66057, 0.36541, 0.80065, 0.63705, 0.63973, 0.69807,
                    0.49317, 0.72692, 0.44936, 0.43941, 0.30639, 0.4798, 0.2554,
                    0.15334, 0.1735, 0.23413
                  ],
                  "triangles": [
                    3, 15, 2, 3, 4, 15, 15, 14, 2, 2, 14, 1, 0, 1, 13, 1, 14,
                    13, 4, 17, 15, 4, 5, 17, 17, 16, 15, 15, 16, 14, 13, 14, 12,
                    14, 16, 12, 5, 19, 17, 5, 6, 19, 17, 19, 16, 19, 18, 16, 16,
                    18, 11, 16, 11, 12, 11, 18, 10, 6, 7, 19, 19, 7, 18, 7, 8,
                    18, 18, 9, 10, 18, 8, 9
                  ],
                  "vertices": [
                    1, 3, -32.88, -45.83, 1, 1, 3, -49.98, -46.01, 1, 1, 3,
                    -66.95, -46.18, 1, 1, 3, -86.25, -46.71, 1, 1, 3, -100.26,
                    -18.68, 1, 1, 3, -113.81, 7.78, 1, 1, 3, -128.24, 42.32, 1,
                    1, 3, -125.07, 61.56, 1, 1, 3, -123.03, 70.71, 1, 1, 3,
                    -103.03, 71.22, 1, 1, 3, -94.92, 67.25, 1, 1, 3, -81.1,
                    60.5, 1, 1, 3, -65.26, 28.42, 1, 1, 3, -51.54, -4.72, 1, 2,
                    3, -67.31, -12.16, 0.95, 4, -67.31, -12.16, 0.05, 2, 3,
                    -81.67, -15.68, 0.95, 4, -81.67, -15.68, 0.05, 2, 3, -85.96,
                    19.39, 0.9, 4, -85.96, 19.39, 0.1, 2, 3, -99.97, 14.46, 0.9,
                    4, -99.97, 14.46, 0.1, 2, 3, -104.97, 54.29, 0.85, 4,
                    -104.97, 54.29, 0.15, 2, 3, -113, 44.44, 0.85, 4, -113,
                    44.44, 0.15
                  ]
                }
              },
              "h_red_back_R": {
                "h_red_back_R": {
                  "type": "mesh",
                  "hull": 15,
                  "uvs": [
                    0.88592, 0.84905, 0.73429, 1, 0.54187, 0.8446, 0.40416,
                    0.84585, 0.27513, 0.8425, 0.11184, 0.50328, 0.02908,
                    0.41759, 0.02461, 0.27767, 0.26171, 0.04836, 0.73934,
                    0.02198, 0.90382, 0.15828, 0.88816, 0.22052, 0.97316,
                    0.27397, 0.93758, 0.72453, 0.83447, 0.78388, 0.20026,
                    0.4219, 0.34566, 0.35086, 0.65882, 0.14793, 0.42842,
                    0.23371, 0.17111, 0.35035, 0.35006, 0.1657, 0.6744, 0.08949,
                    0.72027, 0.31056
                  ],
                  "triangles": [
                    0, 2, 14, 0, 1, 2, 15, 2, 3, 16, 14, 2, 16, 2, 15, 16, 22,
                    14, 16, 18, 22, 3, 4, 5, 3, 5, 15, 14, 22, 13, 13, 22, 12,
                    12, 22, 11, 5, 6, 15, 6, 19, 15, 15, 19, 16, 6, 7, 19, 18,
                    16, 20, 16, 19, 20, 19, 7, 20, 18, 17, 22, 22, 17, 11, 7, 8,
                    20, 18, 20, 17, 11, 17, 10, 17, 20, 21, 17, 21, 10, 21, 9,
                    10, 21, 20, 8, 21, 8, 9
                  ],
                  "vertices": [
                    1, 3, 129.33, -68.49, 1, 1, 3, 117.81, -86, 1, 1, 3, 103.18,
                    -67.97, 1, 1, 3, 92.72, -68.12, 1, 1, 3, 82.91, -67.73, 1,
                    1, 3, 70.5, -28.38, 1, 1, 3, 64.21, -18.44, 1, 1, 3, 63.87,
                    -2.21, 1, 1, 3, 81.89, 24.39, 1, 1, 3, 118.19, 27.45, 1, 1,
                    3, 130.69, 11.64, 1, 1, 3, 129.5, 4.42, 1, 1, 3, 135.96,
                    -1.78, 1, 1, 3, 133.26, -54.05, 1, 1, 3, 125.42, -60.93, 1,
                    2, 3, 77.22, -18.94, 0.9, 4, 77.22, -18.94, 0.1, 2, 3,
                    88.27, -10.7, 0.9, 4, 88.27, -10.7, 0.1, 2, 3, 112.07,
                    12.84, 0.9, 4, 112.07, 12.84, 0.1, 2, 3, 94.56, 2.89, 0.9,
                    4, 94.56, 2.89, 0.1, 2, 3, 75, -10.64, 0.9, 4, 75, -10.64,
                    0.1, 2, 3, 88.6, 10.78, 0.9, 4, 88.6, 10.78, 0.1, 2, 3,
                    113.25, 19.62, 0.9, 4, 113.25, 19.62, 0.1, 2, 3, 116.74,
                    -6.02, 0.9, 4, 116.74, -6.02, 0.1
                  ]
                }
              },
              "h_red_back_R2": {
                "h_red_back_R2": {
                  "type": "mesh",
                  "hull": 7,
                  "uvs": [
                    0.69131, 0.16052, 0.96979, 0.79305, 0.6365, 0.86304,
                    0.46265, 0.89956, 0.26326, 0.94143, 0.01726, 0.39828,
                    0.36127, 0.00001, 0.29126, 0.29445, 0.45, 0.33407, 0.28852,
                    0.35388
                  ],
                  "triangles": [
                    4, 9, 3, 4, 5, 9, 9, 8, 3, 3, 8, 2, 2, 8, 1, 8, 0, 1, 9, 5,
                    7, 9, 7, 8, 6, 7, 5, 0, 8, 6, 8, 7, 6
                  ],
                  "vertices": [
                    1, 3, 102.27, 39.26, 1, 1, 3, 112.85, 12.69, 1, 1, 3,
                    100.19, 9.75, 1, 1, 3, 93.58, 8.22, 1, 1, 3, 86, 6.46, 1, 1,
                    3, 76.66, 29.27, 1, 1, 3, 89.73, 46, 1, 2, 3, 87.07, 33.63,
                    0.9, 4, 87.07, 33.63, 0.1, 2, 3, 93.1, 31.97, 0.9, 4, 93.1,
                    31.97, 0.1, 2, 3, 86.96, 31.14, 0.9, 4, 86.96, 31.14, 0.1
                  ]
                }
              },
              "h_red_edge_glow": {
                "h_red_edge_glow": {
                  "x": -59.5,
                  "y": 4,
                  "width": 195,
                  "height": 308
                }
              },
              "h_red_front": {
                "h_red_front": {
                  "type": "mesh",
                  "hull": 32,
                  "uvs": [
                    1, 0.54276, 0.91341, 0.67712, 0.85478, 0.83312, 0.74402,
                    0.89347, 0.65665, 0.94109, 0.54854, 1, 0.45323, 0.92739,
                    0.34675, 0.92149, 0.22878, 0.9193, 0.13692, 0.71399,
                    0.03467, 0.46566, 0.00001, 0.329, 0.11942, 0.16547, 0.23613,
                    0.17254, 0.33489, 0.24085, 0.33873, 0.08638, 0.37632,
                    0.07494, 0.42384, 0.0452, 0.45392, 0.08447, 0.47163,
                    0.22615, 0.44829, 0.44542, 0.51868, 0.46799, 0.57919,
                    0.0533, 0.64312, 0.01814, 0.69345, 0.02319, 0.7182, 0.11141,
                    0.66072, 0.35, 0.73525, 0.45881, 0.78144, 0.62744, 0.84394,
                    0.48893, 0.88648, 0.39202, 0.94895, 0.38429, 0.60739,
                    0.1416, 0.53118, 0.79188, 0.28472, 0.50416, 0.65893,
                    0.15495, 0.37751, 0.18995, 0.40954, 0.19135, 0.35387,
                    0.16335, 0.43623, 0.16195, 0.24489, 0.5642, 0.18677,
                    0.50046, 0.21319, 0.45611, 0.26678, 0.46166, 0.18459,
                    0.62802, 0.25083, 0.72402, 0.30444, 0.62482, 0.34731,
                    0.46068, 0.37708, 0.48318, 0.41443, 0.48532, 0.37766,
                    0.25925, 0.41151, 0.26889, 0.52506, 0.6275, 0.44238,
                    0.75936, 0.43452, 0.62457, 0.62693, 0.35544, 0.56992,
                    0.37968, 0.70497, 0.70504, 0.61762, 0.74578, 0.5895,
                    0.60832, 0.67347, 0.55127, 0.35378, 0.74584, 0.36428,
                    0.62755, 0.65268, 0.09499, 0.4019, 0.13592
                  ],
                  "triangles": [
                    6, 33, 5, 4, 33, 58, 4, 5, 33, 4, 57, 3, 4, 58, 57, 7, 53,
                    6, 7, 61, 53, 53, 61, 54, 61, 62, 54, 6, 53, 33, 62, 49, 54,
                    62, 48, 49, 8, 45, 7, 7, 45, 61, 8, 9, 45, 45, 9, 44, 3, 28,
                    2, 3, 57, 28, 2, 28, 1, 53, 52, 33, 58, 52, 59, 58, 33, 52,
                    53, 54, 52, 45, 46, 61, 61, 46, 62, 58, 60, 57, 58, 59, 60,
                    44, 40, 45, 45, 40, 46, 9, 10, 44, 57, 60, 28, 28, 29, 1, 1,
                    29, 0, 0, 30, 31, 30, 0, 29, 44, 41, 40, 44, 10, 41, 46, 47,
                    62, 62, 47, 48, 59, 52, 21, 60, 27, 28, 40, 34, 46, 46, 34,
                    47, 52, 54, 21, 54, 20, 21, 54, 49, 20, 60, 56, 55, 55, 26,
                    60, 21, 56, 59, 60, 59, 56, 41, 42, 40, 40, 43, 34, 40, 42,
                    43, 60, 26, 27, 34, 43, 47, 42, 41, 12, 20, 49, 51, 51, 49,
                    48, 22, 32, 56, 12, 41, 10, 47, 43, 14, 51, 48, 50, 48, 47,
                    50, 14, 43, 13, 47, 14, 50, 10, 11, 12, 43, 42, 13, 42, 12,
                    13, 20, 51, 19, 55, 56, 32, 21, 22, 56, 55, 35, 26, 55, 32,
                    35, 26, 35, 25, 50, 37, 51, 19, 37, 39, 19, 51, 37, 14, 36,
                    50, 50, 36, 37, 14, 38, 36, 38, 14, 15, 39, 18, 19, 36, 64,
                    37, 37, 64, 39, 36, 38, 64, 38, 16, 64, 38, 15, 16, 39, 64,
                    18, 32, 63, 35, 35, 63, 25, 32, 22, 63, 64, 17, 18, 64, 16,
                    17, 63, 24, 25, 22, 23, 63, 63, 23, 24
                  ],
                  "vertices": [
                    1, 3, 125, -76.99, 1, 1, 3, 102.75, -95.8, 1, 1, 3, 87.68,
                    -117.64, 1, 1, 3, 59.21, -126.09, 1, 1, 3, 36.76, -132.75,
                    1, 1, 3, 8.97, -141, 1, 1, 3, -15.52, -130.83, 1, 1, 3,
                    -42.89, -130.01, 1, 1, 3, -73.2, -129.7, 1, 1, 3, -96.81,
                    -100.96, 1, 1, 3, -123.09, -66.19, 1, 1, 3, -132, -47.06, 1,
                    1, 3, -101.31, -24.17, 1, 1, 3, -71.31, -25.16, 1, 2, 3,
                    -45.93, -34.72, 0.93, 4, -45.93, -34.72, 0.07, 2, 3, -44.95,
                    -13.09, 0.9, 4, -44.95, -13.09, 0.1, 2, 3, -35.29, -11.49,
                    0.9, 4, -35.29, -11.49, 0.1, 2, 3, -23.07, -7.33, 0.9, 4,
                    -23.07, -7.33, 0.1, 2, 3, -15.34, -12.83, 0.9, 4, -15.34,
                    -12.83, 0.1, 2, 3, -10.79, -32.66, 0.93, 4, -10.79, -32.66,
                    0.07, 1, 3, -16.79, -63.36, 1, 1, 3, 1.3, -66.52, 1, 2, 3,
                    16.85, -8.46, 0.9, 4, 16.85, -8.46, 0.1, 2, 3, 33.28, -3.54,
                    0.9, 4, 33.28, -3.54, 0.1, 2, 3, 46.22, -4.25, 0.9, 4,
                    46.22, -4.25, 0.1, 2, 3, 52.58, -16.6, 0.9, 4, 52.58, -16.6,
                    0.1, 2, 3, 37.81, -50, 0.95, 4, 37.81, -50, 0.05, 1, 3,
                    56.96, -65.23, 1, 1, 3, 68.83, -88.84, 1, 1, 3, 84.89,
                    -69.45, 1, 1, 3, 95.83, -55.88, 1, 1, 3, 111.88, -54.8, 1,
                    2, 3, 24.1, -20.82, 0.9, 4, 24.1, -20.82, 0.1, 1, 3, 4.51,
                    -111.86, 1, 2, 3, -58.83, -71.58, 0.95, 4, -58.83, -71.58,
                    0.05, 2, 3, 37.34, -22.69, 0.9, 4, 37.34, -22.69, 0.1, 2, 3,
                    -34.98, -27.59, 0.9, 4, -34.98, -27.59, 0.1, 2, 3, -26.75,
                    -27.79, 0.9, 4, -26.75, -27.79, 0.1, 2, 3, -41.06, -23.87,
                    0.9, 4, -41.06, -23.87, 0.1, 2, 3, -19.89, -23.67, 0.9, 4,
                    -19.89, -23.67, 0.1, 2, 3, -69.06, -79.99, 0.95, 4, -69.06,
                    -79.99, 0.05, 2, 3, -84, -71.06, 0.95, 4, -84, -71.06, 0.05,
                    2, 3, -77.21, -64.86, 0.95, 4, -77.21, -64.86, 0.05, 2, 3,
                    -63.44, -65.63, 0.95, 4, -63.44, -65.63, 0.05, 2, 3, -84.56,
                    -88.92, 0.95, 4, -84.56, -88.92, 0.05, 2, 3, -67.54,
                    -102.36, 0.95, 4, -67.54, -102.36, 0.05, 2, 3, -53.76,
                    -88.48, 0.95, 4, -53.76, -88.48, 0.05, 2, 3, -42.74, -65.5,
                    0.95, 4, -42.74, -65.5, 0.05, 2, 3, -35.09, -68.65, 0.95, 4,
                    -35.09, -68.65, 0.05, 1, 3, -25.49, -68.95, 1, 2, 3, -34.94,
                    -37.3, 0.93, 4, -34.94, -37.3, 0.07, 2, 3, -26.24, -38.65,
                    0.93, 4, -26.24, -38.65, 0.07, 2, 3, 2.94, -88.85, 0.95, 4,
                    2.94, -88.85, 0.05, 2, 3, -18.31, -107.31, 0.95, 4, -18.31,
                    -107.31, 0.05, 2, 3, -20.33, -88.44, 0.95, 4, -20.33,
                    -88.44, 0.05, 2, 3, 29.12, -50.76, 0.95, 4, 29.12, -50.76,
                    0.05, 2, 3, 14.47, -54.16, 0.95, 4, 14.47, -54.16, 0.05, 2,
                    3, 49.18, -99.71, 0.95, 4, 49.18, -99.71, 0.05, 2, 3, 26.73,
                    -105.41, 0.95, 4, 26.73, -105.41, 0.05, 2, 3, 19.5, -86.17,
                    0.95, 4, 19.5, -86.17, 0.05, 2, 3, 41.08, -78.18, 0.95, 4,
                    41.08, -78.18, 0.05, 2, 3, -41.08, -105.42, 0.95, 4, -41.08,
                    -105.42, 0.05, 2, 3, -38.38, -88.86, 0.95, 4, -38.38,
                    -88.86, 0.05, 2, 3, 35.74, -14.3, 0.9, 4, 35.74, -14.3, 0.1,
                    2, 3, -28.71, -20.03, 0.9, 4, -28.71, -20.03, 0.1
                  ]
                }
              },
              "h_red_front_L": {
                "h_red_front_L": {
                  "type": "mesh",
                  "hull": 9,
                  "uvs": [
                    0.90016, 0.66647, 0.87684, 0.80714, 0.6421, 0.95286,
                    0.34105, 0.94857, 0.13895, 0.70952, 0.04737, 0.24429,
                    0.48421, 0.01929, 0.93368, 0.195, 0.95895, 0.3119, 0.39579,
                    0.46952, 0.46211, 0.23905, 0.22925, 0.41399, 0.63978,
                    0.42899, 0.39346, 0.76327, 0.6682, 0.7397, 0.25136, 0.71827
                  ],
                  "triangles": [
                    3, 13, 2, 2, 14, 1, 2, 13, 14, 4, 15, 3, 3, 15, 13, 1, 14,
                    0, 14, 13, 9, 13, 15, 9, 9, 12, 14, 14, 12, 0, 9, 15, 11,
                    15, 4, 11, 4, 5, 11, 0, 12, 8, 12, 9, 10, 9, 11, 10, 12, 7,
                    8, 12, 10, 7, 11, 5, 10, 10, 5, 6, 10, 6, 7
                  ],
                  "vertices": [
                    1, 3, -19.79, -77.32, 1, 1, 3, -20.68, -85.2, 1, 1, 3,
                    -29.6, -93.36, 1, 1, 3, -41.04, -93.12, 1, 1, 3, -48.72,
                    -79.73, 1, 2, 3, -52.2, -53.68, 0.9, 4, -52.2, -53.68, 0.1,
                    2, 3, -35.6, -41.08, 0.9, 4, -35.6, -41.08, 0.1, 2, 3,
                    -18.52, -50.92, 0.9, 4, -18.52, -50.92, 0.1, 2, 3, -17.56,
                    -57.47, 0.9, 4, -17.56, -57.47, 0.1, 2, 3, -38.96, -66.29,
                    0.9, 4, -38.96, -66.29, 0.1, 2, 3, -36.44, -53.39, 0.9, 4,
                    -36.44, -53.39, 0.1, 2, 3, -45.29, -63.18, 0.9, 4, -45.29,
                    -63.18, 0.1, 2, 3, -29.69, -64.02, 0.9, 4, -29.69, -64.02,
                    0.1, 2, 3, -39.05, -82.74, 0.95, 4, -39.05, -82.74, 0.05, 2,
                    3, -28.61, -81.42, 0.95, 4, -28.61, -81.42, 0.05, 2, 3,
                    -44.45, -80.22, 0.95, 4, -44.45, -80.22, 0.05
                  ]
                }
              },
              "h_red_front_R": {
                "h_red_front_R": {
                  "type": "mesh",
                  "hull": 7,
                  "uvs": [
                    0.47, 0.93867, 0.17182, 0.97333, 0.03818, 0.72533, 0.11182,
                    0.32, 0.54909, 0, 0.96727, 0.41867, 0.89364, 0.6, 0.32545,
                    0.54133, 0.44078, 0.64234
                  ],
                  "triangles": [
                    7, 3, 4, 8, 7, 4, 4, 5, 8, 6, 8, 5, 2, 3, 7, 0, 8, 6, 8, 1,
                    2, 8, 2, 7, 1, 8, 0
                  ],
                  "vertices": [
                    12.68, -98.24, -0.44, -99.8, -6.32, -88.64, -3.08, -70.4,
                    16.16, -56, 34.56, -74.84, 31.32, -83, 6.32, -80.36, 11.39,
                    -84.91
                  ]
                }
              },
              "h_red_front_mid": {
                "h_red_front_mid": {
                  "type": "mesh",
                  "hull": 13,
                  "uvs": [
                    0.66106, 0.66323, 0.62631, 0.89807, 0.41263, 0.97548,
                    0.20385, 0.90482, 0.05895, 0.85064, 0.07368, 0.55806,
                    0.0924, 0.42383, 0.15579, 0.11355, 0.44526, 0.03355,
                    0.82948, 0.03871, 0.96211, 0.12871, 0.93895, 0.25871,
                    0.82948, 0.56549, 0.73579, 0.35259, 0.48526, 0.38387,
                    0.30632, 0.25645, 0.45577, 0.67812, 0.5484, 0.18393,
                    0.78208, 0.19813, 0.26525, 0.6407, 0.69366, 0.55167,
                    0.46419, 0.54651, 0.27893, 0.49232
                  ],
                  "triangles": [
                    1, 2, 16, 2, 3, 16, 3, 19, 16, 3, 4, 19, 1, 16, 0, 4, 5, 19,
                    16, 21, 0, 16, 19, 21, 0, 20, 12, 0, 21, 20, 19, 22, 21, 19,
                    5, 22, 20, 13, 12, 12, 13, 11, 5, 6, 22, 21, 14, 20, 20, 14,
                    13, 21, 22, 14, 14, 22, 15, 22, 6, 15, 6, 7, 15, 14, 17, 13,
                    14, 15, 17, 13, 18, 11, 13, 17, 18, 11, 18, 10, 17, 15, 8,
                    18, 9, 10, 18, 17, 9, 15, 7, 8, 17, 8, 9
                  ],
                  "vertices": [
                    2, 3, -0.88, -73.12, 0.95, 4, -0.88, -73.12, 0.05, 1, 3,
                    -2.2, -87.68, 1, 1, 3, -10.32, -92.48, 1, 1, 3, -18.25,
                    -88.1, 1, 1, 3, -23.76, -84.74, 1, 2, 3, -23.2, -66.6, 0.95,
                    4, -23.2, -66.6, 0.05, 2, 3, -22.49, -58.28, 0.93, 4,
                    -22.49, -58.28, 0.07, 2, 3, -20.08, -39.04, 0.9, 4, -20.08,
                    -39.04, 0.1, 2, 3, -9.08, -34.08, 0.9, 4, -9.08, -34.08,
                    0.1, 2, 3, 5.52, -34.4, 0.9, 4, 5.52, -34.4, 0.1, 2, 3,
                    10.56, -39.98, 0.9, 4, 10.56, -39.98, 0.1, 2, 3, 9.68,
                    -48.04, 0.9, 4, 9.68, -48.04, 0.1, 2, 3, 5.52, -67.06, 0.93,
                    4, 5.52, -67.06, 0.07, 2, 3, 1.96, -53.86, 0.9, 4, 1.96,
                    -53.86, 0.1, 2, 3, -7.56, -55.8, 0.9, 4, -7.56, -55.8, 0.1,
                    2, 3, -14.36, -47.9, 0.9, 4, -14.36, -47.9, 0.1, 2, 3,
                    -8.68, -74.04, 0.95, 4, -8.68, -74.04, 0.05, 2, 3, -5.16,
                    -43.4, 0.9, 4, -5.16, -43.4, 0.1, 2, 3, 3.72, -44.28, 0.9,
                    4, 3.72, -44.28, 0.1, 2, 3, -15.92, -71.72, 0.95, 4, -15.92,
                    -71.72, 0.05, 2, 3, 0.36, -66.2, 0.93, 4, 0.36, -66.2, 0.07,
                    2, 3, -8.36, -65.88, 0.93, 4, -8.36, -65.88, 0.07, 2, 3,
                    -15.4, -62.52, 0.93, 4, -15.4, -62.52, 0.07
                  ]
                }
              },
              "h_red_mid_L": {
                "h_red_mid_L": {
                  "type": "mesh",
                  "hull": 6,
                  "uvs": [
                    0.70124, 0.95164, 0.11269, 0.82382, 0.28303, 0.20118,
                    0.37475, 0.04145, 0.91614, 0.06564, 0.90828, 0.32209
                  ],
                  "triangles": [0, 1, 5, 1, 2, 5, 2, 3, 5, 5, 3, 4],
                  "vertices": [
                    1, 3, -15.66, -42.87, 1, 1, 3, -32.73, -37.25, 1, 2, 3,
                    -27.79, -9.85, 0.9, 4, -27.79, -9.85, 0.1, 2, 3, -25.13,
                    -2.82, 0.9, 4, -25.13, -2.82, 0.1, 2, 3, -9.43, -3.89, 0.9,
                    4, -9.43, -3.89, 0.1, 2, 3, -9.66, -15.17, 0.9, 4, -9.66,
                    -15.17, 0.1
                  ]
                }
              },
              "h_red_mid_R": {
                "h_red_mid_R": {
                  "type": "mesh",
                  "hull": 8,
                  "uvs": [
                    0.44477, 0.966, 0.2903, 0.886, 0.17872, 0.822, 0.03813,
                    0.71467, 0.53378, 0.078, 0.74306, 0.03, 0.94996, 0.11,
                    0.94757, 0.26133, 0.79787, 0.24067, 0.64298, 0.16933
                  ],
                  "triangles": [
                    0, 8, 7, 0, 1, 8, 1, 9, 8, 1, 2, 9, 2, 3, 9, 3, 4, 9, 7, 8,
                    6, 9, 5, 8, 8, 5, 6, 9, 4, 5
                  ],
                  "vertices": [
                    1, 3, 38.9, -40.1, 1, 1, 3, 31.64, -35.62, 1, 1, 3, 26.4,
                    -32.03, 1, 1, 3, 19.79, -26.02, 1, 2, 3, 43.09, 9.63, 0.9,
                    4, 43.09, 9.63, 0.1, 2, 3, 52.92, 12.32, 0.9, 4, 52.92,
                    12.32, 0.1, 2, 3, 62.65, 7.84, 0.9, 4, 62.65, 7.84, 0.1, 2,
                    3, 62.54, -0.63, 0.9, 4, 62.54, -0.63, 0.1, 2, 3, 55.5,
                    0.52, 0.9, 4, 55.5, 0.52, 0.1, 2, 3, 48.22, 4.52, 0.9, 4,
                    48.22, 4.52, 0.1
                  ]
                }
              },
              "h_red_mid_R2": {
                "h_red_mid_R2": {
                  "type": "mesh",
                  "hull": 11,
                  "uvs": [
                    0.5984, 0.72673, 0.36388, 0.94607, 0.26782, 0.92294,
                    0.17092, 0.84862, 0.09269, 0.76468, 0.03665, 0.68874,
                    0.22362, 0.46135, 0.4256, 0.2157, 0.54511, 0.02281, 0.90899,
                    0.21155, 0.94298, 0.40444, 0.59336, 0.37348, 0.70191,
                    0.24282, 0.7173, 0.44932, 0.81709, 0.35598, 0.60734, 0.1631,
                    0.50756, 0.68991, 0.38741, 0.64013, 0.51774, 0.25643,
                    0.28763, 0.55509
                  ],
                  "triangles": [
                    1, 16, 0, 1, 17, 16, 1, 2, 17, 2, 3, 17, 3, 19, 17, 3, 4,
                    19, 4, 5, 19, 10, 13, 14, 10, 0, 13, 0, 16, 13, 16, 11, 13,
                    16, 17, 11, 5, 6, 19, 17, 19, 11, 19, 18, 11, 18, 6, 7, 18,
                    19, 6, 14, 13, 12, 14, 9, 10, 13, 11, 12, 12, 18, 15, 12,
                    11, 18, 14, 12, 9, 18, 7, 15, 12, 15, 9, 7, 8, 15, 9, 15, 8
                  ],
                  "vertices": [
                    2, 3, 52.91, -59.24, 0.95, 4, 52.91, -59.24, 0.05, 1, 3,
                    40.01, -71.09, 1, 1, 3, 34.73, -69.84, 1, 1, 3, 29.4,
                    -65.83, 1, 1, 3, 25.1, -61.29, 1, 1, 3, 22.02, -57.19, 1, 2,
                    3, 32.3, -44.91, 0.95, 4, 32.3, -44.91, 0.05, 2, 3, 43.41,
                    -31.65, 0.9, 4, 43.41, -31.65, 0.1, 2, 3, 49.98, -21.23,
                    0.9, 4, 49.98, -21.23, 0.1, 2, 3, 69.99, -31.42, 0.9, 4,
                    69.99, -31.42, 0.1, 2, 3, 71.86, -41.84, 0.9, 4, 71.86,
                    -41.84, 0.1, 2, 3, 52.63, -40.17, 0.9, 4, 52.63, -40.17,
                    0.1, 2, 3, 58.61, -33.11, 0.9, 4, 58.61, -33.11, 0.1, 2, 3,
                    59.45, -44.26, 0.9, 4, 59.45, -44.26, 0.1, 2, 3, 64.94,
                    -39.22, 0.9, 4, 64.94, -39.22, 0.1, 2, 3, 53.4, -28.81, 0.9,
                    4, 53.4, -28.81, 0.1, 2, 3, 47.92, -57.26, 0.95, 4, 47.92,
                    -57.26, 0.05, 2, 3, 41.31, -54.57, 0.95, 4, 41.31, -54.57,
                    0.05, 2, 3, 48.48, -33.85, 0.9, 4, 48.48, -33.85, 0.1, 2, 3,
                    35.82, -49.98, 0.95, 4, 35.82, -49.98, 0.05
                  ]
                }
              },
              "h_red_shadow": {
                "h_red_shadow": {
                  "x": 8.18,
                  "y": -10,
                  "width": 279,
                  "height": 285
                }
              }
            }
          }
        ],
        "animations": {
          "spawn": {
            "bones": {
              "gem": {
                "rotate": [
                  { "curve": 0.25, "c3": 0.75 },
                  { "time": 0.0667, "angle": -1, "curve": 0.25, "c3": 0.75 },
                  { "time": 0.2333, "angle": 1, "curve": 0.25, "c3": 0.444 },
                  { "time": 0.3667, "angle": -1, "curve": 0.25, "c3": 0.481 },
                  { "time": 0.5 }
                ],
                "translate": [
                  { "curve": 0.397, "c2": 0.51, "c3": 0.75 },
                  { "time": 0.0333, "y": -5, "curve": 0.25, "c3": 0.75 },
                  { "time": 0.1333, "y": 2, "curve": 0.25, "c3": 0.444 },
                  { "time": 0.3, "y": -1, "curve": 0.25, "c3": 0.481 },
                  { "time": 0.5 }
                ]
              },
              "ctrl": {
                "translate": [
                  { "curve": 0.25, "c3": 0.75 },
                  { "time": 0.0667, "y": 10, "curve": 0.25, "c3": 0.75 },
                  { "time": 0.2667, "y": -20, "curve": 0.25, "c3": 0.75 },
                  { "time": 0.5 }
                ]
              }
            }
          },
          "win": {
            "bones": {
              "ctrl": {
                "translate": [
                  { "curve": 0.25, "c3": 0.75 },
                  {
                    "time": 0.0667,
                    "x": -25,
                    "y": 25,
                    "curve": 0.25,
                    "c3": 0.75
                  },
                  {
                    "time": 0.2667,
                    "x": 35,
                    "y": -35,
                    "curve": 0.25,
                    "c3": 0.75
                  },
                  { "time": 0.5 }
                ]
              },
              "gem": {
                "rotate": [
                  { "curve": 0.25, "c3": 0.75 },
                  { "time": 0.1, "angle": -3.51, "curve": 0.25, "c3": 0.75 },
                  { "time": 0.3, "angle": 2.21, "curve": 0.25, "c3": 0.75 },
                  { "time": 0.3667, "angle": -1.59, "curve": 0.25, "c3": 0.75 },
                  { "time": 0.5 }
                ],
                "translate": [
                  { "curve": 0.385, "c2": 0.49, "c3": 0.75 },
                  { "time": 0.0333, "y": -7, "curve": 0.25, "c3": 0.75 },
                  {
                    "time": 0.1667,
                    "x": 0.33,
                    "y": 12.99,
                    "curve": 0.25,
                    "c3": 0.75
                  },
                  { "time": 0.2667, "y": -2, "curve": 0.25, "c3": 0.75 },
                  { "time": 0.4 }
                ],
                "scale": [
                  { "curve": 0.25, "c3": 0.75 },
                  {
                    "time": 0.1667,
                    "x": 1.07,
                    "y": 1.07,
                    "curve": 0.25,
                    "c3": 0.55
                  },
                  {
                    "time": 0.3,
                    "x": 0.99,
                    "y": 0.99,
                    "curve": 0.25,
                    "c3": 0.55
                  },
                  {
                    "time": 0.4333,
                    "x": 1.003,
                    "y": 1.003,
                    "curve": 0.25,
                    "c3": 0.615
                  },
                  { "time": 0.5 }
                ]
              }
            }
          }
        }
      },
      [0]
    ]
  ],
  0,
  0,
  [0],
  [-1],
  [0]
]
