[
  1,
  [
    "ecpdLyjvZBwrvm+cedCcQy",
    "61Z4M0vzVP1KozRcjgtCVg",
    "062kXsxWZPd4S5LHg02x/D",
    "26W6sTFnpD7K4vPNIfO9zC",
    "ffg6Y5BmJIQrHUW/tYnA25",
    "cam5pfbJtDBYb+TBzFzO7I",
    "12y7+uWCxJw7VJJAZV4Fu0",
    "7e7QZm3TFKVI6y9mOI2C1m",
    "9bWQtRW8NDLpdgclr++m84",
    "eaDEB6ah9Pg5hFNiL0TyMc",
    "25DYyQnupC4I+Z2gw3+cGO",
    "a4cGzITn9Dipaa3zX/a7xN",
    "42A+vD3KVGs7aJG8bJIE0A",
    "f5CW1egFBBpog4nTY2qk2A"
  ],
  [
    "node",
    "_textureSetter",
    "_spriteFrame",
    "root",
    "_defaultClip",
    "musicVisualizerParticle",
    "musicVisualizerEffectSlotParticleAnimation",
    "musicVisualizerSpriteNode",
    "musicTapParticle",
    "musicTapEffectSlotParticleAnimation",
    "musicTapSpriteNode",
    "bassEffectSlotParticle",
    "bassEffectSlotParticleAnimation",
    "bassSpriteNode",
    "featureSlotHolderNode",
    "data"
  ],
  [
    "cc.SpriteFrame",
    [
      "cc.Node",
      [
        "_name",
        "_active",
        "_prefab",
        "_children",
        "_components",
        "_trs",
        "_parent",
        "_contentSize"
      ],
      1,
      4,
      2,
      9,
      7,
      1,
      5
    ],
    ["cc.PrefabInfo", ["fileId", "root", "asset"], 2, 1, 1],
    [
      "cc.Sprite",
      [
        "_sizeMode",
        "_isTrimmedMode",
        "_dstBlendFactor",
        "node",
        "_materials",
        "_spriteFrame"
      ],
      0,
      1,
      3,
      6
    ],
    ["cc.Prefab", ["_name"], 2],
    ["cc.Node", ["_name", "_parent", "_components", "_prefab"], 2, 1, 2, 4],
    [
      "cc.Node",
      ["_name", "_active", "_parent", "_components", "_prefab", "_trs"],
      1,
      1,
      12,
      4,
      7
    ],
    [
      "9fe5bnIJ3FC04tQOXCMBWdc",
      [
        "node",
        "featureSlotHolderNode",
        "bassSpriteNode",
        "bassEffectSlotParticleAnimation",
        "bassEffectSlotParticle",
        "musicTapSpriteNode",
        "musicTapEffectSlotParticleAnimation",
        "musicTapParticle",
        "musicVisualizerSpriteNode",
        "musicVisualizerEffectSlotParticleAnimation",
        "musicVisualizerParticle"
      ],
      3,
      1,
      1,
      1,
      1,
      1,
      1,
      1,
      1,
      1,
      1,
      1
    ],
    [
      "cc.ParticleSystem",
      [
        "_dstBlendFactor",
        "_custom",
        "playOnLoad",
        "totalParticles",
        "emissionRate",
        "life",
        "lifeVar",
        "angle",
        "angleVar",
        "startSizeVar",
        "speed",
        "speedVar",
        "tangentialAccel",
        "endRadius",
        "node",
        "_materials",
        "_startColor",
        "_startColorVar",
        "_endColor",
        "_endColorVar",
        "posVar"
      ],
      -11,
      1,
      3,
      8,
      8,
      8,
      8,
      5
    ],
    ["cc.Animation", ["node", "_clips"], 3, 1, 3]
  ],
  [
    [2, 0, 1, 2, 2],
    [1, 0, 1, 6, 4, 2, 7, 5, 3],
    [5, 0, 1, 2, 3, 2],
    [6, 0, 1, 2, 3, 4, 5, 3],
    [2, 0, 1, 2],
    [3, 2, 0, 1, 3, 4, 4],
    [3, 0, 1, 3, 4, 5, 3],
    [
      8, 0, 1, 2, 3, 4, 5, 6, 7, 8, 9, 10, 11, 12, 13, 14, 15, 16, 17, 18, 19,
      20, 15
    ],
    [9, 0, 1, 1],
    [4, 0, 2],
    [1, 0, 3, 4, 2, 5, 2],
    [1, 0, 6, 3, 2, 2],
    [7, 0, 1, 2, 3, 4, 5, 6, 7, 8, 9, 10, 1],
    [2, 1, 2, 1]
  ],
  [
    [
      [
        {
          "name": "particle_01_add",
          "rect": [0, 0, 79, 78],
          "offset": [0, 0],
          "originalSize": [79, 78],
          "capInsets": [0, 0, 0, 0]
        }
      ],
      [0],
      0,
      [0],
      [1],
      [5]
    ],
    [
      [
        {
          "name": "particle_03_add",
          "rect": [0, 0, 79, 78],
          "offset": [0, 0],
          "originalSize": [79, 78],
          "capInsets": [0, 0, 0, 0]
        }
      ],
      [0],
      0,
      [0],
      [1],
      [6]
    ],
    [
      [
        {
          "name": "feature_01_active",
          "rect": [180, 1, 71, 65],
          "offset": [2, -1],
          "originalSize": [175, 175],
          "capInsets": [0, 0, 0, 0]
        }
      ],
      [0],
      0,
      [0],
      [1],
      [1]
    ],
    [
      [
        {
          "name": "feature_02_active",
          "rect": [180, 125, 55, 55],
          "offset": [1, 0],
          "originalSize": [175, 175],
          "capInsets": [0, 0, 0, 0]
        }
      ],
      [0],
      0,
      [0],
      [1],
      [1]
    ],
    [
      [
        [9, "feature_win_postion_controller"],
        [
          10,
          "feature_win_postion_controller",
          [-13],
          [[12, -12, -11, -10, -9, -8, -7, -6, -5, -4, -3, -2]],
          [13, -1, 0],
          [0, 0, 0, 0, 0, 0, 1, 1, 1, 2]
        ],
        [
          11,
          "effect_holder",
          1,
          [-14, -15, -16, -17, -18, -19, -20, -21, -22],
          [0, "a8rx6DQlZEu7qTdmedpVJt", 1, 0]
        ],
        [
          2,
          "bass_particlesystem",
          2,
          [-24],
          [4, "13q1jNbUtM85Z6vKI+e5zu", -23]
        ],
        [
          2,
          "music_tap_particlesystem",
          2,
          [-26],
          [4, "9c0xIIqWZLlLtOf1PotSSL", -25]
        ],
        [
          2,
          "music_visualizer_particlesystem",
          2,
          [-28],
          [4, "94Dq+YJQ5AlrW4Ljy+GNLz", -27]
        ],
        [
          3,
          "bass_slot_particle",
          false,
          2,
          [[-29, [5, 1, 2, false, -30, [4]]], 1, 4],
          [0, "e2n56SqwtHYoW8IQmVoGC/", 1, 0],
          [0, 0, 0, 0, 0, 0, 1, 2, 2, 1]
        ],
        [
          3,
          "musictap_slot_particle",
          false,
          2,
          [[-31, [5, 1, 2, false, -32, [6]]], 1, 4],
          [0, "9aX/xX+RVAAqBN47FiONiL", 1, 0],
          [0, 0, 0, 0, 0, 0, 1, 2, 2, 1]
        ],
        [
          3,
          "music_visualizer_slot_particle",
          false,
          2,
          [[-33, [5, 1, 2, false, -34, [8]]], 1, 4],
          [0, "856WQBSg9FD7x3YbK0z8gy", 1, 0],
          [0, 0, 0, 0, 0, 0, 1, 2, 2, 1]
        ],
        [
          1,
          "bass_sprite",
          false,
          2,
          [[6, 2, false, -35, [9], 10]],
          [0, "2cw5hMmoNKyJ7lTPpC84Qt", 1, 0],
          [5, 175, 175],
          [0, 0, 0, 0, 0, 0, 1, 0, 0, 1]
        ],
        [
          1,
          "musictap_sprite",
          false,
          2,
          [[6, 2, false, -36, [11], 12]],
          [0, "75lbaWGNNAmYrxhYzMC/o5", 1, 0],
          [5, 175, 175],
          [0, 0, 0, 0, 0, 0, 1, 0, 0, 1]
        ],
        [
          1,
          "music_visualizer_sprite",
          false,
          2,
          [[6, 2, false, -37, [13], 14]],
          [0, "3cVdk4IZVHBpIgg0XhIrCU", 1, 0],
          [5, 175, 175],
          [0, 0, 0, 0, 0, 0, 1, 0, 0, 1]
        ],
        [
          7,
          1,
          true,
          false,
          200,
          120,
          0.5,
          0.1,
          270,
          0,
          20,
          0,
          0,
          0,
          100,
          3,
          [0],
          [4, 4294967295],
          [4, 0],
          [4, 4294967295],
          [4, 0],
          [0, 20, 20]
        ],
        [
          7,
          1,
          true,
          false,
          200,
          120,
          0.5,
          0.1,
          270,
          0,
          20,
          0,
          0,
          0,
          100,
          4,
          [1],
          [4, 4294967295],
          [4, 0],
          [4, 4294967295],
          [4, 0],
          [0, 20, 20]
        ],
        [
          7,
          1,
          true,
          false,
          200,
          120,
          0.5,
          0.1,
          270,
          0,
          20,
          0,
          0,
          0,
          100,
          5,
          [2],
          [4, 4294967295],
          [4, 0],
          [4, 4294967295],
          [4, 0],
          [0, 20, 20]
        ],
        [8, 6, [3]],
        [8, 7, [5]],
        [8, 8, [7]]
      ],
      0,
      [
        0, 3, 1, 0, 5, 14, 0, 6, 17, 0, 7, 11, 0, 8, 13, 0, 9, 16, 0, 10, 10, 0,
        11, 12, 0, 12, 15, 0, 13, 9, 0, 14, 2, 0, 0, 1, 0, -1, 2, 0, -1, 3, 0,
        -2, 4, 0, -3, 5, 0, -4, 6, 0, -5, 7, 0, -6, 8, 0, -7, 9, 0, -8, 10, 0,
        -9, 11, 0, 3, 3, 0, -1, 12, 0, 3, 4, 0, -1, 13, 0, 3, 5, 0, -1, 14, 0,
        -1, 15, 0, 0, 6, 0, -1, 16, 0, 0, 7, 0, -1, 17, 0, 0, 8, 0, 0, 9, 0, 0,
        10, 0, 0, 11, 0, 15, 1, 37
      ],
      [0, 0, 0, 0, 0, 0, 0, 0, 0, 0, 0, 0, 0, 0, 0, 12, 13, 14, 15, 16, 17],
      [
        -1, -1, -1, -1, -1, -1, -1, -1, -1, -1, 2, -1, 2, -1, 2, 2, 2, 2, 4, 4,
        4
      ],
      [0, 0, 0, 2, 0, 3, 0, 4, 0, 0, 7, 0, 8, 0, 9, 10, 11, 12, 2, 3, 4]
    ],
    [
      [
        {
          "name": "particle_02_add",
          "rect": [0, 0, 79, 78],
          "offset": [0, 0],
          "originalSize": [79, 78],
          "capInsets": [0, 0, 0, 0]
        }
      ],
      [0],
      0,
      [0],
      [1],
      [13]
    ],
    [
      [
        {
          "name": "feature_03_screen_active",
          "rect": [180, 68, 67, 55],
          "offset": [0, -3],
          "originalSize": [175, 175],
          "capInsets": [0, 0, 0, 0]
        }
      ],
      [0],
      0,
      [0],
      [1],
      [1]
    ]
  ]
]
