[
  1,
  ["74YfLQJ59AvruGvIbUDn8H"],
  0,
  [
    [
      "sp.SkeletonData",
      ["_name", "_atlasText", "textureNames", "_skeletonJson", "textures"],
      -1,
      3
    ]
  ],
  [[0, 0, 1, 2, 3, 4, 5]],
  [
    [
      0,
      "h1_brown_atlas_symbols",
      "\nsymbols.png\nsize: 512,737\nformat: RGBA8888\nfilter: Linear,Linear\nrepeat: none\nh_blue\n  rotate: 180\n  xy: 296, 156\n  size: 120, 107\n  orig: 122, 113\n  offset: 0, 1\n  index: -1\nh_blue_shadow\n  rotate: false\n  xy: 2, 356\n  size: 121, 111\n  orig: 123, 113\n  offset: 1, 1\n  index: -1\nh_brown\n  rotate: false\n  xy: 191, 20\n  size: 102, 86\n  orig: 102, 86\n  offset: 0, 0\n  index: -1\nh_brown_edge_glow\n  rotate: false\n  xy: 412, 640\n  size: 91, 95\n  orig: 95, 99\n  offset: 2, 2\n  index: -1\nh_brown_shadow\n  rotate: false\n  xy: 2, 156\n  size: 104, 87\n  orig: 106, 91\n  offset: 1, 2\n  index: -1\nh_gold_L\n  rotate: false\n  xy: 321, 10\n  size: 63, 62\n  orig: 64, 63\n  offset: 0, 0\n  index: -1\nh_gold_L2\n  rotate: false\n  xy: 243, 401\n  size: 48, 65\n  orig: 49, 66\n  offset: 0, 1\n  index: -1\nh_gold_R\n  rotate: false\n  xy: 264, 213\n  size: 38, 49\n  orig: 39, 50\n  offset: 0, 0\n  index: -1\nh_gold_edge_glow\n  rotate: false\n  xy: 300, 580\n  size: 110, 155\n  orig: 114, 159\n  offset: 2, 2\n  index: -1\nh_gold_front\n  rotate: 180\n  xy: 83, 88\n  size: 115, 110\n  orig: 115, 110\n  offset: 0, 0\n  index: -1\nh_gold_front_L\n  rotate: false\n  xy: 449, 13\n  size: 61, 57\n  orig: 61, 57\n  offset: 0, 0\n  index: -1\nh_gold_front_R\n  rotate: false\n  xy: 2, 15\n  size: 54, 51\n  orig: 54, 52\n  offset: 0, 0\n  index: -1\nh_gold_mid\n  rotate: false\n  xy: 430, 572\n  size: 63, 67\n  orig: 63, 68\n  offset: 0, 0\n  index: -1\nh_gold_mid_L\n  rotate: false\n  xy: 166, 206\n  size: 28, 39\n  orig: 29, 41\n  offset: 0, 2\n  index: -1\nh_gold_shadow\n  rotate: false\n  xy: 2, 581\n  size: 158, 154\n  orig: 160, 156\n  offset: 1, 1\n  index: -1\nh_gold_sparkle_1\n  rotate: false\n  xy: 261, 368\n  size: 27, 32\n  orig: 31, 34\n  offset: 2, 1\n  index: -1\nh_gold_sparkle_2\n  rotate: false\n  xy: 476, 355\n  size: 26, 27\n  orig: 28, 31\n  offset: 1, 2\n  index: -1\nh_gold_sparkle_3\n  rotate: false\n  xy: 135, 481\n  size: 18, 18\n  orig: 20, 21\n  offset: 1, 1\n  index: -1\nh_gold_sparkle_4\n  rotate: false\n  xy: 135, 529\n  size: 18, 19\n  orig: 20, 21\n  offset: 1, 1\n  index: -1\nh_green\n  rotate: true\n  xy: 2, 45\n  size: 107, 104\n  orig: 109, 113\n  offset: 2, 1\n  index: -1\nh_green_shadow\n  rotate: false\n  xy: 122, 245\n  size: 109, 106\n  orig: 112, 110\n  offset: 2, 2\n  index: -1\nh_purple\n  rotate: 180\n  xy: 370, 245\n  size: 123, 134\n  orig: 125, 134\n  offset: 2, 0\n  index: -1\nh_purple_edge_glow\n  rotate: true\n  xy: 2, 469\n  size: 110, 131\n  orig: 114, 133\n  offset: 2, 1\n  index: -1\nh_purple_shadow\n  rotate: true\n  xy: 162, 467\n  size: 125, 135\n  orig: 127, 137\n  offset: 1, 1\n  index: -1\nh_red_L\n  rotate: false\n  xy: 473, 483\n  size: 28, 38\n  orig: 29, 39\n  offset: 0, 1\n  index: -1\nh_red_R\n  rotate: false\n  xy: 182, 112\n  size: 30, 40\n  orig: 30, 41\n  offset: 0, 0\n  index: -1\nh_red_back\n  rotate: false\n  xy: 422, 379\n  size: 81, 105\n  orig: 82, 106\n  offset: 1, 1\n  index: -1\nh_red_back_L\n  rotate: false\n  xy: 2, 127\n  size: 26, 28\n  orig: 26, 31\n  offset: 0, 1\n  index: -1\nh_red_back_L2\n  rotate: false\n  xy: 453, 512\n  size: 49, 60\n  orig: 49, 61\n  offset: 0, 1\n  index: -1\nh_red_back_R\n  rotate: true\n  xy: 108, 207\n  size: 37, 57\n  orig: 38, 58\n  offset: 0, 0\n  index: -1\nh_red_back_R2\n  rotate: false\n  xy: 490, 618\n  size: 19, 20\n  orig: 19, 21\n  offset: 0, 1\n  index: -1\nh_red_edge_glow\n  rotate: true\n  xy: 299, 484\n  size: 94, 152\n  orig: 98, 154\n  offset: 2, 1\n  index: -1\nh_red_front\n  rotate: false\n  xy: 74, 4\n  size: 129, 69\n  orig: 129, 70\n  offset: 0, 0\n  index: -1\nh_red_front_L\n  rotate: false\n  xy: 135, 501\n  size: 19, 27\n  orig: 19, 28\n  offset: 0, 1\n  index: -1\nh_red_front_R\n  rotate: false\n  xy: 453, 488\n  size: 22, 23\n  orig: 22, 23\n  offset: 0, 0\n  index: -1\nh_red_front_mid\n  rotate: false\n  xy: 135, 550\n  size: 18, 30\n  orig: 19, 31\n  offset: 1, 0\n  index: -1\nh_red_mid_L\n  rotate: false\n  xy: 243, 381\n  size: 13, 21\n  orig: 15, 22\n  offset: 1, 1\n  index: -1\nh_red_mid_R\n  rotate: false\n  xy: 412, 600\n  size: 23, 28\n  orig: 24, 28\n  offset: 0, 0\n  index: -1\nh_red_mid_R2\n  rotate: false\n  xy: 484, 328\n  size: 25, 26\n  orig: 28, 27\n  offset: 1, 1\n  index: -1\nh_red_shadow\n  rotate: false\n  xy: 162, 594\n  size: 136, 141\n  orig: 140, 143\n  offset: 2, 1\n  index: -1\nl_club\n  rotate: 270\n  xy: 258, 60\n  size: 105, 113\n  orig: 105, 113\n  offset: 0, 0\n  index: -1\nl_club_shadow\n  rotate: true\n  xy: 299, 368\n  size: 114, 121\n  orig: 116, 125\n  offset: 1, 2\n  index: -1\nl_diamond\n  rotate: true\n  xy: 368, 40\n  size: 97, 117\n  orig: 97, 117\n  offset: 0, 0\n  index: -1\nl_diamond_shadow\n  rotate: true\n  xy: 243, 263\n  size: 103, 125\n  orig: 107, 127\n  offset: 2, 1\n  index: -1\nl_heart\n  rotate: 270\n  xy: 409, 118\n  size: 111, 100\n  orig: 111, 100\n  offset: 0, 0\n  index: -1\nl_heart_shadow\n  rotate: false\n  xy: 2, 245\n  size: 118, 109\n  orig: 122, 111\n  offset: 2, 1\n  index: -1\nl_spade\n  rotate: true\n  xy: 177, 129\n  size: 115, 122\n  orig: 115, 122\n  offset: 0, 0\n  index: -1\nl_spade_shadow\n  rotate: true\n  xy: 125, 353\n  size: 112, 116\n  orig: 114, 120\n  offset: 1, 2\n  index: -1\n",
      ["symbols.png"],
      {
        "skeleton": {
          "hash": "VvSPc6KZl3FyrcYN9u+eDsTZOuk",
          "spine": "3.8.99",
          "x": -63.25,
          "y": -56.28,
          "width": 126.78,
          "height": 108.53
        },
        "bones": [
          { "name": "root", "scaleX": 0.5, "scaleY": 0.5 },
          {
            "name": "_subroot",
            "parent": "root",
            "scaleX": 1.1,
            "scaleY": 1.1
          },
          { "name": "symbol", "parent": "_subroot" },
          { "name": "gem", "parent": "symbol" },
          { "name": "ctrl", "parent": "_subroot" },
          { "name": "opp", "parent": "_subroot" }
        ],
        "slots": [
          {
            "name": "h_brown_shadow",
            "bone": "symbol",
            "attachment": "h_brown_shadow"
          },
          {
            "name": "h_brown_edge_glow",
            "bone": "gem",
            "attachment": "h_brown_edge_glow",
            "blend": "screen"
          },
          { "name": "h_brown", "bone": "gem", "attachment": "h_brown" }
        ],
        "transform": [
          {
            "name": "ctrl",
            "target": "ctrl",
            "rotateMix": 0,
            "translateMix": -1,
            "scaleMix": 0,
            "shearMix": 0,
            "bones": ["opp"]
          }
        ],
        "skins": [
          {
            "name": "default",
            "attachments": {
              "h_brown": {
                "h_brown": {
                  "type": "mesh",
                  "hull": 22,
                  "uvs": [
                    0.8406, 0.71066, 0.85135, 0.75643, 0.80818, 0.82733,
                    0.64729, 0.89681, 0.4894, 0.89921, 0.34424, 1, 0.167,
                    0.98081, 0.06453, 0.88233, 0.00867, 0.72244, 0.00759,
                    0.6219, 0.04329, 0.38316, 0.16256, 0.23535, 0.27261,
                    0.09721, 0.51271, 0.02046, 0.61371, 0.00381, 0.68498,
                    0.0301, 0.69737, 0.07936, 0.80024, 0.01953, 0.9133, 0.11512,
                    0.93855, 0.19988, 1, 0.40624, 0.93389, 0.55923, 0.21045,
                    0.35841, 0.58591, 0.62318, 0.36315, 0.44027, 0.12957,
                    0.4633, 0.75773, 0.35891, 0.29222, 0.72729, 0.3707, 0.35891,
                    0.22709, 0.28601, 0.85268, 0.29042, 0.81583, 0.21368,
                    0.66627, 0.19833, 0.43327, 0.24693, 0.44086, 0.13438,
                    0.64243, 0.08577, 0.68253, 0.70228, 0.19506, 0.91102,
                    0.74864, 0.65112, 0.81041, 0.50019, 0.32726, 0.89869
                  ],
                  "triangles": [
                    35, 14, 15, 35, 15, 16, 34, 12, 13, 32, 35, 16, 31, 17, 18,
                    31, 18, 19, 16, 17, 31, 32, 16, 31, 33, 12, 34, 29, 11, 12,
                    29, 12, 33, 30, 31, 19, 22, 11, 29, 26, 32, 31, 26, 31, 30,
                    28, 29, 33, 22, 29, 28, 10, 11, 22, 30, 19, 20, 24, 22, 28,
                    25, 10, 22, 39, 26, 30, 39, 30, 20, 21, 39, 20, 9, 10, 25,
                    32, 34, 35, 35, 13, 14, 35, 34, 13, 26, 33, 32, 23, 26, 39,
                    32, 33, 34, 26, 23, 33, 28, 33, 23, 24, 28, 23, 38, 23, 39,
                    36, 23, 38, 0, 39, 21, 38, 39, 0, 27, 8, 9, 24, 25, 22, 27,
                    24, 23, 27, 25, 24, 27, 9, 25, 2, 38, 0, 2, 0, 1, 36, 38, 2,
                    7, 8, 27, 3, 23, 36, 3, 36, 2, 4, 40, 27, 27, 23, 4, 37, 7,
                    27, 3, 4, 23, 40, 37, 27, 6, 7, 37, 5, 40, 4, 37, 40, 5, 6,
                    37, 5
                  ],
                  "vertices": [
                    1, 3, 72.64, -40.23, 1, 1, 3, 74.82, -48.11, 1, 1, 3, 66.06,
                    -60.3, 1, 1, 3, 33.4, -72.25, 1, 1, 3, 1.35, -72.66, 1, 1,
                    3, -28.12, -90, 1, 1, 3, -64.1, -86.7, 1, 1, 3, -84.9,
                    -69.76, 1, 1, 3, -96.24, -42.26, 1, 1, 3, -96.46, -24.97, 1,
                    1, 3, -89.21, 16.1, 1, 1, 3, -65, 41.52, 1, 1, 3, -42.66,
                    65.28, 1, 1, 3, 6.08, 78.48, 1, 1, 3, 26.58, 81.34, 1, 1, 3,
                    41.05, 76.82, 1, 1, 3, 43.57, 68.35, 1, 1, 3, 64.45, 78.64,
                    1, 1, 3, 87.4, 62.2, 1, 1, 3, 92.52, 47.62, 1, 1, 3, 105,
                    12.13, 1, 1, 3, 91.58, -14.19, 1, 2, 3, -55.28, 20.35, 0.85,
                    4, -55.28, 20.35, 0.15, 2, 3, 20.94, -25.19, 0.85, 4, 20.94,
                    -25.19, 0.15, 2, 3, -24.28, 6.27, 0.85, 4, -24.28, 6.27,
                    0.15, 2, 3, -71.7, 2.31, 0.85, 4, -71.7, 2.31, 0.15, 2, 3,
                    55.82, 20.27, 0.85, 4, 55.82, 20.27, 0.15, 2, 3, -38.68,
                    -43.09, 0.9, 4, -38.68, -43.09, 0.1, 2, 3, -22.75, 20.27,
                    0.85, 4, -22.75, 20.27, 0.15, 2, 3, -51.9, 32.81, 0.85, 4,
                    -51.9, 32.81, 0.15, 2, 3, 75.09, 32.05, 0.85, 4, 75.09,
                    32.05, 0.15, 2, 3, 67.61, 45.25, 0.85, 4, 67.61, 45.25,
                    0.15, 2, 3, 37.25, 47.89, 0.85, 4, 37.25, 47.89, 0.15, 2, 3,
                    -10.05, 39.53, 0.85, 4, -10.05, 39.53, 0.15, 2, 3, -8.51,
                    58.89, 0.85, 4, -8.51, 58.89, 0.15, 2, 3, 32.41, 67.25,
                    0.85, 4, 32.41, 67.25, 0.15, 2, 3, 40.55, -38.79, 0.9, 4,
                    40.55, -38.79, 0.1, 2, 3, -58.4, -74.7, 0.9, 4, -58.4,
                    -74.7, 0.1, 2, 3, 53.97, -29.99, 0.9, 4, 53.97, -29.99, 0.1,
                    2, 3, 66.51, -4.03, 0.9, 4, 66.51, -4.03, 0.1, 2, 3, -31.57,
                    -72.57, 0.9, 4, -31.57, -72.57, 0.1
                  ]
                }
              },
              "h_brown_edge_glow": {
                "h_brown_edge_glow": {
                  "x": -20.5,
                  "y": -3.5,
                  "width": 189,
                  "height": 197
                }
              },
              "h_brown_shadow": {
                "h_brown_shadow": {
                  "x": 10,
                  "y": -11.82,
                  "width": 211,
                  "height": 181
                }
              }
            }
          }
        ],
        "animations": {
          "spawn": {
            "bones": {
              "gem": {
                "rotate": [
                  { "curve": 0.25, "c3": 0.75 },
                  { "time": 0.0667, "angle": -1, "curve": 0.25, "c3": 0.75 },
                  { "time": 0.2333, "angle": 1, "curve": 0.25, "c3": 0.444 },
                  { "time": 0.3667, "angle": -1, "curve": 0.25, "c3": 0.481 },
                  { "time": 0.5 }
                ],
                "translate": [
                  { "curve": 0.397, "c2": 0.51, "c3": 0.75 },
                  { "time": 0.0333, "y": -5, "curve": 0.25, "c3": 0.75 },
                  { "time": 0.1333, "y": 2, "curve": 0.25, "c3": 0.444 },
                  { "time": 0.3, "y": -1, "curve": 0.25, "c3": 0.481 },
                  { "time": 0.5 }
                ]
              },
              "ctrl": {
                "translate": [
                  { "curve": 0.25, "c3": 0.75 },
                  { "time": 0.0667, "y": 10, "curve": 0.25, "c3": 0.75 },
                  { "time": 0.2667, "y": -20, "curve": 0.25, "c3": 0.75 },
                  { "time": 0.5 }
                ]
              }
            }
          },
          "win": {
            "bones": {
              "ctrl": {
                "translate": [
                  { "curve": 0.25, "c3": 0.75 },
                  {
                    "time": 0.0667,
                    "x": -25,
                    "y": 25,
                    "curve": 0.25,
                    "c3": 0.75
                  },
                  {
                    "time": 0.2667,
                    "x": 35,
                    "y": -35,
                    "curve": 0.25,
                    "c3": 0.75
                  },
                  { "time": 0.5 }
                ]
              },
              "gem": {
                "rotate": [
                  { "curve": 0.25, "c3": 0.75 },
                  { "time": 0.1, "angle": -3.51, "curve": 0.25, "c3": 0.75 },
                  { "time": 0.3, "angle": 2.21, "curve": 0.25, "c3": 0.75 },
                  { "time": 0.3667, "angle": -1.59, "curve": 0.25, "c3": 0.75 },
                  { "time": 0.5 }
                ],
                "translate": [
                  { "curve": 0.385, "c2": 0.49, "c3": 0.75 },
                  { "time": 0.0333, "y": -7, "curve": 0.25, "c3": 0.75 },
                  {
                    "time": 0.1667,
                    "x": 0.33,
                    "y": 12.99,
                    "curve": 0.25,
                    "c3": 0.75
                  },
                  { "time": 0.2667, "y": -2, "curve": 0.25, "c3": 0.75 },
                  { "time": 0.4 }
                ],
                "scale": [
                  { "curve": 0.25, "c3": 0.75 },
                  {
                    "time": 0.1667,
                    "x": 1.07,
                    "y": 1.07,
                    "curve": 0.25,
                    "c3": 0.55
                  },
                  {
                    "time": 0.3,
                    "x": 0.99,
                    "y": 0.99,
                    "curve": 0.25,
                    "c3": 0.55
                  },
                  {
                    "time": 0.4333,
                    "x": 1.003,
                    "y": 1.003,
                    "curve": 0.25,
                    "c3": 0.615
                  },
                  { "time": 0.5 }
                ]
              }
            }
          }
        }
      },
      [0]
    ]
  ],
  0,
  0,
  [0],
  [-1],
  [0]
]
