[
  1,
  ["f68CN+TK5FcLkM1mUYEOnI"],
  ["_textureSetter"],
  ["cc.SpriteFrame"],
  0,
  [
    [
      [
        {
          "name": "bns_05_add_27",
          "rect": [499, 67, 4, 4],
          "offset": [28, 22],
          "originalSize": [200, 200],
          "capInsets": [0, 0, 0, 0]
        }
      ],
      [0],
      0,
      [0],
      [0],
      [0]
    ],
    [
      [
        {
          "name": "bns_05_add_32",
          "rect": [505, 67, 3, 3],
          "offset": [-98.5, 98.5],
          "originalSize": [200, 200],
          "capInsets": [0, 0, 0, 0]
        }
      ],
      [0],
      0,
      [0],
      [0],
      [0]
    ],
    [
      [
        {
          "name": "bns_05_add_10",
          "rect": [281, 133, 140, 128],
          "offset": [-6, -6],
          "originalSize": [200, 200],
          "rotated": 1,
          "capInsets": [0, 0, 0, 0]
        }
      ],
      [0],
      0,
      [0],
      [0],
      [0]
    ],
    [
      [
        {
          "name": "bns_05_add_24",
          "rect": [481, 113, 28, 82],
          "offset": [29, -9],
          "originalSize": [200, 200],
          "capInsets": [0, 0, 0, 0]
        }
      ],
      [0],
      0,
      [0],
      [0],
      [0]
    ],
    [
      [
        {
          "name": "bns_05_add_03",
          "rect": [1, 555, 126, 132],
          "offset": [-4, 2],
          "originalSize": [200, 200],
          "capInsets": [0, 0, 0, 0]
        }
      ],
      [0],
      0,
      [0],
      [0],
      [0]
    ],
    [
      [
        {
          "name": "bns_05_add_20",
          "rect": [401, 327, 108, 120],
          "offset": [9, -10],
          "originalSize": [200, 200],
          "capInsets": [0, 0, 0, 0]
        }
      ],
      [0],
      0,
      [0],
      [0],
      [0]
    ],
    [
      [
        {
          "name": "bns_05_add_02",
          "rect": [129, 671, 120, 128],
          "offset": [-3, 3],
          "originalSize": [200, 200],
          "capInsets": [0, 0, 0, 0]
        }
      ],
      [0],
      0,
      [0],
      [0],
      [0]
    ],
    [
      [
        {
          "name": "bns_05_add_17",
          "rect": [267, 557, 124, 126],
          "offset": [2, -7],
          "originalSize": [200, 200],
          "rotated": 1,
          "capInsets": [0, 0, 0, 0]
        }
      ],
      [0],
      0,
      [0],
      [0],
      [0]
    ],
    [
      [
        {
          "name": "bns_05_add_11",
          "rect": [141, 139, 140, 128],
          "offset": [-6, -6],
          "originalSize": [200, 200],
          "rotated": 1,
          "capInsets": [0, 0, 0, 0]
        }
      ],
      [0],
      0,
      [0],
      [0],
      [0]
    ],
    [
      [
        {
          "name": "bns_05_add_30",
          "rect": [505, 67, 3, 3],
          "offset": [-98.5, 98.5],
          "originalSize": [200, 200],
          "capInsets": [0, 0, 0, 0]
        }
      ],
      [0],
      0,
      [0],
      [0],
      [0]
    ],
    [
      [
        {
          "name": "bns_05_add_31",
          "rect": [505, 67, 3, 3],
          "offset": [-98.5, 98.5],
          "originalSize": [200, 200],
          "capInsets": [0, 0, 0, 0]
        }
      ],
      [0],
      0,
      [0],
      [0],
      [0]
    ],
    [
      [
        {
          "name": "bns_05_add_15",
          "rect": [271, 417, 138, 128],
          "offset": [-5, -6],
          "originalSize": [200, 200],
          "rotated": 1,
          "capInsets": [0, 0, 0, 0]
        }
      ],
      [0],
      0,
      [0],
      [0],
      [0]
    ],
    [
      [
        {
          "name": "bns_05_add_08",
          "rect": [131, 281, 138, 128],
          "offset": [-5, -6],
          "originalSize": [200, 200],
          "capInsets": [0, 0, 0, 0]
        }
      ],
      [0],
      0,
      [0],
      [0],
      [0]
    ],
    [
      [
        {
          "name": "bns_05_add_01",
          "rect": [379, 683, 118, 122],
          "offset": [2, 2],
          "originalSize": [200, 200],
          "rotated": 1,
          "capInsets": [0, 0, 0, 0]
        }
      ],
      [0],
      0,
      [0],
      [0],
      [0]
    ],
    [
      [
        {
          "name": "bns_05_add_21",
          "rect": [421, 1, 64, 110],
          "offset": [29, -14],
          "originalSize": [200, 200],
          "capInsets": [0, 0, 0, 0]
        }
      ],
      [0],
      0,
      [0],
      [0],
      [0]
    ],
    [
      [
        {
          "name": "bns_05_add_04",
          "rect": [1, 137, 132, 138],
          "offset": [-4, 3],
          "originalSize": [200, 200],
          "rotated": 1,
          "capInsets": [0, 0, 0, 0]
        }
      ],
      [0],
      0,
      [0],
      [0],
      [0]
    ],
    [
      [
        {
          "name": "bns_05_add_16",
          "rect": [129, 541, 136, 128],
          "offset": [-4, -6],
          "originalSize": [200, 200],
          "capInsets": [0, 0, 0, 0]
        }
      ],
      [0],
      0,
      [0],
      [0],
      [0]
    ],
    [
      [
        {
          "name": "bns_05_add_12",
          "rect": [1, 413, 140, 126],
          "offset": [-6, -7],
          "originalSize": [200, 200],
          "rotated": 1,
          "capInsets": [0, 0, 0, 0]
        }
      ],
      [0],
      0,
      [0],
      [0],
      [0]
    ],
    [
      [
        {
          "name": "bns_05_add_07",
          "rect": [281, 1, 138, 130],
          "offset": [-5, -4],
          "originalSize": [200, 200],
          "capInsets": [0, 0, 0, 0]
        }
      ],
      [0],
      0,
      [0],
      [0],
      [0]
    ],
    [
      [
        {
          "name": "bns_05_add_22",
          "rect": [421, 113, 58, 106],
          "offset": [29, -13],
          "originalSize": [200, 200],
          "capInsets": [0, 0, 0, 0]
        }
      ],
      [0],
      0,
      [0],
      [0],
      [0]
    ],
    [
      [
        {
          "name": "bns_05_add_18",
          "rect": [251, 683, 120, 126],
          "offset": [4, -7],
          "originalSize": [200, 200],
          "rotated": 1,
          "capInsets": [0, 0, 0, 0]
        }
      ],
      [0],
      0,
      [0],
      [0],
      [0]
    ],
    [
      [
        {
          "name": "bns_05_add_14",
          "rect": [1, 271, 140, 128],
          "offset": [-6, -6],
          "originalSize": [200, 200],
          "rotated": 1,
          "capInsets": [0, 0, 0, 0]
        }
      ],
      [0],
      0,
      [0],
      [0],
      [0]
    ],
    [
      [
        {
          "name": "bns_05_add_25",
          "rect": [487, 1, 10, 68],
          "offset": [28, -7],
          "originalSize": [200, 200],
          "capInsets": [0, 0, 0, 0]
        }
      ],
      [0],
      0,
      [0],
      [0],
      [0]
    ],
    [
      [
        {
          "name": "bns_05_add_00",
          "rect": [401, 449, 110, 114],
          "offset": [2, 3],
          "originalSize": [200, 200],
          "capInsets": [0, 0, 0, 0]
        }
      ],
      [0],
      0,
      [0],
      [0],
      [0]
    ],
    [
      [
        {
          "name": "bns_05_add_19",
          "rect": [1, 689, 112, 124],
          "offset": [8, -8],
          "originalSize": [200, 200],
          "rotated": 1,
          "capInsets": [0, 0, 0, 0]
        }
      ],
      [0],
      0,
      [0],
      [0],
      [0]
    ],
    [
      [
        {
          "name": "bns_05_add_26",
          "rect": [499, 1, 8, 64],
          "offset": [27, -7],
          "originalSize": [200, 200],
          "capInsets": [0, 0, 0, 0]
        }
      ],
      [0],
      0,
      [0],
      [0],
      [0]
    ],
    [
      [
        {
          "name": "bns_05_add_13",
          "rect": [271, 275, 140, 128],
          "offset": [-6, -6],
          "originalSize": [200, 200],
          "rotated": 1,
          "capInsets": [0, 0, 0, 0]
        }
      ],
      [0],
      0,
      [0],
      [0],
      [0]
    ],
    [
      [
        {
          "name": "bns_05_add_23",
          "rect": [411, 221, 56, 104],
          "offset": [29, -12],
          "originalSize": [200, 200],
          "capInsets": [0, 0, 0, 0]
        }
      ],
      [0],
      0,
      [0],
      [0],
      [0]
    ],
    [
      [
        {
          "name": "bns_05_add_05",
          "rect": [1, 1, 134, 140],
          "offset": [-5, 2],
          "originalSize": [200, 200],
          "rotated": 1,
          "capInsets": [0, 0, 0, 0]
        }
      ],
      [0],
      0,
      [0],
      [0],
      [0]
    ],
    [
      [
        {
          "name": "bns_05_add_28",
          "rect": [505, 67, 3, 3],
          "offset": [-98.5, 98.5],
          "originalSize": [200, 200],
          "capInsets": [0, 0, 0, 0]
        }
      ],
      [0],
      0,
      [0],
      [0],
      [0]
    ],
    [
      [
        {
          "name": "bns_05_add_06",
          "rect": [143, 1, 136, 136],
          "offset": [-5, 0],
          "originalSize": [200, 200],
          "capInsets": [0, 0, 0, 0]
        }
      ],
      [0],
      0,
      [0],
      [0],
      [0]
    ],
    [
      [
        {
          "name": "bns_05_add_09",
          "rect": [131, 411, 138, 128],
          "offset": [-5, -6],
          "originalSize": [200, 200],
          "capInsets": [0, 0, 0, 0]
        }
      ],
      [0],
      0,
      [0],
      [0],
      [0]
    ],
    [
      [
        {
          "name": "bns_05_add_29",
          "rect": [505, 67, 3, 3],
          "offset": [-98.5, 98.5],
          "originalSize": [200, 200],
          "capInsets": [0, 0, 0, 0]
        }
      ],
      [0],
      0,
      [0],
      [0],
      [0]
    ]
  ]
]
