[
  1,
  ["31tDZxlrBAMpJvSC5RmZkn"],
  ["_textureSetter"],
  ["cc.SpriteFrame"],
  0,
  [
    [
      [
        {
          "name": "turbo_lightning_07",
          "rect": [111, 31, 3, 3],
          "offset": [-28.5, 28.5],
          "originalSize": [60, 60],
          "capInsets": [0, 0, 0, 0]
        }
      ],
      [0],
      0,
      [0],
      [0],
      [0]
    ],
    [
      [
        {
          "name": "turbo_lightning_06",
          "rect": [53, 79, 10, 38],
          "offset": [-5, -7],
          "originalSize": [60, 60],
          "rotated": 1,
          "capInsets": [0, 0, 0, 0]
        }
      ],
      [0],
      0,
      [0],
      [0],
      [0]
    ],
    [
      [
        {
          "name": "turbo_lightning_05",
          "rect": [37, 81, 14, 40],
          "offset": [-5, -8],
          "originalSize": [60, 60],
          "capInsets": [0, 0, 0, 0]
        }
      ],
      [0],
      0,
      [0],
      [0],
      [0]
    ]
  ]
]
