{
  "FeatureGameSuggest": {
    "Title": "การแจ้งเตือนฟีเจอร์ที่ยังเล่นไม่จบ",
    "Message": "คุณมีฟีเจอร์ที่ยังเล่นไม่จบใน %{gameName}",
    "MessageExtraGame": "คุณมีฟีเจอร์ที่ยังเล่นไม่จบใน %{gameName} และเกมอื่นๆ อีก %{totalGame} เกม",
    "MessageOptions": "คุณต้องการเล่นฟีเจอร์ดังกล่าวต่อหรือไม่",
    "MessageForceComplete": "กรุณาดำเนินการให้เสร็จสิ้นก่อนที่จะเริ่มเกมใหม่ ",
    "DialogContinue": "เล่นต่อไป"
  },
  "MaxWin": {
    "Title": "ถึงขีดจำกัดเงินรางวัลสูงสุดแล้ว!",
    "Message": "คุณชนะรางวัล %{amount}! "
  },
  "GameCustomDisplay": {
    "SessionNetPosition": "สุทธิ",
    "SessionTime": "ช่วงเซสชัน"
  },
  "GameTitleTrial": { "Title": "โหมดทดลองเล่น" },
  "HealthReminder": {
    "ReminderSeconds": "%{smart_count} วินาที |||| %{smart_count} วินาที",
    "ReminderMinutes": "%{smart_count} นาที |||| %{smart_count} นาที",
    "ReminderHours": "%{smart_count} ชั่วโมง |||| %{smart_count} ชั่วโมง",
    "HealthCareTitle": "ตัวเตือนความจำ",
    "HealthCareSentence": "คุณเล่นไปแล้ว %{value}",
    "ViewGameHistory": "ดู ประวัติเกม",
    "HealthCareReminderContinue": "เล่นต่อไป",
    "HealthCareReminderExit": "ออก"
  },
  "Login": {
    "LoginFail": "เข้าสู่ระบบล้มเหลว ทางระบบกำลังลองใหม่อีกครั้ง... (ครั้ง%{times})",
    "WebLoginReload": "รีโหลด",
    "WebLoginDismiss": "เลิก",
    "WebLoginLoading": "กำลังโหลด",
    "WebLoginLoadPageFailed": "การโหลดล้มเหลว",
    "WebLoginLogin": "เข้าสู่ระบบ"
  },
  "RetryHandler": { "Times": "(ครั้ง %{times})" },
  "TurboSpinSuggest": {
    "Message": "ดูเหมือนคุณจะเล่นอย่างเร็ว คุณต้องการเปิดการหมุนเทอร์โบหรือไม่?",
    "Later": "ภายหลัง",
    "Enable": "เปิดใช้งาน"
  }
}
