[
  1,
  ["755QemO8VKoYn/j8Mchu8M"],
  ["_textureSetter"],
  ["cc.SpriteFrame"],
  0,
  [
    [
      [
        {
          "name": "ic_chip",
          "rect": [83, 753, 42, 44],
          "offset": [0, 0],
          "originalSize": [60, 60],
          "capInsets": [0, 0, 0, 0]
        }
      ],
      [0],
      0,
      [0],
      [0],
      [0]
    ],
    [
      [
        {
          "name": "ic_wallet_new",
          "rect": [93, 468, 28, 23],
          "offset": [0, 0],
          "originalSize": [28, 23],
          "capInsets": [0, 0, 0, 0]
        }
      ],
      [0],
      0,
      [0],
      [0],
      [0]
    ],
    [
      [
        {
          "name": "ic_coupon",
          "rect": [53, 1439, 50, 38],
          "offset": [0, 0],
          "originalSize": [60, 60],
          "capInsets": [0, 0, 0, 0]
        }
      ],
      [0],
      0,
      [0],
      [0],
      [0]
    ],
    [
      [
        {
          "name": "ic_wallet_open",
          "rect": [81, 1003, 44, 44],
          "offset": [0, 0],
          "originalSize": [60, 60],
          "capInsets": [0, 0, 0, 0]
        }
      ],
      [0],
      0,
      [0],
      [0],
      [0]
    ],
    [
      [
        {
          "name": "ic_spin",
          "rect": [51, 1484, 48, 48],
          "offset": [0, 0],
          "originalSize": [60, 60],
          "capInsets": [0, 0, 0, 0]
        }
      ],
      [0],
      0,
      [0],
      [0],
      [0]
    ],
    [
      [
        {
          "name": "setting_info_footer_bg",
          "rect": [111, 123, 3, 305],
          "offset": [0, 0],
          "originalSize": [3, 305],
          "capInsets": [0, 20, 0, 0]
        }
      ],
      [0],
      0,
      [0],
      [0],
      [0]
    ],
    [
      [
        {
          "name": "ic_rollover",
          "rect": [1, 1484, 48, 48],
          "offset": [0, 0],
          "originalSize": [60, 60],
          "capInsets": [0, 0, 0, 0]
        }
      ],
      [0],
      0,
      [0],
      [0],
      [0]
    ],
    [
      [
        {
          "name": "ic_free_game",
          "rect": [81, 1049, 44, 42],
          "offset": [0, 2],
          "originalSize": [60, 60],
          "capInsets": [0, 0, 0, 0]
        }
      ],
      [0],
      0,
      [0],
      [0],
      [0]
    ]
  ]
]
