[
  1,
  ["a0emHyPaVA67szpITHEsY7"],
  ["_textureSetter"],
  ["cc.SpriteFrame"],
  0,
  [
    [
      [
        {
          "name": "click_c",
          "rect": [201, 1, 192, 192],
          "offset": [0, 0],
          "originalSize": [200, 200],
          "capInsets": [0, 0, 0, 0]
        }
      ],
      [0],
      0,
      [0],
      [0],
      [0]
    ],
    [
      [
        {
          "name": "click_a",
          "rect": [1, 1, 198, 198],
          "offset": [0, 0],
          "originalSize": [200, 200],
          "capInsets": [0, 0, 0, 0]
        }
      ],
      [0],
      0,
      [0],
      [0],
      [0]
    ],
    [
      [
        {
          "name": "click_b",
          "rect": [395, 1, 170, 170],
          "offset": [0, 0],
          "originalSize": [200, 200],
          "capInsets": [0, 0, 0, 0]
        }
      ],
      [0],
      0,
      [0],
      [0],
      [0]
    ]
  ]
]
