{
  "paths": {},
  "types": [],
  "uuids": [
    "5fXf428GJArryg385Rd+OR",
    "6auv7Wda9PSJaYWACQWy/h",
    "ecpdLyjvZBwrvm+cedCcQy",
    "ed1XC9axhMTofhrYxIW426"
  ],
  "scenes": { "db://assets/imports/scene/main.fire": 1 },
  "redirect": [2, 0],
  "deps": ["internal"],
  "packs": { "048465303": [1, 3] },
  "name": "main",
  "importBase": "import",
  "nativeBase": "native",
  "debug": false,
  "isZip": false,
  "encrypted": false,
  "versions": {
    "import": ["048465303", "9b592", 0, "1a565"],
    "native": [0, "27ca9"]
  }
}
