[
  1,
  [
    "11mGxrAiRMHJ6TRJIz8Ri1",
    "212Oa7J3hHOacZNI7g5q8Z",
    "7bcnEtSORFqZ9QHo2YCErh",
    "19g1m2hc9J+KFmNR/8Q7gL",
    "3dA1XfG3ZMv7JWYzDvm048",
    "d8doDRXDFAtrsqT90fang+",
    "5cDXoon1dAkIwlu3XZGnXd",
    "6866GxnDVIQpDab/zupSqZ",
    "64RAiKVdRGrY9czgklOGg7",
    "78uu2krFBMyZzlalYEngE7",
    "82oGhWo3xK+7Xcz12B2oIp",
    "ed9hcwRBVLoqOfWwHjYrOs",
    "caU+SiSN9OdpQUSf048yvg",
    "f5bvrqF4FHEIf9sulSSztc",
    "3aUly5jzJKvq241I1cD37x",
    "e546gfmN9Nqbdq7TXgkRo7",
    "20FyF+plVGrIPlAdyD+g2J"
  ],
  [
    "_textureSetter",
    "h_discoball",
    "h_discoball_blur",
    "h_djpad",
    "h_djpad_blur",
    "h_headphone",
    "h_headphone_blur",
    "h_mic",
    "h_mic_blur",
    "l_a",
    "l_a_blur",
    "l_j",
    "l_j_blur",
    "l_k",
    "l_k_blur",
    "l_q",
    "l_q_blur"
  ],
  ["cc.SpriteFrame", ["cc.SpriteAtlas", ["_name", "_spriteFrames"], 2, 11]],
  [[1, 0, 1, 2]],
  [
    [
      [
        {
          "name": "h_djpad",
          "rect": [1, 1, 142, 122],
          "offset": [-2, 0],
          "originalSize": [350, 350],
          "rotated": 1,
          "capInsets": [0, 0, 0, 0]
        }
      ],
      [0],
      0,
      [0],
      [0],
      [0]
    ],
    [
      [
        {
          "name": "l_q_blur",
          "rect": [504, 161, 59, 69],
          "offset": [0, -1],
          "originalSize": [175, 175],
          "capInsets": [0, 0, 0, 0]
        }
      ],
      [0],
      0,
      [0],
      [0],
      [0]
    ],
    [
      [
        {
          "name": "h_discoball",
          "rect": [125, 1, 134, 128],
          "offset": [0, 0],
          "originalSize": [350, 350],
          "rotated": 1,
          "capInsets": [0, 0, 0, 0]
        }
      ],
      [0],
      0,
      [0],
      [0],
      [0]
    ],
    [
      [
        {
          "name": "l_k_blur",
          "rect": [565, 145, 55, 61],
          "offset": [-2, 1],
          "originalSize": [175, 175],
          "capInsets": [0, 0, 0, 0]
        }
      ],
      [0],
      0,
      [0],
      [0],
      [0]
    ],
    [
      [
        {
          "name": "h_djpad_blur",
          "rect": [445, 82, 73, 77],
          "offset": [-2, 0],
          "originalSize": [175, 175],
          "capInsets": [0, 0, 0, 0]
        }
      ],
      [0],
      0,
      [0],
      [0],
      [0]
    ],
    [
      [
        [
          0,
          "symbols.plist",
          [
            {},
            "h_discoball",
            6,
            0,
            "h_discoball_blur",
            6,
            1,
            "h_djpad",
            6,
            2,
            "h_djpad_blur",
            6,
            3,
            "h_headphone",
            6,
            4,
            "h_headphone_blur",
            6,
            5,
            "h_mic",
            6,
            6,
            "h_mic_blur",
            6,
            7,
            "l_a",
            6,
            8,
            "l_a_blur",
            6,
            9,
            "l_j",
            6,
            10,
            "l_j_blur",
            6,
            11,
            "l_k",
            6,
            12,
            "l_k_blur",
            6,
            13,
            "l_q",
            6,
            14,
            "l_q_blur",
            6,
            15
          ]
        ]
      ],
      0,
      0,
      [0, 0, 0, 0, 0, 0, 0, 0, 0, 0, 0, 0, 0, 0, 0, 0],
      [1, 2, 3, 4, 5, 6, 7, 8, 9, 10, 11, 12, 13, 14, 15, 16],
      [1, 2, 3, 4, 5, 6, 7, 8, 9, 10, 11, 12, 13, 14, 15, 16]
    ],
    [
      [
        {
          "name": "h_headphone_blur",
          "rect": [506, 1, 65, 77],
          "offset": [-1, 1],
          "originalSize": [175, 175],
          "capInsets": [0, 0, 0, 0]
        }
      ],
      [0],
      0,
      [0],
      [0],
      [0]
    ],
    [
      [
        {
          "name": "h_mic_blur",
          "rect": [445, 161, 57, 77],
          "offset": [-1, 1],
          "originalSize": [175, 175],
          "capInsets": [0, 0, 0, 0]
        }
      ],
      [0],
      0,
      [0],
      [0],
      [0]
    ],
    [
      [
        {
          "name": "h_mic",
          "rect": [1, 145, 110, 120],
          "offset": [0, 0],
          "originalSize": [350, 350],
          "rotated": 1,
          "capInsets": [0, 0, 0, 0]
        }
      ],
      [0],
      0,
      [0],
      [0],
      [0]
    ],
    [
      [
        {
          "name": "h_discoball_blur",
          "rect": [435, 1, 69, 79],
          "offset": [-1, 1],
          "originalSize": [175, 175],
          "capInsets": [0, 0, 0, 0]
        }
      ],
      [0],
      0,
      [0],
      [0],
      [0]
    ],
    [
      [
        {
          "name": "l_a_blur",
          "rect": [520, 80, 63, 61],
          "offset": [-2, 1],
          "originalSize": [175, 175],
          "rotated": 1,
          "capInsets": [0, 0, 0, 0]
        }
      ],
      [0],
      0,
      [0],
      [0],
      [0]
    ],
    [
      [
        {
          "name": "l_j_blur",
          "rect": [573, 1, 55, 61],
          "offset": [-1, 1],
          "originalSize": [175, 175],
          "capInsets": [0, 0, 0, 0]
        }
      ],
      [0],
      0,
      [0],
      [0],
      [0]
    ],
    [
      [
        {
          "name": "h_headphone",
          "rect": [213, 137, 124, 118],
          "offset": [0, 0],
          "originalSize": [350, 350],
          "capInsets": [0, 0, 0, 0]
        }
      ],
      [0],
      0,
      [0],
      [0],
      [0]
    ]
  ]
]
