[
  1,
  [
    "92G/CtrRFNLIVz13YHGe/p",
    "0ehrykgnxJlbum6eoKtKdm",
    "f4XSOLYfdOUIXRINLqTCgM",
    "4f89jGo/5LoYvUu6y7pxM+",
    "871l6d2XFM5qwKCKrR0lss",
    "e6eMNX6nRCCocPtMWADAtt",
    "2frNlFeZ9Fy5t8rn5sIeav"
  ],
  [
    "_textureSetter",
    "s_wild_anim_00",
    "s_wild_anim_01",
    "s_wild_anim_02",
    "s_wild_anim_03",
    "s_wild_anim_04",
    "s_wild_anim_05"
  ],
  ["cc.SpriteFrame", ["cc.SpriteAtlas", ["_name", "_spriteFrames"], 2, 11]],
  [[1, 0, 1, 2]],
  [
    [
      [
        {
          "name": "s_wild_anim_00",
          "rect": [1, 195, 144, 156],
          "offset": [-5, 1],
          "originalSize": [500, 500],
          "rotated": 1,
          "capInsets": [0, 0, 0, 0]
        }
      ],
      [0],
      0,
      [0],
      [0],
      [0]
    ],
    [
      [
        [
          0,
          "s_wild_anim.plist",
          [
            {},
            "s_wild_anim_00",
            6,
            0,
            "s_wild_anim_01",
            6,
            1,
            "s_wild_anim_02",
            6,
            2,
            "s_wild_anim_03",
            6,
            3,
            "s_wild_anim_04",
            6,
            4,
            "s_wild_anim_05",
            6,
            5
          ]
        ]
      ],
      0,
      0,
      [0, 0, 0, 0, 0, 0],
      [1, 2, 3, 4, 5, 6],
      [1, 2, 3, 4, 5, 6]
    ],
    [
      [
        {
          "name": "s_wild_anim_05",
          "rect": [249, 341, 154, 156],
          "offset": [-12, 2],
          "originalSize": [500, 500],
          "capInsets": [0, 0, 0, 0]
        }
      ],
      [0],
      0,
      [0],
      [0],
      [0]
    ],
    [
      [
        {
          "name": "s_wild_anim_02",
          "rect": [1, 341, 246, 156],
          "offset": [-56, 1],
          "originalSize": [500, 500],
          "capInsets": [0, 0, 0, 0]
        }
      ],
      [0],
      0,
      [0],
      [0],
      [0]
    ],
    [
      [
        {
          "name": "s_wild_anim_03",
          "rect": [1, 1, 258, 192],
          "offset": [-10, 15],
          "originalSize": [500, 500],
          "capInsets": [0, 0, 0, 0]
        }
      ],
      [0],
      0,
      [0],
      [0],
      [0]
    ],
    [
      [
        {
          "name": "s_wild_anim_04",
          "rect": [261, 1, 218, 180],
          "offset": [13, 14],
          "originalSize": [500, 500],
          "capInsets": [0, 0, 0, 0]
        }
      ],
      [0],
      0,
      [0],
      [0],
      [0]
    ],
    [
      [
        {
          "name": "s_wild_anim_01",
          "rect": [261, 183, 178, 156],
          "offset": [-22, 1],
          "originalSize": [500, 500],
          "capInsets": [0, 0, 0, 0]
        }
      ],
      [0],
      0,
      [0],
      [0],
      [0]
    ]
  ]
]
