[
  1,
  [
    "477m3vG7lJ8al3uSnXsoP6",
    "ddUl9T0utPf62EoHHYjAyh",
    "edzgXg1rBFdq8XBcDH8vNJ",
    "ecpdLyjvZBwrvm+cedCcQy",
    "61Z4M0vzVP1KozRcjgtCVg",
    "d7w1v/ncdM85OYoMUuqmQG",
    "beR+wKcwVFVa6icF4yKc47",
    "062kXsxWZPd4S5LHg02x/D",
    "112CF8/6xBAqb1IGq4Ps5U",
    "26W6sTFnpD7K4vPNIfO9zC",
    "0ctXb5YZNNvqZuJP2Newax",
    "ffg6Y5BmJIQrHUW/tYnA25",
    "73K0nJbB5Mg5ffesAkv6+w",
    "07lw5hrr9GIpRPVYKTUuv0",
    "edmt8nhh5PqJmLZlW9qvs8",
    "baGOFt855EfYb0lBStmKs+",
    "50Ux5oypFKRInfRcY18Suf",
    "adS7RI055ADI8mkmk6mMLI",
    "a36a1Aei1Lpq3LDPwgyzgY",
    "7e7lHbsEpILbUbxglHVcEd",
    "6eTvRyrzlK2r90vBHG20Yg",
    "aa9RdI2mpCJaMLdxmJgarz",
    "65QbgpIvhC55elKd/y+K6l",
    "51Yu8O3f5L3JUXcNatdQc6",
    "64aiKh5RFJJIxAnIkVwHRd",
    "9caSpj7/FDQ4B1eWdL7siN",
    "77yBXOxnlByaWGma1T+Tna",
    "91fVJsQkNPrJu0KpHkU5sD",
    "9c8DOZXDNKpLbxheTpmzLK",
    "6ad8auJK5IF79A1oAGRqkt",
    "baxOLARZZFNbLXLrfY8UJw",
    "dfYDbFzIFDoZs6q6oee++1",
    "70d2J3hbNIfLUAD/V9mfXS",
    "320b7M6TxDoJjtBQA9mxpf",
    "e6HT2NlBRGDIH5wEngMdxl",
    "5dwQ0nHw1N16Ej/YEoMA4A",
    "69xa2Al+ZC4r4ru8Yxxler",
    "0fv+DIwS9AVrEvN6V+JUGI",
    "f6tuh0oL9LeqNReAy5toDN",
    "114CfdiMZLwL1wMYd8sk+2",
    "07uy4vm61DN6ikRdo6mgOt",
    "b9pGOeaFtCLIXyZuPDiJg4",
    "d4D0kK5ulIKJQx1PfckBhx",
    "1cuQQrf9FPCqa1Y2xSMh6z",
    "1aVqGTatlC+IpmLq0/O9hW",
    "56s/KQeytK5al2nCV3yoQz",
    "90Nx6dWmtB7bo5lsvLsiRm",
    "b1FB90Y8JGgLMYPNIxZkJ/",
    "80pqgiXIxJ6L80gq9438d8",
    "beWIVzoIVOf4nlxFGM7+WJ",
    "cbTq0nPA9PqK9XlxSj4Fdj",
    "c36bEiWetIFp9xm9en88zU",
    "8e5J6/+l9JRJim/kKZkmql",
    "d4xnp0fa9Ox70neZHGKuV6",
    "59gdZRA5BL8ZmzGcBghLV9",
    "02aWvBYGVD8L+ZLnIYIhXT",
    "4bl0hFPldHgYzv1ZJ+oPlc",
    "74DZNrsQdBl7AowuxilHak",
    "eaoEu573ZCKbNZHPpM4UBQ",
    "38BkTEV0dNcpgWEypcXwc3",
    "35+sHKQ/5IGZFsNLv6M+UQ",
    "e4ZC9VvupKCqxxQ4uRzmHC",
    "154qYCEmlBt5Xu/6moeCne",
    "3fk+jfBwFN4KzMptmwA29N",
    "07bSCPtthFZKCOW0t3tkY1",
    "b3T5BCsyJFaZboFnAlw/zr",
    "934il+4K5EX7EDryjci/lY",
    "0cy69Lu7RK4p7BpboX3gyX",
    "c5GKKqrr9HSrLcgXeYxp1q",
    "071YFvs4hLKqlxdMR5abEK",
    "913Zjmw6FLOoc7p5aKPnjd",
    "43t7jMuENPDLESTfPr0V+l",
    "668Nl8auZGIr3VTXT2ud1I",
    "12fC7UWsZOap8JEyadsrFQ",
    "db9X/azwJMvaOr5X749B3K",
    "83Gl7LAhFEdLU/NibACx2W",
    "94/OgKZadKf6r/SYQQTlUQ",
    "dcq1sFxbpIdqkJCpvfIEZN"
  ],
  [
    "_textureSetter",
    "value",
    "node",
    "_spriteFrame",
    "_defaultClip",
    "root",
    "data"
  ],
  [
    "cc.SpriteFrame",
    [
      "cc.Sprite",
      [
        "_sizeMode",
        "_isTrimmedMode",
        "_dstBlendFactor",
        "_srcBlendFactor",
        "node",
        "_materials",
        "_spriteFrame"
      ],
      -1,
      1,
      3,
      6
    ],
    [
      "cc.Node",
      [
        "_name",
        "_active",
        "_opacity",
        "_components",
        "_prefab",
        "_trs",
        "_parent",
        "_contentSize",
        "_children"
      ],
      0,
      9,
      4,
      7,
      1,
      5,
      2
    ],
    [
      "cc.Node",
      [
        "_name",
        "_active",
        "_opacity",
        "_parent",
        "_components",
        "_prefab",
        "_contentSize",
        "_trs"
      ],
      0,
      1,
      12,
      4,
      5,
      7
    ],
    ["cc.PrefabInfo", ["fileId", "root", "asset"], 2, 1, 1],
    [
      "0348fevZjVOM42Vg033Yxi3",
      [
        "ringScaleFrom",
        "ringScaleTo",
        "itemId",
        "node",
        "fadeOutHolder",
        "ringVfxNode",
        "glowAnimation",
        "particleAnimation",
        "outerRingNode"
      ],
      0,
      1,
      1,
      1,
      1,
      1,
      1
    ],
    ["cc.Prefab", ["_name"], 2],
    [
      "cc.Node",
      ["_name", "_parent", "_children", "_components", "_prefab", "_trs"],
      2,
      1,
      2,
      2,
      4,
      7
    ],
    ["8c234FdEiZGsZ5CLvmUDEDf", ["node", "featureButtonList"], 3, 1, 2],
    ["cc.Animation", ["node", "_clips"], 3, 1, 3],
    [
      "cc.AnimationClip",
      ["_name", "_duration", "sample", "wrapMode", "curveData"],
      -1,
      11
    ]
  ],
  [
    [4, 0, 1, 2, 2],
    [9, 0, 1, 1],
    [2, 0, 1, 2, 6, 3, 4, 7, 5, 4],
    [3, 0, 1, 3, 4, 5, 6, 7, 3],
    [7, 0, 1, 2, 3, 4, 5, 2],
    [1, 2, 0, 1, 4, 5, 6, 4],
    [1, 0, 1, 4, 5, 6, 3],
    [1, 2, 0, 1, 4, 5, 4],
    [1, 3, 2, 0, 1, 4, 5, 5],
    [10, 0, 1, 2, 3, 4, 5],
    [3, 0, 1, 2, 3, 4, 5, 6, 7, 4],
    [5, 0, 1, 2, 3, 4, 5, 6, 7, 8, 4],
    [6, 0, 2],
    [2, 0, 8, 3, 4, 5, 2],
    [2, 0, 1, 6, 3, 4, 7, 5, 3],
    [8, 0, 1, 1],
    [4, 1, 2, 1],
    [5, 0, 1, 3, 4, 5, 6, 7, 8, 3]
  ],
  [
    [
      [
        {
          "name": "feature_02_n_add_17",
          "rect": [194, 637, 199, 172],
          "offset": [-4, 0],
          "originalSize": [257, 300],
          "rotated": 1,
          "capInsets": [0, 0, 0, 0]
        }
      ],
      [0],
      0,
      [0],
      [0],
      [0]
    ],
    [
      [
        [12, "feature_display_controller"],
        [
          13,
          "feature_display_controller",
          [-6, -7, -8],
          [[15, -5, [-2, -3, -4]]],
          [16, -1, 0],
          [0, 720, 0, 0, 0, 0, 1, 1, 1, 1]
        ],
        [
          4,
          "feature_1",
          1,
          [-10, -11, -12, -13],
          [-9],
          [0, "f04Du1eYpKBaldrluHni1z", 1, 0],
          [-334, 0, 0, 0, 0, 0, 1, 1, 1, 1]
        ],
        [
          4,
          "feature_2",
          1,
          [-15, -16, -17, -18],
          [-14],
          [0, "d2yoi8IYtDkYZ7Yf6u5LQH", 1, 0],
          [0, 20, 0, 0, 0, 0, 1, 1, 1, 1]
        ],
        [
          4,
          "feature_3",
          1,
          [-20, -21, -22, -23],
          [-19],
          [0, "ef9057ybNIdIki4S/Slsbm", 1, 0],
          [328, 0, 0, 0, 0, 0, 1, 1, 1, 1]
        ],
        [
          2,
          "f1_ring_vfx_add",
          false,
          0,
          2,
          [[5, 1, 2, false, -24, [0], 1]],
          [0, "38VGPZ2LlG/oP863SnIY0u", 1, 0],
          [5, 175, 136],
          [2, -10, 0, 0, 0, 0, 1, 1.9, 1.9, 1]
        ],
        [
          2,
          "feature_01_f_normal",
          false,
          0,
          2,
          [[6, 2, false, -25, [2], 3]],
          [0, "cb+eXbjdJKcoTECdLux/kz", 1, 0],
          [5, 177, 145],
          [0, -15, 0, 0, 0, 0, 1, 2, 2, 1]
        ],
        [
          3,
          "feature_01_b",
          false,
          2,
          [[[7, 1, 2, false, -26, [4]], -27], 4, 1],
          [0, "51RQYUYLRM97sU1gmJf0et", 1, 0],
          [5, 257, 300],
          [5, 40, 0, 0, 0, 0, 1, 2, 2, 2]
        ],
        [
          3,
          "feature_01_o",
          false,
          2,
          [[[8, 1, 769, 2, false, -28, [6]], -29], 4, 1],
          [0, "a1TODvKP5EQbI9AIWItd/q", 1, 0],
          [5, 176, 184],
          [0, 0, 0, 0, 0, 0, 1, 2, 2, 2.5]
        ],
        [
          14,
          "f2_ring_vfx _add",
          false,
          3,
          [[5, 1, 2, false, -30, [8], 9]],
          [0, "abBVHY3BdN9JdwTdLdtqa0", 1, 0],
          [5, 175, 136],
          [0, -4, 0, 0, 0, 0, 1, 2.2, 2.2, 1]
        ],
        [
          2,
          "feature_02_e_normal",
          false,
          0,
          3,
          [[6, 2, false, -31, [10], 11]],
          [0, "fcUsQuQolIRroh4BQsO5Jw", 1, 0],
          [5, 131, 112],
          [0, -1, 0, 0, 0, 0, 1, 2.5, 2.5, 1]
        ],
        [
          10,
          "feature_02_n",
          false,
          0,
          3,
          [[[7, 1, 2, false, -32, [12]], -33], 4, 1],
          [0, "48igVEbj9AN4hZzhf7ceNa", 1, 0],
          [5, 257, 300],
          [5, 10, 0, 0, 0, 0, 1, 2, 2, 2]
        ],
        [
          3,
          "feature_02_t_add",
          false,
          3,
          [[[8, 1, 769, 2, false, -34, [14]], -35], 4, 1],
          [0, "37f9jV4lhHSYQGgtxwLJ3K", 1, 0],
          [5, 3, 3],
          [0, 0, 0, 0, 0, 0, 1, 2, 2, 2]
        ],
        [
          2,
          "f3_ring_vfx_add",
          false,
          0,
          4,
          [[5, 1, 2, false, -36, [16], 17]],
          [0, "5788cHYj1AvL1Ffk4bSJAd", 1, 0],
          [5, 175, 136],
          [-4, -15, 0, 0, 0, 0, 1, 2, 2, 1]
        ],
        [
          2,
          "feature_03_b_normal",
          false,
          0,
          4,
          [[6, 2, false, -37, [18], 19]],
          [0, "d8q9GQt8JMqrXsnMCrIOzo", 1, 0],
          [5, 177, 145],
          [-5, -10, 0, 0, 0, 0, 1, 2, 2, 1]
        ],
        [
          10,
          "feature_03_j",
          false,
          0,
          4,
          [[[7, 1, 2, false, -38, [20]], -39], 4, 1],
          [0, "8eDSG58W5EQaprjcaUdw/6", 1, 0],
          [5, 154, 180],
          [7, 12, 0, 0, 0, 0, 1, 3, 3, 3]
        ],
        [
          3,
          "feature_03_m_add",
          false,
          4,
          [[[8, 1, 769, 2, false, -40, [22]], -41], 4, 1],
          [0, "45h+W4mtFI1I0dTEnEXrRh", 1, 0],
          [5, 3, 3],
          [0, 0, 0, 0, 0, 0, 1, 2, 2, 1]
        ],
        [1, 7, [5]],
        [1, 8, [7]],
        [17, 1.5, 2.5, 2, 2, 5, 17, 18, 6],
        [1, 11, [13]],
        [1, 12, [15]],
        [11, 2.2, 2.8, 1, 3, 3, 9, 20, 21, 10],
        [1, 15, [21]],
        [1, 16, [23]],
        [11, 2, 2.5, 2, 4, 4, 13, 23, 24, 14]
      ],
      0,
      [
        0, 5, 1, 0, -1, 19, 0, -2, 22, 0, -3, 25, 0, 2, 1, 0, -1, 2, 0, -2, 3,
        0, -3, 4, 0, -1, 19, 0, -1, 5, 0, -2, 6, 0, -3, 7, 0, -4, 8, 0, -1, 22,
        0, -1, 9, 0, -2, 10, 0, -3, 11, 0, -4, 12, 0, -1, 25, 0, -1, 13, 0, -2,
        14, 0, -3, 15, 0, -4, 16, 0, 2, 5, 0, 2, 6, 0, 2, 7, 0, -2, 17, 0, 2, 8,
        0, -2, 18, 0, 2, 9, 0, 2, 10, 0, 2, 11, 0, -2, 20, 0, 2, 12, 0, -2, 21,
        0, 2, 13, 0, 2, 14, 0, 2, 15, 0, -2, 23, 0, 2, 16, 0, -2, 24, 0, 6, 1,
        41
      ],
      [
        0, 0, 0, 0, 0, 0, 0, 0, 0, 0, 0, 0, 0, 0, 0, 0, 0, 0, 0, 0, 0, 0, 0, 0,
        17, 18, 20, 21, 23, 24
      ],
      [
        -1, 3, -1, 3, -1, -1, -1, -1, -1, 3, -1, 3, -1, -1, -1, -1, -1, 3, -1,
        3, -1, -1, -1, -1, 4, 4, 4, 4, 4, 4
      ],
      [
        3, 12, 3, 13, 3, 6, 3, 7, 3, 14, 3, 15, 3, 8, 3, 9, 3, 16, 3, 17, 3, 10,
        3, 11, 6, 7, 8, 9, 10, 11
      ]
    ],
    [
      [
        {
          "name": "feature_01_b_add_06",
          "rect": [380, 422, 203, 170],
          "offset": [-1, -1],
          "originalSize": [257, 300],
          "rotated": 1,
          "capInsets": [0, 0, 0, 0]
        }
      ],
      [0],
      0,
      [0],
      [0],
      [1]
    ],
    [
      [
        {
          "name": "feature_01_f_normal",
          "rect": [1, 1, 177, 145],
          "offset": [0, 0],
          "originalSize": [177, 145],
          "capInsets": [0, 0, 0, 0]
        }
      ],
      [0],
      0,
      [0],
      [0],
      [4]
    ],
    [
      [
        {
          "name": "feature_02_n_add_02",
          "rect": [540, 404, 191, 170],
          "offset": [-7, -1],
          "originalSize": [257, 300],
          "rotated": 1,
          "capInsets": [0, 0, 0, 0]
        }
      ],
      [0],
      0,
      [0],
      [0],
      [0]
    ],
    [
      [
        {
          "name": "feature_01_b_add_11",
          "rect": [1, 674, 201, 190],
          "offset": [-2, 9],
          "originalSize": [257, 300],
          "capInsets": [0, 0, 0, 0]
        }
      ],
      [0],
      0,
      [0],
      [0],
      [1]
    ],
    [
      [
        [
          9,
          "feature_03_j_anim",
          1.1111111111111112,
          18,
          2,
          [
            {},
            "comps",
            11,
            [
              {},
              "cc.Sprite",
              11,
              [
                {},
                "spriteFrame",
                12,
                [
                  [
                    [{ "frame": 0 }, "value", 6, 0],
                    [{ "frame": 0.05555555555555555 }, "value", 6, 1],
                    [{ "frame": 0.1111111111111111 }, "value", 6, 2],
                    [{ "frame": 0.16666666666666666 }, "value", 6, 3],
                    [{ "frame": 0.2222222222222222 }, "value", 6, 4],
                    [{ "frame": 0.2777777777777778 }, "value", 6, 5],
                    [{ "frame": 0.3333333333333333 }, "value", 6, 6],
                    [{ "frame": 0.3888888888888889 }, "value", 6, 7],
                    [{ "frame": 0.4444444444444444 }, "value", 6, 8],
                    [{ "frame": 0.5 }, "value", 6, 9],
                    [{ "frame": 0.5555555555555556 }, "value", 6, 10],
                    [{ "frame": 0.6111111111111112 }, "value", 6, 11],
                    [{ "frame": 0.6666666666666666 }, "value", 6, 12],
                    [{ "frame": 0.7222222222222222 }, "value", 6, 13],
                    [{ "frame": 0.7777777777777778 }, "value", 6, 14],
                    [{ "frame": 0.8333333333333334 }, "value", 6, 15],
                    [{ "frame": 0.8888888888888888 }, "value", 6, 16],
                    [{ "frame": 0.9444444444444444 }, "value", 6, 17],
                    [{ "frame": 1 }, "value", 6, 18],
                    [{ "frame": 1.0555555555555556 }, "value", 6, 19]
                  ],
                  11,
                  11,
                  11,
                  11,
                  11,
                  11,
                  11,
                  11,
                  11,
                  11,
                  11,
                  11,
                  11,
                  11,
                  11,
                  11,
                  11,
                  11,
                  11,
                  11
                ]
              ]
            ]
          ]
        ]
      ],
      0,
      0,
      [0, 0, 0, 0, 0, 0, 0, 0, 0, 0, 0, 0, 0, 0, 0, 0, 0, 0, 0, 0],
      [1, 1, 1, 1, 1, 1, 1, 1, 1, 1, 1, 1, 1, 1, 1, 1, 1, 1, 1, 1],
      [
        18, 19, 20, 21, 22, 23, 24, 25, 26, 27, 28, 29, 30, 31, 32, 33, 34, 35,
        36, 37
      ]
    ],
    [
      [
        {
          "name": "feature_01_b_add_09",
          "rect": [196, 215, 209, 182],
          "offset": [2, 5],
          "originalSize": [257, 300],
          "rotated": 1,
          "capInsets": [0, 0, 0, 0]
        }
      ],
      [0],
      0,
      [0],
      [0],
      [1]
    ],
    [
      [
        {
          "name": "feature_03_j_add_19",
          "rect": [133, 423, 112, 116],
          "offset": [-5, 6],
          "originalSize": [154, 180],
          "rotated": 1,
          "capInsets": [0, 0, 0, 0]
        }
      ],
      [0],
      0,
      [0],
      [0],
      [2]
    ],
    [
      [
        [
          9,
          "feature_02_n_anim",
          1.1111111111111112,
          18,
          2,
          [
            {},
            "comps",
            11,
            [
              {},
              "cc.Sprite",
              11,
              [
                {},
                "spriteFrame",
                12,
                [
                  [
                    [{ "frame": 0 }, "value", 6, 0],
                    [{ "frame": 0.05555555555555555 }, "value", 6, 1],
                    [{ "frame": 0.1111111111111111 }, "value", 6, 2],
                    [{ "frame": 0.16666666666666666 }, "value", 6, 3],
                    [{ "frame": 0.2222222222222222 }, "value", 6, 4],
                    [{ "frame": 0.2777777777777778 }, "value", 6, 5],
                    [{ "frame": 0.3333333333333333 }, "value", 6, 6],
                    [{ "frame": 0.3888888888888889 }, "value", 6, 7],
                    [{ "frame": 0.4444444444444444 }, "value", 6, 8],
                    [{ "frame": 0.5 }, "value", 6, 9],
                    [{ "frame": 0.5555555555555556 }, "value", 6, 10],
                    [{ "frame": 0.6111111111111112 }, "value", 6, 11],
                    [{ "frame": 0.6666666666666666 }, "value", 6, 12],
                    [{ "frame": 0.7222222222222222 }, "value", 6, 13],
                    [{ "frame": 0.7777777777777778 }, "value", 6, 14],
                    [{ "frame": 0.8333333333333334 }, "value", 6, 15],
                    [{ "frame": 0.8888888888888888 }, "value", 6, 16],
                    [{ "frame": 0.9444444444444444 }, "value", 6, 17],
                    [{ "frame": 1 }, "value", 6, 18],
                    [{ "frame": 1.0555555555555556 }, "value", 6, 19]
                  ],
                  11,
                  11,
                  11,
                  11,
                  11,
                  11,
                  11,
                  11,
                  11,
                  11,
                  11,
                  11,
                  11,
                  11,
                  11,
                  11,
                  11,
                  11,
                  11,
                  11
                ]
              ]
            ]
          ]
        ]
      ],
      0,
      0,
      [0, 0, 0, 0, 0, 0, 0, 0, 0, 0, 0, 0, 0, 0, 0, 0, 0, 0, 0, 0],
      [1, 1, 1, 1, 1, 1, 1, 1, 1, 1, 1, 1, 1, 1, 1, 1, 1, 1, 1, 1],
      [
        38, 39, 40, 41, 42, 43, 44, 45, 46, 47, 48, 49, 50, 51, 52, 53, 54, 55,
        56, 57
      ]
    ],
    [
      [
        {
          "name": "feature_02_n_add_01",
          "rect": [401, 811, 195, 166],
          "offset": [-5, -3],
          "originalSize": [257, 300],
          "rotated": 1,
          "capInsets": [0, 0, 0, 0]
        }
      ],
      [0],
      0,
      [0],
      [0],
      [0]
    ],
    [
      [
        {
          "name": "feature_01_b_add_15",
          "rect": [551, 1, 197, 204],
          "offset": [-4, 17],
          "originalSize": [257, 300],
          "capInsets": [0, 0, 0, 0]
        }
      ],
      [0],
      0,
      [0],
      [0],
      [1]
    ],
    [
      [
        {
          "name": "feature_01_b_add_04",
          "rect": [579, 608, 203, 166],
          "offset": [-1, -3],
          "originalSize": [257, 300],
          "rotated": 1,
          "capInsets": [0, 0, 0, 0]
        }
      ],
      [0],
      0,
      [0],
      [0],
      [1]
    ],
    [
      [
        {
          "name": "feature_02_n_add_06",
          "rect": [1, 844, 197, 162],
          "offset": [-5, -5],
          "originalSize": [257, 300],
          "capInsets": [0, 0, 0, 0]
        }
      ],
      [0],
      0,
      [0],
      [0],
      [0]
    ],
    [
      [
        {
          "name": "feature_02_n_add_05",
          "rect": [179, 233, 201, 156],
          "offset": [-3, -8],
          "originalSize": [257, 300],
          "rotated": 1,
          "capInsets": [0, 0, 0, 0]
        }
      ],
      [0],
      0,
      [0],
      [0],
      [0]
    ],
    [
      [
        {
          "name": "feature_03_j_add_15",
          "rect": [375, 427, 116, 118],
          "offset": [-5, 7],
          "originalSize": [154, 180],
          "rotated": 1,
          "capInsets": [0, 0, 0, 0]
        }
      ],
      [0],
      0,
      [0],
      [0],
      [2]
    ],
    [
      [
        {
          "name": "feature_01_b_add_02",
          "rect": [552, 409, 197, 176],
          "offset": [-3, 3],
          "originalSize": [257, 300],
          "rotated": 1,
          "capInsets": [0, 0, 0, 0]
        }
      ],
      [0],
      0,
      [0],
      [0],
      [1]
    ],
    [
      [
        {
          "name": "feature_01_b_add_01",
          "rect": [747, 608, 201, 172],
          "offset": [-2, 1],
          "originalSize": [257, 300],
          "rotated": 1,
          "capInsets": [0, 0, 0, 0]
        }
      ],
      [0],
      0,
      [0],
      [0],
      [1]
    ],
    [
      [
        {
          "name": "feature_01_b_add_05",
          "rect": [387, 1, 205, 162],
          "offset": [0, -5],
          "originalSize": [257, 300],
          "rotated": 1,
          "capInsets": [0, 0, 0, 0]
        }
      ],
      [0],
      0,
      [0],
      [0],
      [1]
    ],
    [
      [
        {
          "name": "feature_01_b_add_13",
          "rect": [1, 1, 187, 236],
          "offset": [-10, 32],
          "originalSize": [257, 300],
          "capInsets": [0, 0, 0, 0]
        }
      ],
      [0],
      0,
      [0],
      [0],
      [1]
    ],
    [
      [
        {
          "name": "feature_02_n_add_18",
          "rect": [200, 838, 199, 168],
          "offset": [-4, -2],
          "originalSize": [257, 300],
          "capInsets": [0, 0, 0, 0]
        }
      ],
      [0],
      0,
      [0],
      [0],
      [0]
    ],
    [
      [
        {
          "name": "f3_ring_vfx_add",
          "rect": [243, 1338, 175, 136],
          "offset": [0, 0],
          "originalSize": [175, 136],
          "capInsets": [0, 0, 0, 0]
        }
      ],
      [0],
      0,
      [0],
      [0],
      [5]
    ],
    [
      [
        {
          "name": "feature_03_j_add_05",
          "rect": [1, 1, 120, 94],
          "offset": [-2, -5],
          "originalSize": [154, 180],
          "capInsets": [0, 0, 0, 0]
        }
      ],
      [0],
      0,
      [0],
      [0],
      [2]
    ],
    [
      [
        {
          "name": "feature_02_n_add_07",
          "rect": [190, 436, 199, 164],
          "offset": [-4, -4],
          "originalSize": [257, 300],
          "rotated": 1,
          "capInsets": [0, 0, 0, 0]
        }
      ],
      [0],
      0,
      [0],
      [0],
      [0]
    ],
    [
      [
        {
          "name": "feature_02_n_add_16",
          "rect": [371, 1, 187, 206],
          "offset": [-9, 17],
          "originalSize": [257, 300],
          "capInsets": [0, 0, 0, 0]
        }
      ],
      [0],
      0,
      [0],
      [0],
      [0]
    ],
    [
      [
        {
          "name": "feature_03_j_add_17",
          "rect": [123, 205, 120, 104],
          "offset": [-3, 0],
          "originalSize": [154, 180],
          "capInsets": [0, 0, 0, 0]
        }
      ],
      [0],
      0,
      [0],
      [0],
      [2]
    ],
    [
      [
        {
          "name": "feature_03_j_add_06",
          "rect": [245, 1, 120, 98],
          "offset": [-3, -3],
          "originalSize": [154, 180],
          "capInsets": [0, 0, 0, 0]
        }
      ],
      [0],
      0,
      [0],
      [0],
      [2]
    ],
    [
      [
        {
          "name": "feature_03_j_add_04",
          "rect": [123, 1, 120, 96],
          "offset": [-3, -4],
          "originalSize": [154, 180],
          "capInsets": [0, 0, 0, 0]
        }
      ],
      [0],
      0,
      [0],
      [0],
      [2]
    ],
    [
      [
        {
          "name": "feature_01_b_add_14",
          "rect": [1, 239, 193, 220],
          "offset": [-6, 25],
          "originalSize": [257, 300],
          "capInsets": [0, 0, 0, 0]
        }
      ],
      [0],
      0,
      [0],
      [0],
      [1]
    ],
    [
      [
        {
          "name": "feature_03_j_add_18",
          "rect": [1, 203, 120, 102],
          "offset": [-2, -1],
          "originalSize": [154, 180],
          "capInsets": [0, 0, 0, 0]
        }
      ],
      [0],
      0,
      [0],
      [0],
      [2]
    ],
    [
      [
        {
          "name": "feature_03_j_add_11",
          "rect": [117, 311, 118, 110],
          "offset": [-3, 3],
          "originalSize": [154, 180],
          "capInsets": [0, 0, 0, 0]
        }
      ],
      [0],
      0,
      [0],
      [0],
      [2]
    ],
    [
      [
        {
          "name": "feature_03_j_add_02",
          "rect": [121, 99, 114, 102],
          "offset": [-4, -1],
          "originalSize": [154, 180],
          "capInsets": [0, 0, 0, 0]
        }
      ],
      [0],
      0,
      [0],
      [0],
      [2]
    ],
    [
      [
        {
          "name": "feature_03_j_add_14",
          "rect": [1, 423, 112, 130],
          "offset": [-6, 13],
          "originalSize": [154, 180],
          "rotated": 1,
          "capInsets": [0, 0, 0, 0]
        }
      ],
      [0],
      0,
      [0],
      [0],
      [2]
    ],
    [
      [
        {
          "name": "f1_ring_vfx_add",
          "rect": [236, 1, 175, 136],
          "offset": [0, 0],
          "originalSize": [175, 136],
          "capInsets": [0, 0, 0, 0]
        }
      ],
      [0],
      0,
      [0],
      [0],
      [5]
    ],
    [
      [
        {
          "name": "feature_02_n_add_19",
          "rect": [368, 617, 187, 192],
          "offset": [-9, 10],
          "originalSize": [257, 300],
          "capInsets": [0, 0, 0, 0]
        }
      ],
      [0],
      0,
      [0],
      [0],
      [0]
    ],
    [
      [
        {
          "name": "feature_03_j_add_08",
          "rect": [355, 101, 116, 102],
          "offset": [-4, -1],
          "originalSize": [154, 180],
          "capInsets": [0, 0, 0, 0]
        }
      ],
      [0],
      0,
      [0],
      [0],
      [2]
    ],
    [
      [
        {
          "name": "feature_03_j_add_01",
          "rect": [1, 97, 118, 100],
          "offset": [-3, -2],
          "originalSize": [154, 180],
          "capInsets": [0, 0, 0, 0]
        }
      ],
      [0],
      0,
      [0],
      [0],
      [2]
    ],
    [
      [
        {
          "name": "feature_02_n_add_10",
          "rect": [1, 233, 209, 176],
          "offset": [1, 2],
          "originalSize": [257, 300],
          "rotated": 1,
          "capInsets": [0, 0, 0, 0]
        }
      ],
      [0],
      0,
      [0],
      [0],
      [0]
    ],
    [
      [
        {
          "name": "feature_01_b_add_17",
          "rect": [750, 1, 203, 176],
          "offset": [-1, 3],
          "originalSize": [257, 300],
          "rotated": 1,
          "capInsets": [0, 0, 0, 0]
        }
      ],
      [0],
      0,
      [0],
      [0],
      [1]
    ],
    [
      [
        {
          "name": "feature_02_n_add_14",
          "rect": [182, 1, 187, 216],
          "offset": [-10, 22],
          "originalSize": [257, 300],
          "capInsets": [0, 0, 0, 0]
        }
      ],
      [0],
      0,
      [0],
      [0],
      [0]
    ],
    [
      [
        {
          "name": "feature_02_n_add_08",
          "rect": [497, 209, 193, 168],
          "offset": [-7, -2],
          "originalSize": [257, 300],
          "rotated": 1,
          "capInsets": [0, 0, 0, 0]
        }
      ],
      [0],
      0,
      [0],
      [0],
      [0]
    ],
    [
      [
        {
          "name": "feature_03_j_add_09",
          "rect": [245, 205, 124, 106],
          "offset": [0, 1],
          "originalSize": [154, 180],
          "capInsets": [0, 0, 0, 0]
        }
      ],
      [0],
      0,
      [0],
      [0],
      [2]
    ],
    [
      [
        {
          "name": "feature_01_b_add_12",
          "rect": [183, 461, 195, 210],
          "offset": [-6, 19],
          "originalSize": [257, 300],
          "capInsets": [0, 0, 0, 0]
        }
      ],
      [0],
      0,
      [0],
      [0],
      [1]
    ],
    [
      [
        {
          "name": "feature_01_b_add_08",
          "rect": [749, 407, 199, 178],
          "offset": [-3, 3],
          "originalSize": [257, 300],
          "rotated": 1,
          "capInsets": [0, 0, 0, 0]
        }
      ],
      [0],
      0,
      [0],
      [0],
      [1]
    ],
    [
      [
        {
          "name": "feature_01_b_add_18",
          "rect": [403, 627, 203, 174],
          "offset": [-2, 2],
          "originalSize": [257, 300],
          "rotated": 1,
          "capInsets": [0, 0, 0, 0]
        }
      ],
      [0],
      0,
      [0],
      [0],
      [1]
    ],
    [
      [
        {
          "name": "feature_03_j_add_07",
          "rect": [367, 1, 120, 98],
          "offset": [-3, -3],
          "originalSize": [154, 180],
          "capInsets": [0, 0, 0, 0]
        }
      ],
      [0],
      0,
      [0],
      [0],
      [2]
    ],
    [
      [
        {
          "name": "feature_03_j_add_10",
          "rect": [371, 205, 126, 106],
          "offset": [1, 1],
          "originalSize": [154, 180],
          "capInsets": [0, 0, 0, 0]
        }
      ],
      [0],
      0,
      [0],
      [0],
      [2]
    ],
    [
      [
        {
          "name": "feature_03_j_add_00",
          "rect": [1, 307, 114, 110],
          "offset": [-4, 3],
          "originalSize": [154, 180],
          "capInsets": [0, 0, 0, 0]
        }
      ],
      [0],
      0,
      [0],
      [0],
      [2]
    ],
    [
      [
        {
          "name": "feature_03_j_add_03",
          "rect": [237, 101, 116, 102],
          "offset": [-4, -1],
          "originalSize": [154, 180],
          "capInsets": [0, 0, 0, 0]
        }
      ],
      [0],
      0,
      [0],
      [0],
      [2]
    ],
    [
      [
        {
          "name": "feature_03_b_normal",
          "rect": [1, 148, 171, 139],
          "offset": [0, -3],
          "originalSize": [177, 145],
          "capInsets": [0, 0, 0, 0]
        }
      ],
      [0],
      0,
      [0],
      [0],
      [4]
    ],
    [
      [
        {
          "name": "feature_02_n_add_09",
          "rect": [560, 1, 205, 176],
          "offset": [0, 2],
          "originalSize": [257, 300],
          "rotated": 1,
          "capInsets": [0, 0, 0, 0]
        }
      ],
      [0],
      0,
      [0],
      [0],
      [0]
    ],
    [
      [
        {
          "name": "feature_01_b_add_07",
          "rect": [380, 215, 205, 170],
          "offset": [-1, -1],
          "originalSize": [257, 300],
          "rotated": 1,
          "capInsets": [0, 0, 0, 0]
        }
      ],
      [0],
      0,
      [0],
      [0],
      [1]
    ],
    [
      [
        {
          "name": "feature_02_n_add_03",
          "rect": [569, 781, 191, 168],
          "offset": [-6, -2],
          "originalSize": [257, 300],
          "rotated": 1,
          "capInsets": [0, 0, 0, 0]
        }
      ],
      [0],
      0,
      [0],
      [0],
      [0]
    ],
    [
      [
        {
          "name": "feature_02_e_normal",
          "rect": [123, 717, 131, 112],
          "offset": [0, 0],
          "originalSize": [131, 112],
          "capInsets": [0, 0, 0, 0]
        }
      ],
      [0],
      0,
      [0],
      [0],
      [4]
    ],
    [
      [
        {
          "name": "feature_03_j_add_12",
          "rect": [251, 423, 114, 122],
          "offset": [-6, 9],
          "originalSize": [154, 180],
          "rotated": 1,
          "capInsets": [0, 0, 0, 0]
        }
      ],
      [0],
      0,
      [0],
      [0],
      [2]
    ],
    [
      [
        [
          9,
          "feature_01_b_anim",
          1.1111111111111112,
          18,
          2,
          [
            {},
            "comps",
            11,
            [
              {},
              "cc.Sprite",
              11,
              [
                {},
                "spriteFrame",
                12,
                [
                  [
                    [{ "frame": 0 }, "value", 6, 0],
                    [{ "frame": 0.05555555555555555 }, "value", 6, 1],
                    [{ "frame": 0.1111111111111111 }, "value", 6, 2],
                    [{ "frame": 0.16666666666666666 }, "value", 6, 3],
                    [{ "frame": 0.2222222222222222 }, "value", 6, 4],
                    [{ "frame": 0.2777777777777778 }, "value", 6, 5],
                    [{ "frame": 0.3333333333333333 }, "value", 6, 6],
                    [{ "frame": 0.3888888888888889 }, "value", 6, 7],
                    [{ "frame": 0.4444444444444444 }, "value", 6, 8],
                    [{ "frame": 0.5 }, "value", 6, 9],
                    [{ "frame": 0.5555555555555556 }, "value", 6, 10],
                    [{ "frame": 0.6111111111111112 }, "value", 6, 11],
                    [{ "frame": 0.6666666666666666 }, "value", 6, 12],
                    [{ "frame": 0.7222222222222222 }, "value", 6, 13],
                    [{ "frame": 0.7777777777777778 }, "value", 6, 14],
                    [{ "frame": 0.8333333333333334 }, "value", 6, 15],
                    [{ "frame": 0.8888888888888888 }, "value", 6, 16],
                    [{ "frame": 0.9444444444444444 }, "value", 6, 17],
                    [{ "frame": 1 }, "value", 6, 18],
                    [{ "frame": 1.0555555555555556 }, "value", 6, 19]
                  ],
                  11,
                  11,
                  11,
                  11,
                  11,
                  11,
                  11,
                  11,
                  11,
                  11,
                  11,
                  11,
                  11,
                  11,
                  11,
                  11,
                  11,
                  11,
                  11,
                  11
                ]
              ]
            ]
          ]
        ]
      ],
      0,
      0,
      [0, 0, 0, 0, 0, 0, 0, 0, 0, 0, 0, 0, 0, 0, 0, 0, 0, 0, 0, 0],
      [1, 1, 1, 1, 1, 1, 1, 1, 1, 1, 1, 1, 1, 1, 1, 1, 1, 1, 1, 1],
      [
        58, 59, 60, 61, 62, 63, 64, 65, 66, 67, 68, 69, 70, 71, 72, 73, 74, 75,
        76, 77
      ]
    ],
    [
      [
        {
          "name": "feature_02_n_add_11",
          "rect": [356, 418, 197, 182],
          "offset": [-5, 5],
          "originalSize": [257, 300],
          "rotated": 1,
          "capInsets": [0, 0, 0, 0]
        }
      ],
      [0],
      0,
      [0],
      [0],
      [0]
    ],
    [
      [
        {
          "name": "feature_02_n_add_13",
          "rect": [1, 1, 179, 230],
          "offset": [-14, 29],
          "originalSize": [257, 300],
          "capInsets": [0, 0, 0, 0]
        }
      ],
      [0],
      0,
      [0],
      [0],
      [0]
    ],
    [
      [
        {
          "name": "feature_01_b_add_10",
          "rect": [1, 461, 211, 180],
          "offset": [3, 4],
          "originalSize": [257, 300],
          "rotated": 1,
          "capInsets": [0, 0, 0, 0]
        }
      ],
      [0],
      0,
      [0],
      [0],
      [1]
    ],
    [
      [
        {
          "name": "feature_02_n_add_12",
          "rect": [1, 444, 187, 200],
          "offset": [-9, 14],
          "originalSize": [257, 300],
          "capInsets": [0, 0, 0, 0]
        }
      ],
      [0],
      0,
      [0],
      [0],
      [0]
    ],
    [
      [
        {
          "name": "feature_02_n_add_04",
          "rect": [337, 219, 197, 158],
          "offset": [-4, -7],
          "originalSize": [257, 300],
          "rotated": 1,
          "capInsets": [0, 0, 0, 0]
        }
      ],
      [0],
      0,
      [0],
      [0],
      [0]
    ],
    [
      [
        {
          "name": "feature_02_n_add_15",
          "rect": [1, 646, 191, 196],
          "offset": [-8, 12],
          "originalSize": [257, 300],
          "capInsets": [0, 0, 0, 0]
        }
      ],
      [0],
      0,
      [0],
      [0],
      [0]
    ],
    [
      [
        {
          "name": "feature_01_b_add_16",
          "rect": [190, 1, 195, 212],
          "offset": [-5, 21],
          "originalSize": [257, 300],
          "capInsets": [0, 0, 0, 0]
        }
      ],
      [0],
      0,
      [0],
      [0],
      [1]
    ],
    [
      [
        {
          "name": "feature_01_b_add_19",
          "rect": [552, 207, 195, 200],
          "offset": [-5, 15],
          "originalSize": [257, 300],
          "capInsets": [0, 0, 0, 0]
        }
      ],
      [0],
      0,
      [0],
      [0],
      [1]
    ],
    [
      [
        {
          "name": "feature_03_j_add_13",
          "rect": [237, 313, 108, 138],
          "offset": [-8, 17],
          "originalSize": [154, 180],
          "rotated": 1,
          "capInsets": [0, 0, 0, 0]
        }
      ],
      [0],
      0,
      [0],
      [0],
      [2]
    ],
    [
      [
        {
          "name": "feature_01_b_add_03",
          "rect": [750, 206, 199, 176],
          "offset": [-3, 3],
          "originalSize": [257, 300],
          "rotated": 1,
          "capInsets": [0, 0, 0, 0]
        }
      ],
      [0],
      0,
      [0],
      [0],
      [1]
    ],
    [
      [
        {
          "name": "feature_03_j_add_16",
          "rect": [377, 313, 112, 124],
          "offset": [-6, 10],
          "originalSize": [154, 180],
          "rotated": 1,
          "capInsets": [0, 0, 0, 0]
        }
      ],
      [0],
      0,
      [0],
      [0],
      [2]
    ],
    [
      [
        {
          "name": "feature_01_b_add_00",
          "rect": [204, 673, 197, 190],
          "offset": [-4, 10],
          "originalSize": [257, 300],
          "capInsets": [0, 0, 0, 0]
        }
      ],
      [0],
      0,
      [0],
      [0],
      [1]
    ],
    [
      [
        {
          "name": "f2_ring_vfx _add",
          "rect": [236, 139, 175, 136],
          "offset": [0, 0],
          "originalSize": [175, 136],
          "capInsets": [0, 0, 0, 0]
        }
      ],
      [0],
      0,
      [0],
      [0],
      [5]
    ],
    [
      [
        {
          "name": "feature_02_n_add_00",
          "rect": [557, 597, 189, 182],
          "offset": [-7, 5],
          "originalSize": [257, 300],
          "capInsets": [0, 0, 0, 0]
        }
      ],
      [0],
      0,
      [0],
      [0],
      [0]
    ]
  ]
]
