[
  1,
  [
    "ecpdLyjvZBwrvm+cedCcQy",
    "d7w1v/ncdM85OYoMUuqmQG",
    "6cKva+uW9EJqtpt7uqUATe",
    "39b8i8pDlJjLtl4Qleue2Z",
    "a0SMh2N2VN95F307+ruecS",
    "071ifYBmpKsrpNt3OhRhiw",
    "f0mpyvPKpI6ZXQQrzwDXBy",
    "6eTwj+zZ1Pd7wGEA2mHEQA",
    "c42C3SKhFCSrOhzHhA6PF3",
    "5aFzj3agtJGYdB7ck4Brvh",
    "a5pWjWvwlNRrN5fGtPfwBX",
    "17jZuR8N1OLbZp2oP7kM+O",
    "9d9Mqfrd5BTZ6VASQXVU68"
  ],
  [
    "node",
    "_spriteFrame",
    "_textureSetter",
    "root",
    "seletorHolder",
    "selectorFrameAnim",
    "data",
    "_defaultClip"
  ],
  [
    "cc.SpriteFrame",
    [
      "cc.Node",
      [
        "_name",
        "_groupIndex",
        "_opacity",
        "_active",
        "_children",
        "_prefab",
        "_parent",
        "_components",
        "_contentSize",
        "_trs"
      ],
      -1,
      2,
      4,
      1,
      12,
      5,
      7
    ],
    [
      "cc.Node",
      [
        "_name",
        "_groupIndex",
        "_parent",
        "_components",
        "_prefab",
        "_contentSize",
        "_trs",
        "_children"
      ],
      1,
      1,
      9,
      4,
      5,
      7,
      2
    ],
    ["cc.PrefabInfo", ["fileId", "root", "asset"], 2, 1, 1],
    [
      "cc.Sprite",
      [
        "_dstBlendFactor",
        "_sizeMode",
        "_isTrimmedMode",
        "_srcBlendFactor",
        "node",
        "_materials",
        "_spriteFrame"
      ],
      -1,
      1,
      3,
      6
    ],
    ["cc.Prefab", ["_name"], 2],
    [
      "8a951tNZs9DeZdrqXI8JfHf",
      ["node", "selectorFrameAnim", "seletorHolder", "selectors"],
      3,
      1,
      1,
      1,
      2
    ],
    ["cc.Mask", ["_type", "node", "_materials", "_spriteFrame"], 2, 1, 3, 6],
    ["cc.Animation", ["playOnLoad", "node", "_clips"], 2, 1, 3],
    [
      "cc.AnimationClip",
      ["_name", "_duration", "sample", "wrapMode", "curveData"],
      -1,
      11
    ]
  ],
  [
    [3, 0, 1, 2, 2],
    [4, 0, 1, 2, 4, 5, 6, 4],
    [1, 0, 1, 6, 4, 5, 8, 9, 3],
    [1, 0, 1, 6, 4, 5, 3],
    [1, 0, 2, 1, 6, 4, 5, 4],
    [1, 0, 3, 2, 6, 4, 5, 4],
    [2, 0, 1, 2, 3, 4, 5, 3],
    [2, 0, 1, 2, 3, 4, 5, 6, 3],
    [2, 0, 2, 3, 4, 5, 2],
    [4, 3, 0, 1, 2, 4, 5, 6, 5],
    [5, 0, 2],
    [1, 0, 1, 4, 7, 5, 3],
    [2, 0, 1, 2, 7, 3, 4, 5, 6, 3],
    [6, 0, 1, 2, 3, 1],
    [3, 1, 2, 1],
    [7, 0, 1, 2, 3, 2],
    [8, 0, 1, 2, 2],
    [9, 0, 1, 2, 3, 4, 5]
  ],
  [
    [
      [
        {
          "name": "feature_01_q_add",
          "rect": [1, 393, 300, 300],
          "offset": [0, 0],
          "originalSize": [300, 300],
          "capInsets": [0, 0, 0, 0]
        }
      ],
      [0],
      0,
      [0],
      [2],
      [1]
    ],
    [
      [
        {
          "name": "feature_03_n_add",
          "rect": [1, 997, 300, 300],
          "offset": [0, 0],
          "originalSize": [300, 300],
          "capInsets": [0, 0, 0, 0]
        }
      ],
      [0],
      0,
      [0],
      [2],
      [1]
    ],
    [
      [
        {
          "name": "feature_01_c_add",
          "rect": [303, 277, 150, 150],
          "offset": [0, 0],
          "originalSize": [150, 150],
          "capInsets": [0, 0, 0, 0]
        }
      ],
      [0],
      0,
      [0],
      [2],
      [1]
    ],
    [
      [
        [10, "feature_selector_controller"],
        [
          11,
          "feature_selector_controller",
          1,
          [-9],
          [[[13, -7, -6, -5, [-2, -3, -4]], -8], 4, 1],
          [14, -1, 0]
        ],
        [
          12,
          "selector_holder",
          1,
          1,
          [-11, -12, -13],
          [[15, 2, -10, [18], 19]],
          [0, "adQa8hvetCcps5vc9LyilZ", 1, 0],
          [5, 1201.2, 1031.03],
          [0, 81, 0, 0, 0, 0, 1, 1, 1, 1]
        ],
        [
          2,
          "selector_f1",
          1,
          2,
          [-14, -15, -16],
          [0, "e5HhKX5zBHu49WXqt/6P58", 1, 0],
          [5, 2, 2],
          [0, 0, 0, 0, 0, 0, 1, 1.8, 1.8, 1]
        ],
        [
          2,
          "selector_f2",
          1,
          2,
          [-17, -18, -19],
          [0, "7edcCBEqNPfLDoNAVZpHhH", 1, 0],
          [5, 2, 2],
          [0, 0, 0, 0, 0, 0, 1, 1.8, 1.8, 1]
        ],
        [
          2,
          "selector_f3",
          1,
          2,
          [-20, -21, -22],
          [0, "44PIMqLIxKhpi+E2jnorF+", 1, 0],
          [5, 2, 2],
          [0, 0, 0, 0, 0, 0, 1, 1.8, 1.8, 1]
        ],
        [3, "inner", 1, 3, [-23], [0, "67nhnFb0RDLbiW38+rC3eg", 1, 0]],
        [
          6,
          "screen_c",
          1,
          6,
          [[9, 1, 769, 2, false, -24, [0], 1]],
          [0, "2aUU/YlhpK5YIiRJHMSSyy", 1, 0],
          [5, 150, 150]
        ],
        [4, "frame", 0, 1, 3, [-25], [0, "5eDNrfUpdDIZr599sqac6B", 1, 0]],
        [
          7,
          "add_d",
          1,
          8,
          [[1, 1, 2, false, -26, [2], 3]],
          [0, "80LNmHYoVORqEjZpkgzdZp", 1, 0],
          [5, 150, 150],
          [0, 0, 0, 0, 0, 0, 1, 1, 1, 0]
        ],
        [5, "glow", false, 0, 3, [-27], [0, "33rZ1r8eBOooCQGuax2tUD", 1, 0]],
        [
          8,
          "feature_01_q_add",
          10,
          [[1, 1, 2, false, -28, [4], 5]],
          [0, "3cNA1w40dOg7NdPUpr3JUs", 1, 0],
          [5, 300, 300]
        ],
        [3, "inner", 1, 4, [-29], [0, "b2Niovr2dChaq763byNpoh", 1, 0]],
        [
          6,
          "screen_c",
          1,
          12,
          [[9, 1, 769, 2, false, -30, [6], 7]],
          [0, "e69R8+MCtDl5twn7wNIFyg", 1, 0],
          [5, 150, 150]
        ],
        [4, "frame", 0, 1, 4, [-31], [0, "6f9O8kfYhHA7kUgoPrR9Db", 1, 0]],
        [
          7,
          "add_d",
          1,
          14,
          [[1, 1, 2, false, -32, [8], 9]],
          [0, "e71jKrEMtADK8VfLx1WRou", 1, 0],
          [5, 150, 150],
          [0, 0, 0, 0, 0, 0, 1, 1, 1, 0]
        ],
        [5, "glow", false, 0, 4, [-33], [0, "54cndBeZRH5aga4bks1Mlu", 1, 0]],
        [
          8,
          "feature_02_u_add",
          16,
          [[1, 1, 2, false, -34, [10], 11]],
          [0, "ad5H/+DKhLxKQ+YiFbVECc", 1, 0],
          [5, 300, 300]
        ],
        [3, "inner", 1, 5, [-35], [0, "e6T7ULJmVAnLD7wvrSklXC", 1, 0]],
        [
          6,
          "screen_c",
          1,
          18,
          [[9, 1, 769, 2, false, -36, [12], 13]],
          [0, "60EmhdOlRMlLKCE4Trnn2W", 1, 0],
          [5, 150, 150]
        ],
        [4, "frame", 0, 1, 5, [-37], [0, "09kJCGV0lGxZKXShy65VvS", 1, 0]],
        [
          7,
          "add_d",
          1,
          20,
          [[1, 1, 2, false, -38, [14], 15]],
          [0, "53Qyz8Pu9KgYwsNO8KjJBU", 1, 0],
          [5, 150, 150],
          [0, 0, 0, 0, 0, 0, 1, 1, 1, 0]
        ],
        [5, "glow", false, 0, 5, [-39], [0, "73ugR/4atNr7nrHfB10iln", 1, 0]],
        [
          8,
          "feature_03_n_add",
          22,
          [[1, 1, 2, false, -40, [16], 17]],
          [0, "53S+qzdJdD0KZyAc16BVeu", 1, 0],
          [5, 300, 300]
        ],
        [16, true, 1, [20]]
      ],
      0,
      [
        0, 3, 1, 0, -1, 3, 0, -2, 4, 0, -3, 5, 0, 4, 2, 0, 5, 24, 0, 0, 1, 0,
        -2, 24, 0, -1, 2, 0, 0, 2, 0, -1, 3, 0, -2, 4, 0, -3, 5, 0, -1, 6, 0,
        -2, 8, 0, -3, 10, 0, -1, 12, 0, -2, 14, 0, -3, 16, 0, -1, 18, 0, -2, 20,
        0, -3, 22, 0, -1, 7, 0, 0, 7, 0, -1, 9, 0, 0, 9, 0, -1, 11, 0, 0, 11, 0,
        -1, 13, 0, 0, 13, 0, -1, 15, 0, 0, 15, 0, -1, 17, 0, 0, 17, 0, -1, 19,
        0, 0, 19, 0, -1, 21, 0, 0, 21, 0, -1, 23, 0, 0, 23, 0, 6, 1, 40
      ],
      [0, 0, 0, 0, 0, 0, 0, 0, 0, 0, 0, 0, 0, 0, 0, 0, 0, 0, 0, 0, 0, 24],
      [
        -1, 1, -1, 1, -1, 1, -1, 1, -1, 1, -1, 1, -1, 1, -1, 1, -1, 1, -1, 1,
        -1, 7
      ],
      [0, 3, 0, 4, 0, 5, 0, 6, 0, 7, 0, 8, 0, 9, 0, 10, 0, 11, 0, 12, 2, 2]
    ],
    [
      [
        {
          "name": "feature_03_c_add",
          "rect": [303, 885, 150, 150],
          "offset": [0, 0],
          "originalSize": [150, 150],
          "capInsets": [0, 0, 0, 0]
        }
      ],
      [0],
      0,
      [0],
      [2],
      [1]
    ],
    [
      [
        [
          17,
          "feature_selector_frame",
          0.8,
          20,
          2,
          [
            {},
            "paths",
            11,
            [
              {
                "selector_holder/selector_f1/glow": {
                  "props": {
                    "opacity": [
                      { "frame": 0, "value": 0 },
                      { "frame": 0.1, "value": 255 },
                      { "frame": 0.6, "value": 0 }
                    ]
                  }
                },
                "selector_holder/selector_f2/glow": {
                  "props": {
                    "opacity": [
                      { "frame": 0, "value": 0 },
                      { "frame": 0.05, "value": 255 },
                      { "frame": 0.6, "value": 0 }
                    ]
                  }
                },
                "selector_holder/selector_f3/glow": {
                  "props": {
                    "opacity": [
                      { "frame": 0, "value": 0 },
                      { "frame": 0.1, "value": 255 },
                      { "frame": 0.6, "value": 0 }
                    ]
                  }
                }
              },
              "selector_holder/selector_f1/frame",
              11,
              [
                {},
                "props",
                11,
                [
                  {
                    "opacity": [
                      { "frame": 0, "value": 0 },
                      { "frame": 0.2, "value": 255 },
                      { "frame": 0.6, "value": 0 },
                      { "frame": 0.8, "value": 0 }
                    ]
                  },
                  "scale",
                  12,
                  [
                    [
                      [{ "frame": 0.05 }, "value", 8, [0, 1, 1]],
                      [{ "frame": 0.2 }, "value", 8, [0, 1.31, 1.31]],
                      [{ "frame": 0.5 }, "value", 8, [0, 1.4, 1.4]],
                      [{ "frame": 0.8 }, "value", 8, [0, 1.4, 1.4]]
                    ],
                    11,
                    11,
                    11,
                    11
                  ]
                ]
              ],
              "selector_holder/selector_f2/frame",
              11,
              [
                {},
                "props",
                11,
                [
                  {
                    "opacity": [
                      { "frame": 0, "value": 0 },
                      { "frame": 0.2, "value": 255 },
                      { "frame": 0.6, "value": 0 },
                      { "frame": 0.8, "value": 0 }
                    ]
                  },
                  "scale",
                  12,
                  [
                    [
                      [{ "frame": 0.05 }, "value", 8, [0, 1, 1]],
                      [{ "frame": 0.2 }, "value", 8, [0, 1.31, 1.31]],
                      [{ "frame": 0.5 }, "value", 8, [0, 1.4, 1.4]],
                      [{ "frame": 0.8 }, "value", 8, [0, 1.4, 1.4]]
                    ],
                    11,
                    11,
                    11,
                    11
                  ]
                ]
              ],
              "selector_holder/selector_f3/frame",
              11,
              [
                {},
                "props",
                11,
                [
                  {
                    "opacity": [
                      { "frame": 0, "value": 0 },
                      { "frame": 0.2, "value": 255 },
                      { "frame": 0.6, "value": 0 },
                      { "frame": 0.8, "value": 0 }
                    ]
                  },
                  "scale",
                  12,
                  [
                    [
                      [{ "frame": 0.05 }, "value", 8, [0, 1, 1]],
                      [{ "frame": 0.2 }, "value", 8, [0, 1.31, 1.31]],
                      [{ "frame": 0.5 }, "value", 8, [0, 1.4, 1.4]],
                      [{ "frame": 0.8 }, "value", 8, [0, 1.4, 1.4]]
                    ],
                    11,
                    11,
                    11,
                    11
                  ]
                ]
              ]
            ]
          ]
        ]
      ],
      0,
      0,
      [],
      [],
      []
    ],
    [
      [
        {
          "name": "feature_02_d_add",
          "rect": [303, 733, 150, 150],
          "offset": [0, 0],
          "originalSize": [150, 150],
          "capInsets": [0, 0, 0, 0]
        }
      ],
      [0],
      0,
      [0],
      [2],
      [1]
    ],
    [
      [
        {
          "name": "feature_01_p_screen",
          "rect": [303, 429, 150, 150],
          "offset": [0, 0],
          "originalSize": [150, 150],
          "capInsets": [0, 0, 0, 0]
        }
      ],
      [0],
      0,
      [0],
      [2],
      [1]
    ],
    [
      [
        {
          "name": "feature_03_d_add",
          "rect": [303, 1037, 150, 150],
          "offset": [0, 0],
          "originalSize": [150, 150],
          "capInsets": [0, 0, 0, 0]
        }
      ],
      [0],
      0,
      [0],
      [2],
      [1]
    ],
    [
      [
        {
          "name": "feature_02_u_add",
          "rect": [1, 695, 300, 300],
          "offset": [0, 0],
          "originalSize": [300, 300],
          "capInsets": [0, 0, 0, 0]
        }
      ],
      [0],
      0,
      [0],
      [2],
      [1]
    ],
    [
      [
        {
          "name": "feature_02_c_add",
          "rect": [303, 581, 150, 150],
          "offset": [0, 0],
          "originalSize": [150, 150],
          "capInsets": [0, 0, 0, 0]
        }
      ],
      [0],
      0,
      [0],
      [2],
      [1]
    ]
  ]
]
