[
  1,
  ["74YfLQJ59AvruGvIbUDn8H"],
  0,
  [
    [
      "sp.SkeletonData",
      ["_name", "_atlasText", "textureNames", "_skeletonJson", "textures"],
      -1,
      3
    ]
  ],
  [[0, 0, 1, 2, 3, 4, 5]],
  [
    [
      0,
      "l4_spade_atlas_symbols",
      "\nsymbols.png\nsize: 512,737\nformat: RGBA8888\nfilter: Linear,Linear\nrepeat: none\nh_blue\n  rotate: 180\n  xy: 296, 156\n  size: 120, 107\n  orig: 122, 113\n  offset: 0, 1\n  index: -1\nh_blue_shadow\n  rotate: false\n  xy: 2, 356\n  size: 121, 111\n  orig: 123, 113\n  offset: 1, 1\n  index: -1\nh_brown\n  rotate: false\n  xy: 191, 20\n  size: 102, 86\n  orig: 102, 86\n  offset: 0, 0\n  index: -1\nh_brown_edge_glow\n  rotate: false\n  xy: 412, 640\n  size: 91, 95\n  orig: 95, 99\n  offset: 2, 2\n  index: -1\nh_brown_shadow\n  rotate: false\n  xy: 2, 156\n  size: 104, 87\n  orig: 106, 91\n  offset: 1, 2\n  index: -1\nh_gold_L\n  rotate: false\n  xy: 321, 10\n  size: 63, 62\n  orig: 64, 63\n  offset: 0, 0\n  index: -1\nh_gold_L2\n  rotate: false\n  xy: 243, 401\n  size: 48, 65\n  orig: 49, 66\n  offset: 0, 1\n  index: -1\nh_gold_R\n  rotate: false\n  xy: 264, 213\n  size: 38, 49\n  orig: 39, 50\n  offset: 0, 0\n  index: -1\nh_gold_edge_glow\n  rotate: false\n  xy: 300, 580\n  size: 110, 155\n  orig: 114, 159\n  offset: 2, 2\n  index: -1\nh_gold_front\n  rotate: 180\n  xy: 83, 88\n  size: 115, 110\n  orig: 115, 110\n  offset: 0, 0\n  index: -1\nh_gold_front_L\n  rotate: false\n  xy: 449, 13\n  size: 61, 57\n  orig: 61, 57\n  offset: 0, 0\n  index: -1\nh_gold_front_R\n  rotate: false\n  xy: 2, 15\n  size: 54, 51\n  orig: 54, 52\n  offset: 0, 0\n  index: -1\nh_gold_mid\n  rotate: false\n  xy: 430, 572\n  size: 63, 67\n  orig: 63, 68\n  offset: 0, 0\n  index: -1\nh_gold_mid_L\n  rotate: false\n  xy: 166, 206\n  size: 28, 39\n  orig: 29, 41\n  offset: 0, 2\n  index: -1\nh_gold_shadow\n  rotate: false\n  xy: 2, 581\n  size: 158, 154\n  orig: 160, 156\n  offset: 1, 1\n  index: -1\nh_gold_sparkle_1\n  rotate: false\n  xy: 261, 368\n  size: 27, 32\n  orig: 31, 34\n  offset: 2, 1\n  index: -1\nh_gold_sparkle_2\n  rotate: false\n  xy: 476, 355\n  size: 26, 27\n  orig: 28, 31\n  offset: 1, 2\n  index: -1\nh_gold_sparkle_3\n  rotate: false\n  xy: 135, 481\n  size: 18, 18\n  orig: 20, 21\n  offset: 1, 1\n  index: -1\nh_gold_sparkle_4\n  rotate: false\n  xy: 135, 529\n  size: 18, 19\n  orig: 20, 21\n  offset: 1, 1\n  index: -1\nh_green\n  rotate: true\n  xy: 2, 45\n  size: 107, 104\n  orig: 109, 113\n  offset: 2, 1\n  index: -1\nh_green_shadow\n  rotate: false\n  xy: 122, 245\n  size: 109, 106\n  orig: 112, 110\n  offset: 2, 2\n  index: -1\nh_purple\n  rotate: 180\n  xy: 370, 245\n  size: 123, 134\n  orig: 125, 134\n  offset: 2, 0\n  index: -1\nh_purple_edge_glow\n  rotate: true\n  xy: 2, 469\n  size: 110, 131\n  orig: 114, 133\n  offset: 2, 1\n  index: -1\nh_purple_shadow\n  rotate: true\n  xy: 162, 467\n  size: 125, 135\n  orig: 127, 137\n  offset: 1, 1\n  index: -1\nh_red_L\n  rotate: false\n  xy: 473, 483\n  size: 28, 38\n  orig: 29, 39\n  offset: 0, 1\n  index: -1\nh_red_R\n  rotate: false\n  xy: 182, 112\n  size: 30, 40\n  orig: 30, 41\n  offset: 0, 0\n  index: -1\nh_red_back\n  rotate: false\n  xy: 422, 379\n  size: 81, 105\n  orig: 82, 106\n  offset: 1, 1\n  index: -1\nh_red_back_L\n  rotate: false\n  xy: 2, 127\n  size: 26, 28\n  orig: 26, 31\n  offset: 0, 1\n  index: -1\nh_red_back_L2\n  rotate: false\n  xy: 453, 512\n  size: 49, 60\n  orig: 49, 61\n  offset: 0, 1\n  index: -1\nh_red_back_R\n  rotate: true\n  xy: 108, 207\n  size: 37, 57\n  orig: 38, 58\n  offset: 0, 0\n  index: -1\nh_red_back_R2\n  rotate: false\n  xy: 490, 618\n  size: 19, 20\n  orig: 19, 21\n  offset: 0, 1\n  index: -1\nh_red_edge_glow\n  rotate: true\n  xy: 299, 484\n  size: 94, 152\n  orig: 98, 154\n  offset: 2, 1\n  index: -1\nh_red_front\n  rotate: false\n  xy: 74, 4\n  size: 129, 69\n  orig: 129, 70\n  offset: 0, 0\n  index: -1\nh_red_front_L\n  rotate: false\n  xy: 135, 501\n  size: 19, 27\n  orig: 19, 28\n  offset: 0, 1\n  index: -1\nh_red_front_R\n  rotate: false\n  xy: 453, 488\n  size: 22, 23\n  orig: 22, 23\n  offset: 0, 0\n  index: -1\nh_red_front_mid\n  rotate: false\n  xy: 135, 550\n  size: 18, 30\n  orig: 19, 31\n  offset: 1, 0\n  index: -1\nh_red_mid_L\n  rotate: false\n  xy: 243, 381\n  size: 13, 21\n  orig: 15, 22\n  offset: 1, 1\n  index: -1\nh_red_mid_R\n  rotate: false\n  xy: 412, 600\n  size: 23, 28\n  orig: 24, 28\n  offset: 0, 0\n  index: -1\nh_red_mid_R2\n  rotate: false\n  xy: 484, 328\n  size: 25, 26\n  orig: 28, 27\n  offset: 1, 1\n  index: -1\nh_red_shadow\n  rotate: false\n  xy: 162, 594\n  size: 136, 141\n  orig: 140, 143\n  offset: 2, 1\n  index: -1\nl_club\n  rotate: 270\n  xy: 258, 60\n  size: 105, 113\n  orig: 105, 113\n  offset: 0, 0\n  index: -1\nl_club_shadow\n  rotate: true\n  xy: 299, 368\n  size: 114, 121\n  orig: 116, 125\n  offset: 1, 2\n  index: -1\nl_diamond\n  rotate: true\n  xy: 368, 40\n  size: 97, 117\n  orig: 97, 117\n  offset: 0, 0\n  index: -1\nl_diamond_shadow\n  rotate: true\n  xy: 243, 263\n  size: 103, 125\n  orig: 107, 127\n  offset: 2, 1\n  index: -1\nl_heart\n  rotate: 270\n  xy: 409, 118\n  size: 111, 100\n  orig: 111, 100\n  offset: 0, 0\n  index: -1\nl_heart_shadow\n  rotate: false\n  xy: 2, 245\n  size: 118, 109\n  orig: 122, 111\n  offset: 2, 1\n  index: -1\nl_spade\n  rotate: true\n  xy: 177, 129\n  size: 115, 122\n  orig: 115, 122\n  offset: 0, 0\n  index: -1\nl_spade_shadow\n  rotate: true\n  xy: 125, 353\n  size: 112, 116\n  orig: 114, 120\n  offset: 1, 2\n  index: -1\n",
      ["symbols.png"],
      {
        "skeleton": {
          "hash": "qV3dIWBn3g2Hsq+/9yun0HJ+blk",
          "spine": "3.8.99",
          "x": -58.21,
          "y": -66.5,
          "width": 116.16,
          "height": 127.39
        },
        "bones": [
          { "name": "root", "scaleX": 0.5, "scaleY": 0.5 },
          { "name": "_subroot", "parent": "root" },
          { "name": "symbol", "parent": "_subroot" },
          { "name": "ctrl", "parent": "_subroot" }
        ],
        "slots": [
          {
            "name": "l_spade_shadow",
            "bone": "_subroot",
            "attachment": "l_spade_shadow"
          },
          { "name": "symbol", "bone": "symbol", "attachment": "l_spade" }
        ],
        "skins": [
          {
            "name": "default",
            "attachments": {
              "l_spade_shadow": {
                "l_spade_shadow": { "y": -13.5, "width": 228, "height": 239 }
              },
              "symbol": {
                "l_spade": {
                  "type": "mesh",
                  "hull": 16,
                  "uvs": [
                    0.69563, 0.92294, 0.63754, 0.99999, 0.34498, 0.99999,
                    0.29709, 0.9133, 0.37136, 0.72798, 0.20243, 0.78211,
                    0.07298, 0.73125, 0, 0.60917, 0.00146, 0.42661, 0.46881,
                    0.00495, 0.56052, 0.00413, 0.99639, 0.3633, 1, 0.60275,
                    0.94757, 0.73303, 0.7568, 0.79174, 0.61379, 0.73739,
                    0.63137, 0.92769, 0.3525, 0.92895, 0.7555, 0.71743, 0.26197,
                    0.69816, 0.91133, 0.66835, 0.4155, 0.66434, 0.56055,
                    0.67937, 0.12674, 0.68675
                  ],
                  "triangles": [
                    1, 17, 16, 1, 2, 17, 2, 3, 17, 1, 16, 0, 21, 22, 17, 22, 16,
                    17, 17, 4, 21, 17, 3, 4, 22, 15, 16, 16, 15, 0, 15, 18, 14,
                    13, 18, 20, 13, 14, 18, 5, 19, 4, 6, 23, 5, 5, 23, 19, 15,
                    22, 18, 13, 20, 12, 6, 7, 23, 4, 19, 21, 20, 18, 11, 21, 19,
                    8, 8, 19, 23, 11, 18, 22, 20, 11, 12, 10, 11, 22, 10, 22,
                    21, 21, 9, 10, 23, 7, 8, 21, 8, 9
                  ],
                  "vertices": [
                    2, 2, 45.19, -104.12, 0.8, 3, 45.19, -104.12, 0.2, 1, 2,
                    31.69, -123.07, 1, 1, 2, -36.27, -123.07, 1, 2, 2, -47.4,
                    -101.76, 0.8, 3, -47.4, -101.76, 0.2, 1, 2, -30.15, -56.19,
                    1, 1, 2, -69.39, -69.5, 1, 1, 2, -99.47, -57, 1, 2, 2,
                    -116.42, -26.98, 0.8, 3, -116.42, -26.98, 0.2, 2, 2,
                    -116.08, 17.9, 0.8, 3, -116.08, 17.9, 0.2, 2, 2, -7.51,
                    121.57, 0.8, 3, -7.51, 121.57, 0.2, 2, 2, 13.8, 121.77, 0.8,
                    3, 13.8, 121.77, 0.2, 2, 2, 115.06, 33.47, 0.8, 3, 115.06,
                    33.47, 0.2, 2, 2, 115.9, -25.41, 0.8, 3, 115.9, -25.41, 0.2,
                    1, 2, 103.72, -57.43, 1, 1, 2, 59.4, -71.87, 1, 1, 2, 26.18,
                    -58.51, 1, 2, 2, 30.26, -105.29, 0.8, 3, 30.26, -105.29,
                    0.2, 2, 2, -34.53, -105.6, 0.8, 3, -34.53, -105.6, 0.2, 2,
                    2, 59.1, -53.6, 0.8, 3, 59.1, -53.6, 0.2, 2, 2, -55.56,
                    -48.86, 0.8, 3, -55.56, -48.86, 0.2, 2, 2, 95.3, -41.53,
                    0.8, 3, 95.3, -41.53, 0.2, 2, 2, -19.89, -40.55, 0.8, 3,
                    -19.89, -40.55, 0.2, 2, 2, 13.81, -44.24, 0.8, 3, 13.81,
                    -44.24, 0.2, 2, 2, -86.98, -46.06, 0.8, 3, -86.98, -46.06,
                    0.2
                  ]
                }
              }
            }
          }
        ],
        "animations": {
          "spawn": {
            "bones": {
              "symbol": {
                "translate": [
                  { "curve": 0.25, "c3": 0.75 },
                  { "time": 0.0667, "y": -5, "curve": 0.25, "c3": 0.75 },
                  { "time": 0.1667, "y": 2, "curve": 0.25, "c3": 0.75 },
                  { "time": 0.3333, "y": -2, "curve": 0.25, "c3": 0.75 },
                  { "time": 0.5 }
                ]
              },
              "ctrl": {
                "translate": [
                  { "curve": 0.25, "c3": 0.75 },
                  { "time": 0.0667, "y": -10, "curve": 0.25, "c3": 0.75 },
                  { "time": 0.2667, "y": 4, "curve": 0.25, "c3": 0.75 },
                  { "time": 0.5 }
                ]
              }
            }
          },
          "win": {
            "bones": {
              "symbol": {
                "scale": [
                  { "curve": 0.384, "c3": 0.803, "c4": 0.71 },
                  {
                    "time": 0.0667,
                    "x": 0.98,
                    "y": 0.98,
                    "curve": 0.125,
                    "c2": 0.21,
                    "c3": 0.608
                  },
                  {
                    "time": 0.2,
                    "x": 1.02,
                    "y": 1.02,
                    "curve": 0.523,
                    "c3": 0.467
                  },
                  {
                    "time": 0.3333,
                    "x": 0.99,
                    "y": 0.99,
                    "curve": 0.125,
                    "c2": 0.21,
                    "c3": 0.608
                  },
                  { "time": 0.5 }
                ]
              },
              "ctrl": {
                "translate": [
                  { "curve": 0.25, "c3": 0.75 },
                  { "time": 0.0667, "y": 10, "curve": 0.25, "c3": 0.75 },
                  { "time": 0.2667, "y": -20, "curve": 0.25, "c3": 0.75 },
                  { "time": 0.5 }
                ],
                "scale": [
                  { "curve": 0.25, "c3": 0.75 },
                  {
                    "time": 0.0667,
                    "x": 0.95,
                    "y": 0.95,
                    "curve": 0.25,
                    "c3": 0.75
                  },
                  {
                    "time": 0.2667,
                    "x": 1.05,
                    "y": 1.05,
                    "curve": 0.25,
                    "c3": 0.75
                  },
                  { "time": 0.5 }
                ]
              }
            }
          }
        }
      },
      [0]
    ]
  ],
  0,
  0,
  [0],
  [-1],
  [0]
]
