{
  "BonusWallet": {
    "BonusWallet": "กระเป๋าเงินโบนัส",
    "Offer": "ข้อเสนอ: %{id}",
    "Expired": "หมดอายุแล้ว",
    "Completed": "เสร็จสิ้น",
    "Discard": "ละทิ้ง",
    "DiscardWallet": "ละทิ้งข้อเสนอ",
    "WalletInuse": "กระเป๋าเงินปัจจุบัน",
    "SelectWallet": "เลือกกระเป๋าเงิน",
    "BonusRatioLabel": "ยอดโรลโอเวอร์",
    "BonusRatioLabelFull": "ยอดคงเหลือโรลโอเวอร์",
    "InitialBonusRatioLabel": "ข้อกำหนดสำหรับโรลโอเวอร์",
    "MaximumConversionRate": "ขีดจำกัดการถอน %{rate}",
    "Expiry": "วันหมดอายุ",
    "BonusWalletDiscarded": "ละทิ้ง",
    "DiscardWalletTitle": "ทิ้ง %{name}？",
    "DiscardMessage": "เมื่อทำการละทิ้งกระเป๋าเงินโบนัสจะทำให้ยอดเงินที่เหลืออยู่ทั้งหมดในกระเป๋าเงินถูกละทิ้ง",
    "LoadMoreData": "ดึงขึ้นมาเพื่อโหลดเพิ่มเติม",
    "ReloadStartLoading": "ปล่อยเพื่อเริ่มการโหลด",
    "AllRecordDisplayed": "บันทึกทั้งหมดที่แสดง",
    "ConvertedToCashTitle": "ตรงตามเงื่อนไข!",
    "ConvertedToCashLimitDesc": "ยอดคงเหลือ: %{balance}\r\nขีดจำกัดการถอน: %{withdrawal}\r\n\r\nได้มีการโอน %{amount} ไปยังกระเป๋าเงินสดแล้ว คลิกที่ปุ่มนี้เพื่อกลับไปยังกระเป๋าเงินสด",
    "ConvertedToCashDesc": "ยอดเงินที่เหลืออยู่จำนวน %{amount} ถูกโอนไปยังกระเป๋าเงินสดแล้ว คลิกที่ปุ่มนี้เพื่อกลับไปยังกระเป๋าเงินสด",
    "CurrentWalletExpired": "กระเป๋าเงินปัจจุบันหมดอายุแล้ว",
    "Acknowledge": "ตกลง",
    "AutoSwitchedToCash": "กระเป๋าเงินโบนัสปัจจุบันของคุณหมดอายุแล้ว คลิกที่ปุ่มนี้เพื่อกลับไปยังกระเป๋าเงินสด",
    "BonusWalletInvalid": "กระเป๋าเงินโบนัสไม่ถูกต้อง",
    "BonusWalletInvalidDesc": "กระเป๋าเงินโบนัสปัจจุบันของคุณไม่ถูกต้อง คลิกที่ปุ่มนี้เพื่อกลับไปยังกระเป๋าเงินสด",
    "NoOfferFound": "อย่าลืมไปเยี่ยมชมเรา โดยจะมีข้อเสนอให้มากยิ่งขึ้นในอนาคต!",
    "WalletLocked": "ใช้งานอยู่",
    "BonusWalletLockedTitle": "กระเป๋าเงินโบนัสถูกล็อก",
    "BonusWalletLockedDesc": "กระเป๋าเงินโบนัสถูกล็อกเนื่องจากการหมุนล่าสุดใน “%{gameName}” ยังไม่เสร็จสิ้น การทำการหมุนให้เสร็จสิ้นมีโอกาสทำการปลดล็อกได้",
    "BonusWalletLockedInitDesc": "กระเป๋าเงินโบนัสถูกล็อกเนื่องจากการหมุนล่าสุดใน “%{gameName}” ยังไม่เสร็จสิ้น การทำการหมุนให้เสร็จสิ้นมีโอกาสทำการปลดล็อกได้\r\n\r\nคลิกที่ปุ่มนี้เพื่อกลับไปยังกระเป๋าเงินสด",
    "CashWallet": "กระเป๋าเงินสด",
    "Game": "เกม #%{id}",
    "RollOverMode": "โหมดโรลโอเวอร์",
    "Cash": "เงินสด",
    "Bonus": "โบนัส",
    "BonusWalletContinueTitle": "กำลังใช้งานกระเป๋าเงินโบนัสของคุณอยู่",
    "BonusWalletContinueDesc": "ยอดเงินคงเหลือกระเป๋าเงินโบนัสปัจจุบัน",
    "BonusWalletExpiredTitle": "กระเป๋าเงินโบนัสหมดอายุแล้ว",
    "BonusWalletExpiredNoPrize": "กระเป๋าเงินโบนัสหมดอายุแล้ว ยอดเงินที่เหลืออยู่ทั้งหมดในกระเป๋าเงินจะถูกละทิ้ง",
    "ContinueGame": "กลับไปที่เกมต่อ",
    "MoreOffers": "โปรโมชั่นเพิ่มเติม",
    "NextTime": "ภายหลัง",
    "BackToGame": "กลับสู่เกม",
    "CompletedDialog": "กระเป๋าเงินโบนัสของคุณ “%{bonusTitle}” เสร็จสมบูรณ์แล้ว คลิกที่ปุ่มนี้เพื่อกลับไปยังกระเป๋าเงินสด",
    "SwapMode": "สลับโหมด",
    "SelectMode": "เลือกโหมด",
    "DialogRetry": "ลองอีกครั้ง",
    "DialogCancel": "ยกเลิก",
    "ResourceLoadingMessage": "กำลังโหลด",
    "InsufficientBalance": "ยอดเงินคงเหลือของกระเป๋าเงินโบนัสไม่เพียงพอ! คลิกที่ปุ่มนี้เพื่อกลับไปยังกระเป่าเงินโบนัส"
  },
  "FreeGame": {
    "FreeGame": "เกมเล่นฟรี",
    "DiscardTitle": "ทิ้ง %{name}?",
    "DiscardMessage": "การเลือกทิ้งเกมเล่นฟรี จะเป็นการทิ้งรางวัลทั้งหมดที่สะสมไว้ในเกมเล่นฟรีไปด้วย",
    "Congratulations": "ขอแสดงความยินดี",
    "FreeGameCompletedWin": "เกมเล่นฟรีเสร็จสิ้นแล้ว คุณชนะรางวัล",
    "FreeGameCompletedNoWin": "เกมเล่นฟรีเสร็จสิ้นแล้ว",
    "FreeGameExpired": "เกมเล่นฟรีหมดอายุแล้ว",
    "FreeGameExpiredNoPrize": "เกมเล่นฟรีหมดอายุแล้ว รางวัลทั้งหมดที่รวบรวมไว้ในเกมเล่นฟรีถูกละทิ้งแล้ว",
    "FreeGameViewRemaining": "คุณมีเกมเล่นฟรีเหลืออยู่ %{games} เกม",
    "FreeGameViewAccumulated": "รางวัลทั้งหมดที่รวบรวมไว้ถึงตอนนี้",
    "ConvertToBonusWallet": "เงินรางวัลถูกเพิ่มเข้าไปยังกระเป๋าเงินโบนัส",
    "ConvertToCashWallet": "เงินรางวัลถูกเพิ่มเข้าไปยังกระเป๋าเงินสด",
    "Offer": "ข้อเสนอ: %{id}",
    "MoreOffers": "โปรโมชั่นเพิ่มเติม",
    "BackToGame": "กลับสู่เกม",
    "ContinueGame": "กลับไปที่เกมต่อ",
    "PlayGameNow": "เล่นเลยทันที",
    "DiscardGame": "ละทิ้งข้อเสนอ",
    "Expired": "หมดอายุแล้ว",
    "Completed": "เสร็จสิ้น",
    "ExpiryDate": "วันหมดอายุ",
    "FreeGameRemaining": "เหลือ %{gameCount} เกมฟรี",
    "FreeGameTotal": "รวมทั้งหมด %{gameCount} เกม",
    "DiscardWallet": "ละทิ้ง",
    "GameInUse": "เกมปัจจุบัน",
    "MaximumConversionRate": "ขีดจำกัดการถอน %{rate}",
    "LoadMoreData": "ดึงขึ้นมาเพื่อโหลดเพิ่มเติม",
    "ReloadStartLoading": "ปล่อยเพื่อเริ่มการโหลด",
    "AllRecordDisplayed": "บันทึกทั้งหมดที่แสดง",
    "Discard": "ละทิ้ง",
    "Acknowledge": "ตกลง",
    "UseBonusWallet": "สลับไปเป็นกระเป๋าเงินโบนัส",
    "FreeGameInvalid": "เกมเล่นฟรีไม่ถูกต้อง",
    "AutoSwitchedToCash": "เกมเล่นฟรีปัจจุบันของคุณไม่ถูกต้อง คลิกที่ปุ่มเพื่อกลับไปยังกระเป๋าเงินสด",
    "NextTime": "ภายหลัง",
    "NoOfferFound": "อย่าลืมไปเยี่ยมชมเรา โดยจะมีข้อเสนอให้มากยิ่งขึ้นในอนาคต!",
    "SingleBet": "เดิมพัน",
    "CurrentWin": "เงินรางวัลรวม %{amount}",
    "WalletLocked": "ใช้งานอยู่",
    "FreeGameLockedTitle": "เกมเล่นฟรีถูกล็อคอยู่",
    "FreeGameLockedDesc": "เกมเล่นฟรีถูกล็อกเนื่องจากการหมุนล่าสุดใน “%{gameName}” ยังไม่เสร็จสิ้น การทำการหมุนให้เสร็จสิ้นมีโอกาสทำการปลดล็อกได้",
    "FreeGameLockedInitDesc": "เกมเล่นฟรีถูกล็อกเนื่องจากการหมุนล่าสุดใน “%{gameName}” ยังไม่เสร็จสิ้น การทำการหมุนให้เสร็จสิ้นมีโอกาสทำการปลดล็อกได้\n\nคลิกที่ปุ่มนี้เพื่อกลับไปยังกระเป๋าเงินสด",
    "Game": "เกม #%{id}",
    "CashWallet": "กระเป๋าเงินสด",
    "CompletedDialog": "เกมเล่นฟรี “%{freeGameTitle}” ของคุณเสร็จสิ้นแล้ว คลิกที่ปุ่มนี้เพื่อกลับไปยังกระเป๋าเงินสด",
    "DialogRetry": "ลองอีกครั้ง",
    "DialogCancel": "ยกเลิก",
    "ResourceLoadingMessage": "กำลังโหลด"
  },
  "WalletHelper": {
    "Cancel": "ยกเลิก",
    "Confirm": "ยืนยัน",
    "View": "ดู",
    "NextTime": "ภายหลัง",
    "ChangeWalletTitle": "เปลี่ยนกระเป๋าเงิน",
    "ChangeWalletDesc": "เปลี่ยนเป็นกระเป๋าเงินสดหรือไม่",
    "WalletReminder": "การแจ้งเตือนข้อเสนอ",
    "NewWalletDesc": "ขอแสดงความยินดีด้วย คุณได้รับข้อเสนอใหม่! ดูตอนนี้เลยหรือไม่",
    "WalletReminderDesc": "คุณยังมีข้อเสนอที่ยังดำเนินอยู่! ดูตอนนี้เลยหรือไม่"
  },
  "WalletList": {
    "CurrentWallet": "กระเป๋าเงินสด",
    "BonusWallet": "กระเป๋าเงินโบนัส",
    "FreeGameWallet": "เกมเล่นฟรี",
    "RemainingCount": "เหลืออยู่ %{value}",
    "PointWallet": "กระเป๋าเงินแต้ม",
    "CloseUp": "ปิด",
    "CashDistribute": "ยอดเงินคงเหลือ",
    "WalletError": "ข้อผิดพลาดเซิร์ฟเวอร์"
  }
}
