[
  1,
  ["31tDZxlrBAMpJvSC5RmZkn"],
  ["_textureSetter"],
  ["cc.SpriteFrame"],
  0,
  [
    [
      [
        {
          "name": "turbo_lightning_01",
          "rect": [93, 15, 14, 18],
          "offset": [5, 9],
          "originalSize": [60, 60],
          "rotated": 1,
          "capInsets": [0, 0, 0, 0]
        }
      ],
      [0],
      0,
      [0],
      [0],
      [0]
    ],
    [
      [
        {
          "name": "turbo_lightning_04",
          "rect": [93, 31, 16, 30],
          "offset": [-1, -4],
          "originalSize": [60, 60],
          "capInsets": [0, 0, 0, 0]
        }
      ],
      [0],
      0,
      [0],
      [0],
      [0]
    ],
    [
      [
        {
          "name": "turbo_lightning_03",
          "rect": [93, 1, 12, 20],
          "offset": [2, 1],
          "originalSize": [60, 60],
          "rotated": 1,
          "capInsets": [0, 0, 0, 0]
        }
      ],
      [0],
      0,
      [0],
      [0],
      [0]
    ],
    [
      [
        {
          "name": "turbo_lightning_00",
          "rect": [93, 63, 16, 28],
          "offset": [12, 14],
          "originalSize": [60, 60],
          "capInsets": [0, 0, 0, 0]
        }
      ],
      [0],
      0,
      [0],
      [0],
      [0]
    ],
    [
      [
        {
          "name": "turbo_lightning_02",
          "rect": [111, 31, 3, 3],
          "offset": [-28.5, 28.5],
          "originalSize": [60, 60],
          "capInsets": [0, 0, 0, 0]
        }
      ],
      [0],
      0,
      [0],
      [0],
      [0]
    ]
  ]
]
