[
  1,
  ["755QemO8VKoYn/j8Mchu8M"],
  ["_textureSetter"],
  ["cc.SpriteFrame"],
  0,
  [
    [
      [
        {
          "name": "ic_toast_turbo_off",
          "rect": [83, 887, 38, 44],
          "offset": [0, 0],
          "originalSize": [48, 48],
          "capInsets": [0, 0, 0, 0]
        }
      ],
      [0],
      0,
      [0],
      [0],
      [0]
    ],
    [
      [
        {
          "name": "ic_soundoff_off",
          "rect": [93, 493, 24, 24],
          "offset": [0, 0],
          "originalSize": [24, 24],
          "capInsets": [0, 0, 0, 0]
        }
      ],
      [0],
      0,
      [0],
      [0],
      [0]
    ],
    [
      [
        {
          "name": "btn_turbo_bg",
          "rect": [1, 343, 90, 90],
          "offset": [0, 0],
          "originalSize": [90, 90],
          "capInsets": [45, 45, 45, 45]
        }
      ],
      [0],
      0,
      [0],
      [0],
      [0]
    ],
    [
      [
        {
          "name": "ic_toast_turbo_on",
          "rect": [89, 611, 34, 44],
          "offset": [0, 0],
          "originalSize": [48, 48],
          "capInsets": [0, 0, 0, 0]
        }
      ],
      [0],
      0,
      [0],
      [0],
      [0]
    ],
    [
      [
        {
          "name": "bg_tooltip_arrow",
          "rect": [1, 1458, 50, 24],
          "offset": [0, 0],
          "originalSize": [120, 24],
          "capInsets": [0, 0, 0, 0]
        }
      ],
      [0],
      0,
      [0],
      [0],
      [0]
    ],
    [
      [
        {
          "name": "bg_tooltip_box",
          "rect": [1, 1, 120, 120],
          "offset": [0, 0],
          "originalSize": [120, 120],
          "capInsets": [9, 9, 9, 9]
        }
      ],
      [0],
      0,
      [0],
      [0],
      [0]
    ],
    [
      [
        {
          "name": "bg_round_border",
          "rect": [1, 1346, 60, 60],
          "offset": [0, 0],
          "originalSize": [60, 60],
          "capInsets": [22, 22, 22, 22]
        }
      ],
      [0],
      0,
      [0],
      [0],
      [0]
    ]
  ]
]
