[
  1,
  [
    "3dnXuoHu1KPpfStYJqe1M1",
    "59T3n/6C1MS40tFDrdicD0",
    "b1aSaaU7BDgJZAJDbM+Ty8",
    "c6Zihm05pG74u5y3XpcFRi",
    "c45MJMGN1JjIePZFFVMr8t",
    "4eb52MUaxAo6/hWYXOmqYV",
    "1dB4oQd1pHVrNyqxxZLs8i",
    "88KtX97gNPJZvBBFxBfqFT",
    "341BTE5+pElIrFUu1TRhYg",
    "22edqvTnZEmKLtV51J15AI",
    "a4tttnfRRDJ7x7UuogLPK8",
    "a1xO5QjThMeofA9OQVCyFR",
    "46oqT8IxFFFo+q3F6lsBIr",
    "b08vQ3MTlHYILmhSRebhRt",
    "5aGJmpfatOQ7jvX1YuBBp2",
    "3928qbnAZJbpI/tV3gcRd1",
    "23so478LtDO4eLhxET5TNc",
    "d9j66Ruq1GGIETsdwLXTrA",
    "3cnotQsMxJgYbZbABwUeGk",
    "97MtRfvfhOeYjw6e520Asc"
  ],
  ["value"],
  [
    [
      "cc.AnimationClip",
      ["_name", "_duration", "sample", "events", "curveData"],
      -1,
      11
    ]
  ],
  [[0, 0, 1, 2, 3, 4, 5]],
  [
    [
      0,
      "turbo_icon_up",
      1.85,
      20,
      [{ "frame": 0.2, "func": "changeTurboSprite", "params": [] }],
      [
        {},
        "paths",
        11,
        [
          {},
          "turbo_effect_sprite",
          11,
          [
            {
              "props": {
                "opacity": [
                  { "frame": 0, "value": 255 },
                  { "frame": 0.15, "value": 255 },
                  { "frame": 0.2, "value": 50 },
                  { "frame": 0.25, "value": 255 },
                  { "frame": 0.3, "value": 100 },
                  { "frame": 0.35, "value": 255 },
                  { "frame": 0.6, "value": 255 },
                  { "frame": 0.65, "value": 100 },
                  { "frame": 0.8, "value": 255 },
                  { "frame": 1.85, "value": 255 }
                ]
              }
            },
            "comps",
            11,
            [
              {},
              "cc.Sprite",
              11,
              [
                {},
                "spriteFrame",
                12,
                [
                  [
                    [{ "frame": 0 }, "value", 6, 0],
                    [{ "frame": 0.05 }, "value", 6, 1],
                    [{ "frame": 0.1 }, "value", 6, 2],
                    [{ "frame": 0.15 }, "value", 6, 3],
                    [{ "frame": 0.2 }, "value", 6, 4]
                  ],
                  11,
                  11,
                  11,
                  11,
                  11
                ]
              ]
            ]
          ],
          "lighthing_effect_sprite",
          11,
          [
            {},
            "comps",
            11,
            [
              {},
              "cc.Sprite",
              11,
              [
                {},
                "spriteFrame",
                12,
                [
                  [
                    { "frame": 0, "value": null },
                    { "frame": 0.15, "value": null },
                    [{ "frame": 0.2 }, "value", 6, 5],
                    [{ "frame": 0.25 }, "value", 6, 6],
                    [{ "frame": 0.3 }, "value", 6, 7],
                    [{ "frame": 0.35 }, "value", 6, 8],
                    [{ "frame": 0.4 }, "value", 6, 9],
                    [{ "frame": 0.45 }, "value", 6, 10],
                    [{ "frame": 0.5 }, "value", 6, 11],
                    [{ "frame": 0.55 }, "value", 6, 12],
                    [{ "frame": 0.6 }, "value", 6, 13],
                    [{ "frame": 0.65 }, "value", 6, 14],
                    [{ "frame": 0.7 }, "value", 6, 15],
                    [{ "frame": 0.75 }, "value", 6, 16],
                    [{ "frame": 0.8 }, "value", 6, 17],
                    [{ "frame": 0.85 }, "value", 6, 18],
                    [{ "frame": 0.9 }, "value", 6, 19]
                  ],
                  0,
                  0,
                  11,
                  11,
                  11,
                  11,
                  11,
                  11,
                  11,
                  11,
                  11,
                  11,
                  11,
                  11,
                  11,
                  11,
                  11
                ]
              ]
            ]
          ]
        ]
      ]
    ]
  ],
  0,
  0,
  [0, 0, 0, 0, 0, 0, 0, 0, 0, 0, 0, 0, 0, 0, 0, 0, 0, 0, 0, 0],
  [0, 0, 0, 0, 0, 0, 0, 0, 0, 0, 0, 0, 0, 0, 0, 0, 0, 0, 0, 0],
  [0, 1, 2, 3, 4, 5, 6, 7, 8, 9, 10, 11, 12, 13, 14, 15, 16, 17, 18, 19]
]
