[
  1,
  ["efDqM094hHz64OGIjCqM/E"],
  ["_textureSetter"],
  ["cc.SpriteFrame"],
  0,
  [
    [
      [
        {
          "name": "yellow_2",
          "rect": [49, 1, 45, 55],
          "offset": [0, 0],
          "originalSize": [45, 55],
          "capInsets": [0, 0, 0, 0]
        }
      ],
      [0],
      0,
      [0],
      [0],
      [0]
    ],
    [
      [
        {
          "name": "yellow_8",
          "rect": [188, 1, 44, 55],
          "offset": [0, 0],
          "originalSize": [44, 55],
          "capInsets": [0, 0, 0, 0]
        }
      ],
      [0],
      0,
      [0],
      [0],
      [0]
    ],
    [
      [
        {
          "name": "yellow_1",
          "rect": [411, 1, 28, 55],
          "offset": [0, 0],
          "originalSize": [28, 55],
          "capInsets": [0, 0, 0, 0]
        }
      ],
      [0],
      0,
      [0],
      [0],
      [0]
    ],
    [
      [
        {
          "name": "yellow_4",
          "rect": [234, 1, 43, 55],
          "offset": [0, 0],
          "originalSize": [43, 55],
          "capInsets": [0, 0, 0, 0]
        }
      ],
      [0],
      0,
      [0],
      [0],
      [0]
    ],
    [
      [
        {
          "name": "yellow_7",
          "rect": [369, 1, 40, 55],
          "offset": [0, 0],
          "originalSize": [40, 55],
          "capInsets": [0, 0, 0, 0]
        }
      ],
      [0],
      0,
      [0],
      [0],
      [0]
    ],
    [
      [
        {
          "name": "yellow_9",
          "rect": [324, 1, 43, 55],
          "offset": [0, 0],
          "originalSize": [43, 55],
          "capInsets": [0, 0, 0, 0]
        }
      ],
      [0],
      0,
      [0],
      [0],
      [0]
    ],
    [
      [
        {
          "name": "yellow_5",
          "rect": [142, 1, 44, 55],
          "offset": [0, 0],
          "originalSize": [44, 55],
          "capInsets": [0, 0, 0, 0]
        }
      ],
      [0],
      0,
      [0],
      [0],
      [0]
    ],
    [
      [
        {
          "name": "yellow_decimal",
          "rect": [441, 28, 20, 20],
          "offset": [0, 0],
          "originalSize": [20, 20],
          "capInsets": [0, 0, 0, 0]
        }
      ],
      [0],
      0,
      [0],
      [0],
      [0]
    ],
    [
      [
        {
          "name": "yellow_comma",
          "rect": [441, 1, 22, 25],
          "offset": [0, 0],
          "originalSize": [22, 25],
          "capInsets": [0, 0, 0, 0]
        }
      ],
      [0],
      0,
      [0],
      [0],
      [0]
    ],
    [
      [
        {
          "name": "yellow_0",
          "rect": [1, 1, 46, 55],
          "offset": [0, 0],
          "originalSize": [46, 55],
          "capInsets": [0, 0, 0, 0]
        }
      ],
      [0],
      0,
      [0],
      [0],
      [0]
    ],
    [
      [
        {
          "name": "yellow_6",
          "rect": [279, 1, 43, 55],
          "offset": [0, 0],
          "originalSize": [43, 55],
          "capInsets": [0, 0, 0, 0]
        }
      ],
      [0],
      0,
      [0],
      [0],
      [0]
    ],
    [
      [
        {
          "name": "yellow_3",
          "rect": [96, 1, 44, 55],
          "offset": [0, 0],
          "originalSize": [44, 55],
          "capInsets": [0, 0, 0, 0]
        }
      ],
      [0],
      0,
      [0],
      [0],
      [0]
    ]
  ]
]
