[
  1,
  [
    "e5IciStrBGe7kv0kv+QeJf",
    "3eop1vVYdEqrsePl1BP6We",
    "05QE540vpFkJHnEDLfAsd4",
    "fas/sBAvdEro37KdgiuaFB",
    "40QQhs6YNFyrzl7hnrCyoy",
    "74VXZxZ2tAr7OwK/U/UhIQ",
    "ecAq+bVCRPK5PfCDRrrNnW",
    "4a5AHX0VBLLa2UmZG0YacE",
    "1eNwcLXcZFsZVoIbWIJCp5",
    "4ca8ZXQh9Mm6PyCLqYTDma",
    "bfS6IQ8yFJI7LbugWNUnz1",
    "90J20aWn5FNoVt5EnAqRf8",
    "ecpdLyjvZBwrvm+cedCcQy",
    "a5Ijpf3VVN7bsl+jMM6nhA",
    "c3UdXG6tZMcpszPC3kKsPJ",
    "01pkLNe9hCsYsB5dQrNAo+"
  ],
  [
    "node",
    "root",
    "data",
    "whVfxENode",
    "numberHolderNode",
    "numberRollController",
    "_spriteFrame",
    "_textureSetter",
    "payoutNumbeNode",
    "payoutNumberPrefab"
  ],
  [
    [
      "cc.Node",
      [
        "_name",
        "_opacity",
        "_prefab",
        "_components",
        "_children",
        "_parent",
        "_trs",
        "_contentSize"
      ],
      1,
      4,
      9,
      2,
      1,
      7,
      5
    ],
    ["cc.PrefabInfo", ["fileId", "root", "asset"], 2, 1, 1],
    "cc.SpriteFrame",
    ["cc.Prefab", ["_name"], 2],
    [
      "cc.Node",
      ["_name", "_opacity", "_parent", "_components", "_prefab"],
      1,
      1,
      2,
      4
    ],
    [
      "7f7adwj1xZC6qgvoiVfEtlp",
      ["node", "numberRollController", "numberHolderNode", "whVfxENode"],
      3,
      1,
      1,
      1,
      1
    ],
    [
      "cc.Sprite",
      [
        "_srcBlendFactor",
        "_dstBlendFactor",
        "_sizeMode",
        "_isTrimmedMode",
        "node",
        "_materials",
        "_spriteFrame"
      ],
      -1,
      1,
      3,
      6
    ],
    [
      "e13cc9FLShL66GevrFVSv5p",
      [
        "maxContainerSize",
        "nodeNumberWidth",
        "commaWidth",
        "commaY",
        "decimalWidth",
        "decimalY",
        "decimalNumberWidth",
        "decimalNumberScale",
        "multiplySpriteWidth",
        "multiplySpriteScale",
        "node",
        "numberContainer",
        "numberSprite",
        "numberBlurSprite"
      ],
      -7,
      1,
      1,
      3,
      3
    ],
    [
      "6ce4aSiKeVGJZPyEX2VbsSD",
      ["rollDuration", "node", "displayController"],
      2,
      1,
      1
    ],
    [
      "c62d26MBFdBFLgxACxf14Fs",
      ["node", "payoutNumbeNode", "payoutNumberPrefab"],
      3,
      1,
      1,
      6
    ]
  ],
  [
    [1, 0, 1, 2, 2],
    [3, 0, 2],
    [1, 1, 2, 1],
    [0, 0, 4, 3, 2, 6, 2],
    [0, 0, 1, 5, 3, 2, 7, 3],
    [0, 0, 4, 3, 2, 2],
    [0, 0, 5, 2, 2],
    [4, 0, 1, 2, 3, 4, 3],
    [5, 0, 1, 2, 3, 1],
    [6, 0, 1, 2, 3, 4, 5, 6, 5],
    [7, 0, 1, 2, 3, 4, 5, 6, 7, 8, 9, 10, 11, 12, 13, 11],
    [8, 0, 1, 2, 2],
    [9, 0, 1, 2, 1]
  ],
  [
    [
      [
        [1, "payout_number_perfab"],
        [
          3,
          "payout_number_perfab",
          [-6, -7],
          [[8, -5, -4, -3, -2]],
          [2, -1, 0],
          [0, -42.546, 0, 0, 0, 0, 1, 1, 1, 1]
        ],
        [
          7,
          "number_holder",
          0,
          1,
          [-8, -9],
          [0, "a5M+ATUSNNg4YG7Nzc1ivl", 1, 0]
        ],
        [
          4,
          "wh_vfx_e_screen",
          0,
          1,
          [[9, 1, 769, 2, false, -10, [0], 1]],
          [0, "73rZALLQNGsKD010YiG7hM", 1, 0],
          [5, 695, 307]
        ],
        [
          10,
          400,
          35,
          10,
          -15,
          10,
          -15,
          35,
          1,
          35,
          2.6,
          2,
          2,
          [2, 3, 4, 5, 6, 7, 8, 9, 10, 11, 12, 13],
          [14, 15, 16, 17, 18, 19, 20, 21, 22, 23, 24, 25]
        ],
        [11, 0.5, 2, 4]
      ],
      0,
      [
        0, 1, 1, 0, 3, 3, 0, 4, 2, 0, 5, 5, 0, 0, 1, 0, -1, 3, 0, -2, 2, 0, -1,
        4, 0, -2, 5, 0, 0, 3, 0, 2, 1, 10
      ],
      [
        0, 0, 0, 0, 0, 0, 0, 0, 0, 0, 0, 0, 0, 0, 0, 0, 0, 0, 0, 0, 0, 0, 0, 0,
        0, 0
      ],
      [
        -1, 6, -1, -2, -3, -4, -5, -6, -7, -8, -9, -10, -11, -12, -1, -2, -3,
        -4, -5, -6, -7, -8, -9, -10, -11, -12
      ],
      [
        12, 13, 0, 1, 2, 3, 4, 5, 6, 7, 8, 9, 10, 11, 0, 1, 2, 3, 4, 5, 6, 7, 8,
        9, 10, 11
      ]
    ],
    [
      [
        {
          "name": "wh_vfx_e_screen",
          "rect": [1521, 1, 695, 307],
          "offset": [0, 0],
          "originalSize": [695, 307],
          "rotated": 1,
          "capInsets": [0, 0, 0, 0]
        }
      ],
      [2],
      0,
      [0],
      [7],
      [14]
    ],
    [
      [
        [1, "payout_number_controller"],
        [5, "payout_number_holder", [-4], [[12, -3, -2, 0]], [2, -1, 0]],
        [6, "effect_holder", 1, [0, "a6pwuTgaFPf5r54E+cFnlR", 1, 0]]
      ],
      0,
      [0, 1, 1, 0, 8, 2, 0, 0, 1, 0, -1, 2, 0, 2, 1, 4],
      [0],
      [9],
      [15]
    ]
  ]
]
