[
  1,
  [
    "d7U0qmnVVAGbIk9Yg1XWuD",
    "57BaishupNT5ROP1AZJfOn",
    "efVOeg1ApD6YWwX356hDKl",
    "32UgL2RGxP4Lb4XIp05scA",
    "b8kbqCIXBLrKsXR0qWTRSV",
    "c0SjhD8yNOnI/9fbcXcanQ",
    "384128YO1LLpSfBqsM2jIS",
    "e23aZ+IptGgK/De05KLpYM",
    "453JJXNxRMDJJ6Q+5qtmYK",
    "310SD7skZP4q5SCyXO6r+q",
    "7fbI9dPjNFC7T/6zFlg2cg",
    "f6wo51LJpBuoxwzQSNmJ4F",
    "4cCISpAHVAvKMho1FmB981",
    "74U+0o5WlBY6Qi7IrRmd+7",
    "bb6xg3yB9PvI3Kn9Wi0YvH",
    "a5ByFF/HhMvbDcydfUO76S",
    "35l7LgVKhNyZZ7HcMxI/rB",
    "2bCOnOiCVM1I6bNf8+DmVw",
    "29SmHKepVCV7uOuxhhidIi",
    "d7d/jQYVJP469yZrn+k5so",
    "d3hb3gnkxGzLdvUEVecmQC",
    "12h8klaq9HhIJNxwpRMGzw",
    "2drxHYc8RAFYTkkaBwWV7M",
    "03m7ekycZOWZNNbiS72ZXS",
    "46O76q47lOVYXFNUn+RIjZ",
    "3dgTP/FTRIxZ8Ok2dXWUJY",
    "60b4dgwcdOALB5z2dHJaY/",
    "b5G88zrNxG6amQSRX2Y30Z",
    "5bX7U6jiVAzIhUjFFJ27l4",
    "489DWMNRxMWKyXhEHQOHH5",
    "b0nyW310xCM7CnnAqVdWNq",
    "e4pKJfu09D7Js6J1wcSEfL"
  ],
  ["_textureSetter", "value"],
  [
    "cc.SpriteFrame",
    [
      "cc.AnimationClip",
      ["_name", "_duration", "sample", "wrapMode", "curveData"],
      -1,
      11
    ]
  ],
  [[1, 0, 1, 2, 3, 4, 5]],
  [
    [
      [
        {
          "name": "wh_vfx_d_add_21",
          "rect": [257, 463, 42, 34],
          "offset": [-7, -8],
          "originalSize": [240, 240],
          "rotated": 1,
          "capInsets": [0, 0, 0, 0]
        }
      ],
      [0],
      0,
      [0],
      [0],
      [0]
    ],
    [
      [
        {
          "name": "wh_vfx_d_add_19",
          "rect": [263, 1, 70, 72],
          "offset": [7, 8],
          "originalSize": [240, 240],
          "rotated": 1,
          "capInsets": [0, 0, 0, 0]
        }
      ],
      [0],
      0,
      [0],
      [0],
      [0]
    ],
    [
      [
        {
          "name": "wh_vfx_d_add_16",
          "rect": [177, 263, 62, 74],
          "offset": [11, 3],
          "originalSize": [240, 240],
          "capInsets": [0, 0, 0, 0]
        }
      ],
      [0],
      0,
      [0],
      [0],
      [0]
    ],
    [
      [
        {
          "name": "wh_vfx_d_add_15",
          "rect": [177, 1, 84, 86],
          "offset": [0, 7],
          "originalSize": [240, 240],
          "capInsets": [0, 0, 0, 0]
        }
      ],
      [0],
      0,
      [0],
      [0],
      [0]
    ],
    [
      [
        {
          "name": "wh_vfx_d_add_20",
          "rect": [257, 261, 78, 80],
          "offset": [3, 6],
          "originalSize": [240, 240],
          "capInsets": [0, 0, 0, 0]
        }
      ],
      [0],
      0,
      [0],
      [0],
      [0]
    ],
    [
      [
        {
          "name": "wh_vfx_d_add_07",
          "rect": [177, 177, 84, 78],
          "offset": [-1, 6],
          "originalSize": [240, 240],
          "rotated": 1,
          "capInsets": [0, 0, 0, 0]
        }
      ],
      [0],
      0,
      [0],
      [0],
      [0]
    ],
    [
      [
        {
          "name": "wh_vfx_d_add_01",
          "rect": [89, 339, 84, 60],
          "offset": [-1, 9],
          "originalSize": [240, 240],
          "capInsets": [0, 0, 0, 0]
        }
      ],
      [0],
      0,
      [0],
      [0],
      [0]
    ],
    [
      [
        {
          "name": "wh_vfx_d_add_14",
          "rect": [89, 91, 86, 88],
          "offset": [-1, 5],
          "originalSize": [240, 240],
          "capInsets": [0, 0, 0, 0]
        }
      ],
      [0],
      0,
      [0],
      [0],
      [0]
    ],
    [
      [
        {
          "name": "wh_vfx_d_add_04",
          "rect": [177, 89, 86, 78],
          "offset": [-2, 4],
          "originalSize": [240, 240],
          "rotated": 1,
          "capInsets": [0, 0, 0, 0]
        }
      ],
      [0],
      0,
      [0],
      [0],
      [0]
    ],
    [
      [
        {
          "name": "wh_vfx_d_add_23",
          "rect": [89, 477, 50, 32],
          "offset": [-11, -5],
          "originalSize": [240, 240],
          "capInsets": [0, 0, 0, 0]
        }
      ],
      [0],
      0,
      [0],
      [0],
      [0]
    ],
    [
      [
        {
          "name": "wh_vfx_d_add_06",
          "rect": [257, 175, 84, 78],
          "offset": [-1, 5],
          "originalSize": [240, 240],
          "rotated": 1,
          "capInsets": [0, 0, 0, 0]
        }
      ],
      [0],
      0,
      [0],
      [0],
      [0]
    ],
    [
      [
        {
          "name": "wh_vfx_d_add_22",
          "rect": [293, 455, 50, 34],
          "offset": [-11, -6],
          "originalSize": [240, 240],
          "rotated": 1,
          "capInsets": [0, 0, 0, 0]
        }
      ],
      [0],
      0,
      [0],
      [0],
      [0]
    ],
    [
      [
        {
          "name": "wh_vfx_d_add_27",
          "rect": [249, 343, 58, 60],
          "offset": [-15, 4],
          "originalSize": [240, 240],
          "rotated": 1,
          "capInsets": [0, 0, 0, 0]
        }
      ],
      [0],
      0,
      [0],
      [0],
      [0]
    ],
    [
      [
        {
          "name": "wh_vfx_d_add_10",
          "rect": [1, 1, 86, 90],
          "offset": [-1, 2],
          "originalSize": [240, 240],
          "capInsets": [0, 0, 0, 0]
        }
      ],
      [0],
      0,
      [0],
      [0],
      [0]
    ],
    [
      [
        {
          "name": "wh_vfx_d_add_26",
          "rect": [273, 403, 50, 42],
          "offset": [-11, -7],
          "originalSize": [240, 240],
          "rotated": 1,
          "capInsets": [0, 0, 0, 0]
        }
      ],
      [0],
      0,
      [0],
      [0],
      [0]
    ],
    [
      [
        {
          "name": "wh_vfx_d_add_24",
          "rect": [153, 465, 50, 44],
          "offset": [-11, -9],
          "originalSize": [240, 240],
          "capInsets": [0, 0, 0, 0]
        }
      ],
      [0],
      0,
      [0],
      [0],
      [0]
    ],
    [
      [
        {
          "name": "wh_vfx_d_add_11",
          "rect": [89, 1, 86, 88],
          "offset": [-1, 2],
          "originalSize": [240, 240],
          "capInsets": [0, 0, 0, 0]
        }
      ],
      [0],
      0,
      [0],
      [0],
      [0]
    ],
    [
      [
        {
          "name": "wh_vfx_d_add_08",
          "rect": [89, 261, 86, 76],
          "offset": [-1, 7],
          "originalSize": [240, 240],
          "capInsets": [0, 0, 0, 0]
        }
      ],
      [0],
      0,
      [0],
      [0],
      [0]
    ],
    [
      [
        {
          "name": "wh_vfx_d_add_13",
          "rect": [1, 185, 86, 88],
          "offset": [-1, 4],
          "originalSize": [240, 240],
          "capInsets": [0, 0, 0, 0]
        }
      ],
      [0],
      0,
      [0],
      [0],
      [0]
    ],
    [
      [
        {
          "name": "wh_vfx_d_add_28",
          "rect": [153, 403, 58, 60],
          "offset": [-15, 6],
          "originalSize": [240, 240],
          "capInsets": [0, 0, 0, 0]
        }
      ],
      [0],
      0,
      [0],
      [0],
      [0]
    ],
    [
      [
        {
          "name": "wh_vfx_d_add_25",
          "rect": [205, 465, 50, 44],
          "offset": [-11, -8],
          "originalSize": [240, 240],
          "capInsets": [0, 0, 0, 0]
        }
      ],
      [0],
      0,
      [0],
      [0],
      [0]
    ],
    [
      [
        {
          "name": "wh_vfx_d_add_02",
          "rect": [1, 275, 86, 78],
          "offset": [-2, 1],
          "originalSize": [240, 240],
          "capInsets": [0, 0, 0, 0]
        }
      ],
      [0],
      0,
      [0],
      [0],
      [0]
    ],
    [
      [
        {
          "name": "wh_vfx_d_add_12",
          "rect": [1, 93, 86, 90],
          "offset": [-1, 3],
          "originalSize": [240, 240],
          "capInsets": [0, 0, 0, 0]
        }
      ],
      [0],
      0,
      [0],
      [0],
      [0]
    ],
    [
      [
        {
          "name": "wh_vfx_d_add_03",
          "rect": [89, 181, 86, 78],
          "offset": [-2, 3],
          "originalSize": [240, 240],
          "capInsets": [0, 0, 0, 0]
        }
      ],
      [0],
      0,
      [0],
      [0],
      [0]
    ],
    [
      [
        {
          "name": "wh_vfx_f_add_01",
          "rect": [0, 0, 420, 420],
          "offset": [0, 0],
          "originalSize": [420, 420],
          "capInsets": [0, 0, 0, 0]
        }
      ],
      [0],
      0,
      [0],
      [0],
      [1]
    ],
    [
      [
        [
          0,
          "wh_vfx_d",
          1.25,
          24,
          2,
          [
            {},
            "comps",
            11,
            [
              {},
              "cc.Sprite",
              11,
              [
                {},
                "spriteFrame",
                12,
                [
                  [
                    [{ "frame": 0 }, "value", 6, 0],
                    [{ "frame": 0.041666666666666664 }, "value", 6, 1],
                    [{ "frame": 0.08333333333333333 }, "value", 6, 2],
                    [{ "frame": 0.125 }, "value", 6, 3],
                    [{ "frame": 0.16666666666666666 }, "value", 6, 4],
                    [{ "frame": 0.20833333333333334 }, "value", 6, 5],
                    [{ "frame": 0.25 }, "value", 6, 6],
                    [{ "frame": 0.2916666666666667 }, "value", 6, 7],
                    [{ "frame": 0.3333333333333333 }, "value", 6, 8],
                    [{ "frame": 0.375 }, "value", 6, 9],
                    [{ "frame": 0.4166666666666667 }, "value", 6, 10],
                    [{ "frame": 0.4583333333333333 }, "value", 6, 11],
                    [{ "frame": 0.5 }, "value", 6, 12],
                    [{ "frame": 0.5416666666666666 }, "value", 6, 13],
                    [{ "frame": 0.5833333333333334 }, "value", 6, 14],
                    [{ "frame": 0.625 }, "value", 6, 15],
                    [{ "frame": 0.6666666666666666 }, "value", 6, 16],
                    [{ "frame": 0.7083333333333334 }, "value", 6, 17],
                    [{ "frame": 0.75 }, "value", 6, 18],
                    [{ "frame": 0.7916666666666666 }, "value", 6, 19],
                    [{ "frame": 0.8333333333333334 }, "value", 6, 20],
                    [{ "frame": 0.875 }, "value", 6, 21],
                    [{ "frame": 0.9166666666666666 }, "value", 6, 22],
                    [{ "frame": 0.9583333333333334 }, "value", 6, 23],
                    [{ "frame": 1 }, "value", 6, 24],
                    [{ "frame": 1.0416666666666667 }, "value", 6, 25],
                    [{ "frame": 1.0833333333333333 }, "value", 6, 26],
                    [{ "frame": 1.125 }, "value", 6, 27],
                    [{ "frame": 1.1666666666666667 }, "value", 6, 28],
                    [{ "frame": 1.2083333333333333 }, "value", 6, 29]
                  ],
                  11,
                  11,
                  11,
                  11,
                  11,
                  11,
                  11,
                  11,
                  11,
                  11,
                  11,
                  11,
                  11,
                  11,
                  11,
                  11,
                  11,
                  11,
                  11,
                  11,
                  11,
                  11,
                  11,
                  11,
                  11,
                  11,
                  11,
                  11,
                  11,
                  11
                ]
              ]
            ]
          ]
        ]
      ],
      0,
      0,
      [
        0, 0, 0, 0, 0, 0, 0, 0, 0, 0, 0, 0, 0, 0, 0, 0, 0, 0, 0, 0, 0, 0, 0, 0,
        0, 0, 0, 0, 0, 0
      ],
      [
        1, 1, 1, 1, 1, 1, 1, 1, 1, 1, 1, 1, 1, 1, 1, 1, 1, 1, 1, 1, 1, 1, 1, 1,
        1, 1, 1, 1, 1, 1
      ],
      [
        2, 3, 4, 5, 6, 7, 8, 9, 10, 11, 12, 13, 14, 15, 16, 17, 18, 19, 20, 21,
        22, 23, 24, 25, 26, 27, 28, 29, 30, 31
      ]
    ],
    [
      [
        {
          "name": "wh_vfx_d_add_18",
          "rect": [175, 339, 62, 72],
          "offset": [11, 7],
          "originalSize": [240, 240],
          "rotated": 1,
          "capInsets": [0, 0, 0, 0]
        }
      ],
      [0],
      0,
      [0],
      [0],
      [0]
    ],
    [
      [
        {
          "name": "wh_vfx_d_add_17",
          "rect": [89, 401, 62, 74],
          "offset": [11, 5],
          "originalSize": [240, 240],
          "capInsets": [0, 0, 0, 0]
        }
      ],
      [0],
      0,
      [0],
      [0],
      [0]
    ],
    [
      [
        {
          "name": "wh_vfx_d_add_05",
          "rect": [257, 89, 84, 78],
          "offset": [-1, 4],
          "originalSize": [240, 240],
          "rotated": 1,
          "capInsets": [0, 0, 0, 0]
        }
      ],
      [0],
      0,
      [0],
      [0],
      [0]
    ],
    [
      [
        {
          "name": "wh_vfx_d_add_29",
          "rect": [213, 403, 58, 58],
          "offset": [-15, 8],
          "originalSize": [240, 240],
          "capInsets": [0, 0, 0, 0]
        }
      ],
      [0],
      0,
      [0],
      [0],
      [0]
    ],
    [
      [
        {
          "name": "wh_vfx_d_add_00",
          "rect": [1, 433, 86, 62],
          "offset": [-2, 8],
          "originalSize": [240, 240],
          "capInsets": [0, 0, 0, 0]
        }
      ],
      [0],
      0,
      [0],
      [0],
      [0]
    ],
    [
      [
        {
          "name": "wh_vfx_d_add_09",
          "rect": [1, 355, 86, 76],
          "offset": [-1, 8],
          "originalSize": [240, 240],
          "capInsets": [0, 0, 0, 0]
        }
      ],
      [0],
      0,
      [0],
      [0],
      [0]
    ]
  ]
]
