[
  1,
  ["abmSMCeWFBb5vvbN1powx+", "a0QPd5J2dMH78N949hIIax"],
  ["_textureSetter"],
  [
    "cc.SpriteFrame",
    [
      "cc.AnimationClip",
      ["_name", "_duration", "sample", "wrapMode", "curveData"],
      -1,
      11
    ]
  ],
  [[1, 0, 1, 2, 3, 4, 5]],
  [
    [
      [
        [
          0,
          "bns_vfx_a_06_loop",
          6.666666666666667,
          24,
          2,
          [
            {},
            "props",
            11,
            [
              {},
              "color",
              12,
              [
                [
                  [{ "frame": 0 }, "value", 8, [4, 4294967295]],
                  [
                    { "frame": 0.4166666666666667 },
                    "value",
                    8,
                    [4, 4285822068]
                  ],
                  [
                    { "frame": 0.8333333333333334 },
                    "value",
                    8,
                    [4, 4294967295]
                  ],
                  [
                    { "frame": 1.5833333333333333 },
                    "value",
                    8,
                    [4, 4294967295]
                  ],
                  [{ "frame": 2 }, "value", 8, [4, 4286479998]],
                  [
                    { "frame": 2.4166666666666665 },
                    "value",
                    8,
                    [4, 4294967295]
                  ],
                  [{ "frame": 3.75 }, "value", 8, [4, 4294967295]],
                  [{ "frame": 4.5 }, "value", 8, [4, 4288848546]],
                  [{ "frame": 5.25 }, "value", 8, [4, 4294967295]],
                  [{ "frame": 6.666666666666667 }, "value", 8, [4, 4294967295]]
                ],
                11,
                11,
                11,
                11,
                11,
                11,
                11,
                11,
                11,
                11
              ]
            ]
          ]
        ]
      ],
      0,
      0,
      [],
      [],
      []
    ],
    [
      [
        {
          "name": "ui_vfx_a_screen_09",
          "rect": [1085, 1111, 540, 135],
          "offset": [0, 0],
          "originalSize": [540, 135],
          "capInsets": [0, 0, 0, 0]
        }
      ],
      [0],
      0,
      [0],
      [0],
      [0]
    ],
    [
      [
        {
          "name": "bns_vfx_a_screen_06",
          "rect": [1, 1, 540, 93],
          "offset": [0, 0],
          "originalSize": [540, 93],
          "capInsets": [0, 0, 0, 0]
        }
      ],
      [0],
      0,
      [0],
      [0],
      [1]
    ],
    [
      [
        [
          0,
          "ui_vfx_a_09_loop",
          5.125,
          24,
          2,
          [
            {},
            "props",
            11,
            [
              {},
              "color",
              12,
              [
                [
                  [{ "frame": 0 }, "value", 8, [4, 4294967295]],
                  [{ "frame": 0.5 }, "value", 8, [4, 4278190080]],
                  [{ "frame": 0.875 }, "value", 8, [4, 4287269514]],
                  [
                    { "frame": 1.5416666666666667 },
                    "value",
                    8,
                    [4, 4294440951]
                  ],
                  [{ "frame": 2.125 }, "value", 8, [4, 4293190884]],
                  [
                    { "frame": 2.7916666666666665 },
                    "value",
                    8,
                    [4, 4286677377]
                  ],
                  [
                    { "frame": 3.2916666666666665 },
                    "value",
                    8,
                    [4, 4294967295]
                  ],
                  [
                    { "frame": 3.9583333333333335 },
                    "value",
                    8,
                    [4, 4278190080]
                  ],
                  [{ "frame": 4.541666666666667 }, "value", 8, [4, 4287269514]],
                  [{ "frame": 5.125 }, "value", 8, [4, 4294440951]]
                ],
                11,
                11,
                11,
                11,
                11,
                11,
                11,
                11,
                11,
                11
              ]
            ]
          ]
        ]
      ],
      0,
      0,
      [],
      [],
      []
    ]
  ]
]
