[
  1,
  [
    "b7zw7t7wJPl5PASr5nZEAH",
    "271RlfENBO4J3s4ou2CzPF",
    "28P4K7daVJQqkm9VmFaZ6G"
  ],
  ["_textureSetter"],
  ["cc.SpriteFrame"],
  0,
  [
    [
      [
        {
          "name": "bw_vfx_b_normal_04",
          "rect": [469, 375, 82, 114],
          "offset": [1, 4],
          "originalSize": [250, 250],
          "rotated": 1,
          "capInsets": [0, 0, 0, 0]
        }
      ],
      [0],
      0,
      [0],
      [0],
      [0]
    ],
    [
      [
        {
          "name": "bw_vfx_b_add_17",
          "rect": [267, 365, 76, 116],
          "offset": [-6, 5],
          "originalSize": [250, 250],
          "capInsets": [0, 0, 0, 0]
        }
      ],
      [0],
      0,
      [0],
      [0],
      [1]
    ],
    [
      [
        {
          "name": "bw_vfx_b_add_21",
          "rect": [435, 1, 100, 122],
          "offset": [13, 11],
          "originalSize": [250, 250],
          "capInsets": [0, 0, 0, 0]
        }
      ],
      [0],
      0,
      [0],
      [0],
      [1]
    ],
    [
      [
        {
          "name": "bw_vfx_b_normal_13",
          "rect": [351, 295, 78, 114],
          "offset": [-1, 4],
          "originalSize": [250, 250],
          "rotated": 1,
          "capInsets": [0, 0, 0, 0]
        }
      ],
      [0],
      0,
      [0],
      [0],
      [0]
    ],
    [
      [
        {
          "name": "bw_vfx_b_add_23",
          "rect": [603, 247, 74, 112],
          "offset": [-8, 3],
          "originalSize": [250, 250],
          "capInsets": [0, 0, 0, 0]
        }
      ],
      [0],
      0,
      [0],
      [0],
      [1]
    ],
    [
      [
        {
          "name": "bw_vfx_b_add_04",
          "rect": [443, 243, 90, 114],
          "offset": [7, 4],
          "originalSize": [250, 250],
          "capInsets": [0, 0, 0, 0]
        }
      ],
      [0],
      0,
      [0],
      [0],
      [1]
    ],
    [
      [
        {
          "name": "bw_vfx_b_normal_28",
          "rect": [465, 71, 70, 114],
          "offset": [-1, 4],
          "originalSize": [250, 250],
          "rotated": 1,
          "capInsets": [0, 0, 0, 0]
        }
      ],
      [0],
      0,
      [0],
      [0],
      [0]
    ],
    [
      [
        {
          "name": "bw_vfx_b_normal_29",
          "rect": [467, 1, 68, 114],
          "offset": [2, 4],
          "originalSize": [250, 250],
          "rotated": 1,
          "capInsets": [0, 0, 0, 0]
        }
      ],
      [0],
      0,
      [0],
      [0],
      [0]
    ],
    [
      [
        {
          "name": "bw_vfx_b_normal_26",
          "rect": [117, 143, 72, 114],
          "offset": [-8, 4],
          "originalSize": [250, 250],
          "rotated": 1,
          "capInsets": [0, 0, 0, 0]
        }
      ],
      [0],
      0,
      [0],
      [0],
      [0]
    ],
    [
      [
        {
          "name": "bw_vfx_b_normal_09",
          "rect": [233, 1, 68, 114],
          "offset": [7, 4],
          "originalSize": [250, 250],
          "rotated": 1,
          "capInsets": [0, 0, 0, 0]
        }
      ],
      [0],
      0,
      [0],
      [0],
      [0]
    ],
    [
      [
        {
          "name": "bw_vfx_b_add_25",
          "rect": [535, 243, 66, 114],
          "offset": [-14, 4],
          "originalSize": [250, 250],
          "capInsets": [0, 0, 0, 0]
        }
      ],
      [0],
      0,
      [0],
      [0],
      [1]
    ],
    [
      [
        {
          "name": "bw_vfx_b_normal_20",
          "rect": [353, 219, 74, 116],
          "offset": [0, 5],
          "originalSize": [250, 250],
          "rotated": 1,
          "capInsets": [0, 0, 0, 0]
        }
      ],
      [0],
      0,
      [0],
      [0],
      [0]
    ],
    [
      [
        {
          "name": "bw_vfx_b_normal_25",
          "rect": [349, 71, 70, 114],
          "offset": [-10, 4],
          "originalSize": [250, 250],
          "rotated": 1,
          "capInsets": [0, 0, 0, 0]
        }
      ],
      [0],
      0,
      [0],
      [0],
      [0]
    ],
    [
      [
        {
          "name": "bw_vfx_b_normal_10",
          "rect": [465, 143, 74, 114],
          "offset": [6, 4],
          "originalSize": [250, 250],
          "rotated": 1,
          "capInsets": [0, 0, 0, 0]
        }
      ],
      [0],
      0,
      [0],
      [0],
      [0]
    ],
    [
      [
        {
          "name": "bw_vfx_b_normal_02",
          "rect": [1, 369, 80, 114],
          "offset": [1, 4],
          "originalSize": [250, 250],
          "rotated": 1,
          "capInsets": [0, 0, 0, 0]
        }
      ],
      [0],
      0,
      [0],
      [0],
      [0]
    ],
    [
      [
        {
          "name": "bw_vfx_b_add_27",
          "rect": [189, 261, 76, 118],
          "offset": [-1, 7],
          "originalSize": [250, 250],
          "capInsets": [0, 0, 0, 0]
        }
      ],
      [0],
      0,
      [0],
      [0],
      [1]
    ],
    [
      [
        {
          "name": "bw_vfx_b_add_16",
          "rect": [175, 137, 76, 122],
          "offset": [-8, 8],
          "originalSize": [250, 250],
          "capInsets": [0, 0, 0, 0]
        }
      ],
      [0],
      0,
      [0],
      [0],
      [1]
    ],
    [
      [
        {
          "name": "bw_vfx_b_add_06",
          "rect": [89, 275, 98, 120],
          "offset": [13, 7],
          "originalSize": [250, 250],
          "capInsets": [0, 0, 0, 0]
        }
      ],
      [0],
      0,
      [0],
      [0],
      [1]
    ],
    [
      [
        {
          "name": "bw_vfx_b_add_15",
          "rect": [447, 125, 88, 116],
          "offset": [3, 5],
          "originalSize": [250, 250],
          "capInsets": [0, 0, 0, 0]
        }
      ],
      [0],
      0,
      [0],
      [0],
      [1]
    ],
    [
      [
        {
          "name": "bw_vfx_b_add_00",
          "rect": [537, 1, 100, 120],
          "offset": [18, 9],
          "originalSize": [250, 250],
          "capInsets": [0, 0, 0, 0]
        }
      ],
      [0],
      0,
      [0],
      [0],
      [1]
    ],
    [
      [
        {
          "name": "bw_vfx_b_normal_27",
          "rect": [233, 143, 72, 114],
          "offset": [-5, 4],
          "originalSize": [250, 250],
          "rotated": 1,
          "capInsets": [0, 0, 0, 0]
        }
      ],
      [0],
      0,
      [0],
      [0],
      [0]
    ],
    [
      [
        {
          "name": "bw_vfx_b_add_18",
          "rect": [343, 125, 102, 116],
          "offset": [6, 9],
          "originalSize": [250, 250],
          "capInsets": [0, 0, 0, 0]
        }
      ],
      [0],
      0,
      [0],
      [0],
      [1]
    ],
    [
      [
        {
          "name": "bw_vfx_b_normal_12",
          "rect": [235, 295, 78, 114],
          "offset": [2, 4],
          "originalSize": [250, 250],
          "rotated": 1,
          "capInsets": [0, 0, 0, 0]
        }
      ],
      [0],
      0,
      [0],
      [0],
      [0]
    ],
    [
      [
        {
          "name": "bw_vfx_b_normal_03",
          "rect": [353, 375, 82, 114],
          "offset": [1, 4],
          "originalSize": [250, 250],
          "rotated": 1,
          "capInsets": [0, 0, 0, 0]
        }
      ],
      [0],
      0,
      [0],
      [0],
      [0]
    ],
    [
      [
        {
          "name": "bw_vfx_b_add_22",
          "rect": [345, 365, 74, 116],
          "offset": [-5, 5],
          "originalSize": [250, 250],
          "capInsets": [0, 0, 0, 0]
        }
      ],
      [0],
      0,
      [0],
      [0],
      [1]
    ],
    [
      [
        {
          "name": "bw_vfx_b_normal_17",
          "rect": [467, 295, 78, 116],
          "offset": [-7, 5],
          "originalSize": [250, 250],
          "rotated": 1,
          "capInsets": [0, 0, 0, 0]
        }
      ],
      [0],
      0,
      [0],
      [0],
      [0]
    ],
    [
      [
        {
          "name": "bw_vfx_b_add_20",
          "rect": [1, 1, 110, 144],
          "offset": [10, 10],
          "originalSize": [250, 250],
          "capInsets": [0, 0, 0, 0]
        }
      ],
      [0],
      0,
      [0],
      [0],
      [1]
    ],
    [
      [
        {
          "name": "bw_vfx_b_add_02",
          "rect": [421, 361, 72, 114],
          "offset": [9, 4],
          "originalSize": [250, 250],
          "capInsets": [0, 0, 0, 0]
        }
      ],
      [0],
      0,
      [0],
      [0],
      [1]
    ],
    [
      [
        {
          "name": "bw_vfx_b_add_24",
          "rect": [1, 413, 68, 110],
          "offset": [-10, 2],
          "originalSize": [250, 250],
          "rotated": 1,
          "capInsets": [0, 0, 0, 0]
        }
      ],
      [0],
      0,
      [0],
      [0],
      [1]
    ],
    [
      [
        {
          "name": "bw_vfx_b_normal_05",
          "rect": [1, 215, 76, 114],
          "offset": [0, 4],
          "originalSize": [250, 250],
          "rotated": 1,
          "capInsets": [0, 0, 0, 0]
        }
      ],
      [0],
      0,
      [0],
      [0],
      [0]
    ],
    [
      [
        {
          "name": "bw_vfx_b_add_19",
          "rect": [333, 1, 100, 122],
          "offset": [10, 8],
          "originalSize": [250, 250],
          "capInsets": [0, 0, 0, 0]
        }
      ],
      [0],
      0,
      [0],
      [0],
      [1]
    ],
    [
      [
        {
          "name": "bw_vfx_b_add_11",
          "rect": [231, 1, 100, 124],
          "offset": [10, 9],
          "originalSize": [250, 250],
          "capInsets": [0, 0, 0, 0]
        }
      ],
      [0],
      0,
      [0],
      [0],
      [1]
    ],
    [
      [
        {
          "name": "bw_vfx_b_add_26",
          "rect": [1, 287, 86, 124],
          "offset": [2, 16],
          "originalSize": [250, 250],
          "capInsets": [0, 0, 0, 0]
        }
      ],
      [0],
      0,
      [0],
      [0],
      [1]
    ],
    [
      [
        {
          "name": "bw_vfx_b_normal_00",
          "rect": [1, 69, 70, 114],
          "offset": [3, 4],
          "originalSize": [250, 250],
          "rotated": 1,
          "capInsets": [0, 0, 0, 0]
        }
      ],
      [0],
      0,
      [0],
      [0],
      [0]
    ],
    [
      [
        {
          "name": "bw_vfx_b_normal_24",
          "rect": [233, 71, 70, 114],
          "offset": [-11, 4],
          "originalSize": [250, 250],
          "rotated": 1,
          "capInsets": [0, 0, 0, 0]
        }
      ],
      [0],
      0,
      [0],
      [0],
      [0]
    ],
    [
      [
        {
          "name": "bw_vfx_b_add_09",
          "rect": [495, 359, 86, 114],
          "offset": [17, 5],
          "originalSize": [250, 250],
          "capInsets": [0, 0, 0, 0]
        }
      ],
      [0],
      0,
      [0],
      [0],
      [1]
    ],
    [
      [
        {
          "name": "bw_vfx_b_add_07",
          "rect": [639, 131, 62, 114],
          "offset": [-1, 4],
          "originalSize": [250, 250],
          "capInsets": [0, 0, 0, 0]
        }
      ],
      [0],
      0,
      [0],
      [0],
      [1]
    ],
    [
      [
        {
          "name": "bw_vfx_b_add_29",
          "rect": [351, 243, 90, 116],
          "offset": [4, 9],
          "originalSize": [250, 250],
          "capInsets": [0, 0, 0, 0]
        }
      ],
      [0],
      0,
      [0],
      [0],
      [1]
    ],
    [
      [
        {
          "name": "bw_vfx_b_normal_18",
          "rect": [117, 373, 80, 116],
          "offset": [-5, 5],
          "originalSize": [250, 250],
          "rotated": 1,
          "capInsets": [0, 0, 0, 0]
        }
      ],
      [0],
      0,
      [0],
      [0],
      [0]
    ],
    [
      [
        {
          "name": "bw_vfx_b_normal_21",
          "rect": [471, 219, 74, 116],
          "offset": [-2, 5],
          "originalSize": [250, 250],
          "rotated": 1,
          "capInsets": [0, 0, 0, 0]
        }
      ],
      [0],
      0,
      [0],
      [0],
      [0]
    ],
    [
      [
        {
          "name": "bw_vfx_b_normal_15",
          "rect": [349, 1, 68, 116],
          "offset": [-9, 5],
          "originalSize": [250, 250],
          "rotated": 1,
          "capInsets": [0, 0, 0, 0]
        }
      ],
      [0],
      0,
      [0],
      [0],
      [0]
    ],
    [
      [
        {
          "name": "bw_vfx_b_normal_14",
          "rect": [117, 217, 74, 116],
          "offset": [-4, 5],
          "originalSize": [250, 250],
          "rotated": 1,
          "capInsets": [0, 0, 0, 0]
        }
      ],
      [0],
      0,
      [0],
      [0],
      [0]
    ],
    [
      [
        {
          "name": "bw_vfx_b_normal_06",
          "rect": [117, 71, 70, 114],
          "offset": [-1, 4],
          "originalSize": [250, 250],
          "rotated": 1,
          "capInsets": [0, 0, 0, 0]
        }
      ],
      [0],
      0,
      [0],
      [0],
      [0]
    ],
    [
      [
        {
          "name": "bw_vfx_b_add_14",
          "rect": [583, 361, 74, 108],
          "offset": [-3, 5],
          "originalSize": [250, 250],
          "capInsets": [0, 0, 0, 0]
        }
      ],
      [0],
      0,
      [0],
      [0],
      [1]
    ],
    [
      [
        {
          "name": "bw_vfx_b_normal_22",
          "rect": [1, 293, 74, 116],
          "offset": [-5, 5],
          "originalSize": [250, 250],
          "rotated": 1,
          "capInsets": [0, 0, 0, 0]
        }
      ],
      [0],
      0,
      [0],
      [0],
      [0]
    ],
    [
      [
        {
          "name": "bw_vfx_b_add_12",
          "rect": [113, 1, 116, 134],
          "offset": [17, -5],
          "originalSize": [250, 250],
          "capInsets": [0, 0, 0, 0]
        }
      ],
      [0],
      0,
      [0],
      [0],
      [1]
    ],
    [
      [
        {
          "name": "bw_vfx_b_add_05",
          "rect": [1, 147, 86, 138],
          "offset": [6, -8],
          "originalSize": [250, 250],
          "capInsets": [0, 0, 0, 0]
        }
      ],
      [0],
      0,
      [0],
      [0],
      [1]
    ],
    [
      [
        {
          "name": "bw_vfx_b_normal_19",
          "rect": [235, 375, 80, 116],
          "offset": [-4, 5],
          "originalSize": [250, 250],
          "rotated": 1,
          "capInsets": [0, 0, 0, 0]
        }
      ],
      [0],
      0,
      [0],
      [0],
      [0]
    ],
    [
      [
        {
          "name": "bw_vfx_b_add_01",
          "rect": [537, 123, 100, 110],
          "offset": [16, 3],
          "originalSize": [250, 250],
          "capInsets": [0, 0, 0, 0]
        }
      ],
      [0],
      0,
      [0],
      [0],
      [1]
    ],
    [
      [
        {
          "name": "bw_vfx_d_add_03",
          "rect": [213, 1, 301, 295],
          "offset": [0, 0],
          "originalSize": [301, 295],
          "capInsets": [0, 0, 0, 0]
        }
      ],
      [0],
      0,
      [0],
      [0],
      [2]
    ],
    [
      [
        {
          "name": "bw_vfx_b_normal_16",
          "rect": [235, 219, 74, 116],
          "offset": [-8, 5],
          "originalSize": [250, 250],
          "rotated": 1,
          "capInsets": [0, 0, 0, 0]
        }
      ],
      [0],
      0,
      [0],
      [0],
      [0]
    ],
    [
      [
        {
          "name": "bw_vfx_b_normal_11",
          "rect": [119, 293, 78, 114],
          "offset": [4, 4],
          "originalSize": [250, 250],
          "rotated": 1,
          "capInsets": [0, 0, 0, 0]
        }
      ],
      [0],
      0,
      [0],
      [0],
      [0]
    ],
    [
      [
        {
          "name": "bw_vfx_b_normal_07",
          "rect": [117, 1, 68, 114],
          "offset": [1, 4],
          "originalSize": [250, 250],
          "rotated": 1,
          "capInsets": [0, 0, 0, 0]
        }
      ],
      [0],
      0,
      [0],
      [0],
      [0]
    ],
    [
      [
        {
          "name": "bw_vfx_b_add_10",
          "rect": [253, 127, 88, 118],
          "offset": [5, 6],
          "originalSize": [250, 250],
          "capInsets": [0, 0, 0, 0]
        }
      ],
      [0],
      0,
      [0],
      [0],
      [1]
    ],
    [
      [
        {
          "name": "bw_vfx_b_add_28",
          "rect": [89, 147, 84, 126],
          "offset": [7, 11],
          "originalSize": [250, 250],
          "capInsets": [0, 0, 0, 0]
        }
      ],
      [0],
      0,
      [0],
      [0],
      [1]
    ],
    [
      [
        {
          "name": "bw_vfx_b_normal_08",
          "rect": [1, 1, 66, 114],
          "offset": [5, 4],
          "originalSize": [250, 250],
          "rotated": 1,
          "capInsets": [0, 0, 0, 0]
        }
      ],
      [0],
      0,
      [0],
      [0],
      [0]
    ],
    [
      [
        {
          "name": "bw_vfx_b_add_13",
          "rect": [267, 247, 82, 116],
          "offset": [2, 4],
          "originalSize": [250, 250],
          "capInsets": [0, 0, 0, 0]
        }
      ],
      [0],
      0,
      [0],
      [0],
      [1]
    ],
    [
      [
        {
          "name": "bw_vfx_b_add_03",
          "rect": [113, 397, 82, 114],
          "offset": [1, 4],
          "originalSize": [250, 250],
          "rotated": 1,
          "capInsets": [0, 0, 0, 0]
        }
      ],
      [0],
      0,
      [0],
      [0],
      [1]
    ],
    [
      [
        {
          "name": "bw_vfx_b_normal_23",
          "rect": [1, 141, 72, 114],
          "offset": [-8, 4],
          "originalSize": [250, 250],
          "rotated": 1,
          "capInsets": [0, 0, 0, 0]
        }
      ],
      [0],
      0,
      [0],
      [0],
      [0]
    ],
    [
      [
        {
          "name": "bw_vfx_b_add_08",
          "rect": [639, 1, 64, 128],
          "offset": [3, 11],
          "originalSize": [250, 250],
          "capInsets": [0, 0, 0, 0]
        }
      ],
      [0],
      0,
      [0],
      [0],
      [1]
    ],
    [
      [
        {
          "name": "bw_vfx_b_normal_01",
          "rect": [349, 143, 74, 114],
          "offset": [2, 4],
          "originalSize": [250, 250],
          "rotated": 1,
          "capInsets": [0, 0, 0, 0]
        }
      ],
      [0],
      0,
      [0],
      [0],
      [0]
    ]
  ]
]
