[
  1,
  [
    "09tsyAZ+JEdILiMnXKHxP2",
    "d4vP5YwthMf4z/Xdo5627i",
    "7fJVTWiZRO7Z+6TstoaBnk"
  ],
  ["_textureSetter", "bns_desc", "bns_title"],
  ["cc.SpriteFrame", ["cc.SpriteAtlas", ["_name", "_spriteFrames"], 2, 11]],
  [[1, 0, 1, 2]],
  [
    [
      [
        {
          "name": "bns_title",
          "rect": [1, 1, 458, 209],
          "offset": [0, 0],
          "originalSize": [458, 209],
          "capInsets": [0, 0, 0, 0]
        }
      ],
      [0],
      0,
      [0],
      [0],
      [0]
    ],
    [
      [
        [
          0,
          "bonus_dialog_message.plist",
          [{}, "bns_desc", 6, 0, "bns_title", 6, 1]
        ]
      ],
      0,
      0,
      [0, 0],
      [1, 2],
      [1, 2]
    ],
    [
      [
        {
          "name": "bns_desc",
          "rect": [461, 1, 556, 147],
          "offset": [0, 0],
          "originalSize": [556, 147],
          "capInsets": [0, 0, 0, 0]
        }
      ],
      [0],
      0,
      [0],
      [0],
      [0]
    ]
  ]
]
