[
  1,
  ["31tDZxlrBAMpJvSC5RmZkn"],
  ["_textureSetter"],
  ["cc.SpriteFrame"],
  0,
  [
    [
      [
        {
          "name": "turbo_lightning_13",
          "rect": [53, 91, 22, 34],
          "offset": [-2, 9],
          "originalSize": [60, 60],
          "capInsets": [0, 0, 0, 0]
        }
      ],
      [0],
      0,
      [0],
      [0],
      [0]
    ],
    [
      [
        {
          "name": "turbo_lightning_14",
          "rect": [111, 31, 3, 3],
          "offset": [-28.5, 28.5],
          "originalSize": [60, 60],
          "capInsets": [0, 0, 0, 0]
        }
      ],
      [0],
      0,
      [0],
      [0],
      [0]
    ],
    [
      [
        {
          "name": "turbo_lightning_12",
          "rect": [77, 93, 28, 30],
          "offset": [-7, 9],
          "originalSize": [60, 60],
          "capInsets": [0, 0, 0, 0]
        }
      ],
      [0],
      0,
      [0],
      [0],
      [0]
    ]
  ]
]
