[
  1,
  [
    "85vCImfVtPArADR7BSIXDO",
    "04AUzWEvZNM69p3Nue+5cJ",
    "eeqKmPN1RO47BulSUOlD9Z"
  ],
  ["_textureSetter", "s_scatter", "s_scatter_blur"],
  ["cc.SpriteFrame", ["cc.SpriteAtlas", ["_name", "_spriteFrames"], 2, 11]],
  [[1, 0, 1, 2]],
  [
    [
      [
        {
          "name": "s_scatter",
          "rect": [1, 1, 178, 176],
          "offset": [0, 0],
          "originalSize": [350, 350],
          "capInsets": [0, 0, 0, 0]
        }
      ],
      [0],
      0,
      [0],
      [0],
      [0]
    ],
    [
      [
        [
          0,
          "dynamic_symbols.plist",
          [{}, "s_scatter", 6, 0, "s_scatter_blur", 6, 1]
        ]
      ],
      0,
      0,
      [0, 0],
      [1, 2],
      [1, 2]
    ],
    [
      [
        {
          "name": "s_scatter_blur",
          "rect": [181, 1, 91, 93],
          "offset": [-1, 1],
          "originalSize": [175, 175],
          "capInsets": [0, 0, 0, 0]
        }
      ],
      [0],
      0,
      [0],
      [0],
      [0]
    ]
  ]
]
