{
  "history": {
    "theme_color": "${game.theme_color}",
    "summary_bg": ["color", 41, 41, 52, 255],
    "summary_border": ["color", 48, 48, 60, 255],
    "summary_date_font_color": "${game.theme_color}",
    "detail_bg": ["color", 48, 48, 59, 255],
    "pages_button_background_color": ["color", 0, 0, 0, 102],
    "pages_button_arrow_color": "${game.theme_color}",
    "navigator_bar_bg": ["color", 36, 36, 46, 255],
    "navigator_separator_bg": ["color", 48, 48, 60, 255],
    "navigator_close_button_icon_color": ["color", 255, 255, 255, 153],
    "navigator_back_button_icon_color": "${game.theme_color}",
    "navigator_title_font_color": "${game.theme_color}",
    "detail_header_bg": ["color", 36, 36, 46, 255],
    "detail_header_key_font_color": "${game.theme_color}",
    "detail_header_value_font_color": ["color", 255, 255, 255, 153],
    "list_bg": ["color", 48, 48, 59, 255],
    "list_header_bg": ["color", 36, 36, 46, 255],
    "list_header_font_color": ["color", 255, 255, 255, 102],
    "list_item_bg_even": ["color", 52, 52, 63, 255],
    "list_item_bg_odd": ["color", 48, 48, 60, 255],
    "list_item_bg_selected": ["color", 68, 68, 78, 255],
    "list_item_bg_pressed": ["color", 60, 60, 70, 255],
    "list_item_bg_hover": ["color", 40, 40, 52, 255],
    "list_item_font_color": ["color", 255, 255, 255, 153],
    "list_item_win_font_color": ["color", 255, 255, 255, 255],
    "list_item_loss_font_color": ["color", 255, 255, 255, 153],
    "list_item_selected_font_color": ["color", 255, 255, 255, 255],
    "list_item_arrow_color": ["color", 255, 255, 255, 102],
    "free_spin_list_arrow_color": "${game.theme_color}",
    "free_spin_list_close_button_color": ["color", 255, 255, 255, 153],
    "free_spin_list_item_font_color": ["color", 255, 255, 255, 255],
    "free_spin_list_selected_font_color": "${game.theme_color}",
    "main_title_font_color": "${game.theme_color}",
    "highlight_font_color": ["color", 255, 255, 255, 255],
    "error_message_font_color": ["color", 100, 100, 108, 255],
    "error_retry_button": ["color", 49, 49, 58, 255],
    "error_retry_button_outline": ["color", 36, 36, 46, 255],
    "error_retry_font_color": "${game.theme_color}",
    "error_close_font_color": ["color", 255, 255, 255, 153],
    "loading_color": "${game.theme_color}",
    "loading_close_button_icon_color": ["color", 255, 255, 255, 153],
    "alert_background_color": ["color", 47, 47, 59, 242],
    "alert_border_color": ["color", 0, 0, 0, 102],
    "calendar_title_color": "${game.theme_color}",
    "calendar_bg": ["color", 48, 48, 59, 255],
    "calendar_separator_bg": ["color", 40, 40, 52, 255],
    "primary_font_color": ["color", 255, 255, 255, 153],
    "secondary_font_color": ["color", 255, 255, 255, 102],
    "summary_bg_horizontal": ["color", 41, 41, 52, 255],
    "summary_date_font_color_horizontal": "${game.theme_color}",
    "detail_bg_horizontal": ["color", 48, 48, 59, 255],
    "pages_button_background_color_horizontal": ["color", 0, 0, 0, 102],
    "pages_button_arrow_color_horizontal": "${game.theme_color}",
    "navigator_bar_bg_horizontal": ["color", 36, 36, 46, 255],
    "navigator_panel_bg_horizontal": ["color", 48, 48, 60, 255],
    "navigator_separator_bg_horizontal": ["color", 48, 48, 60, 255],
    "navigator_close_button_icon_color_horizontal": [
      "color",
      255,
      255,
      255,
      153
    ],
    "navigator_back_button_icon_color_horizontal": "${game.theme_color}",
    "navigator_title_font_color_horizontal": "${game.theme_color}",
    "detail_header_bg_horizontal": ["color", 36, 36, 46, 255],
    "detail_header_key_font_color_horizontal": "${game.theme_color}",
    "detail_header_value_font_color_horizontal": ["color", 255, 255, 255, 153],
    "list_bg_horizontal": ["color", 48, 48, 59, 255],
    "list_header_bg_horizontal": ["color", 36, 36, 46, 255],
    "list_header_font_color_horizontal": ["color", 255, 255, 255, 102],
    "list_item_bg_even_horizontal": ["color", 52, 52, 63, 255],
    "list_item_bg_odd_horizontal": ["color", 48, 48, 60, 255],
    "list_item_bg_selected_horizontal": ["color", 68, 68, 78, 255],
    "list_item_bg_pressed_horizontal": ["color", 60, 60, 70, 255],
    "list_item_bg_hover_horizontal": ["color", 40, 40, 52, 255],
    "list_item_font_color_horizontal": ["color", 255, 255, 255, 153],
    "list_item_win_font_color_horizontal": ["color", 255, 255, 255, 255],
    "list_item_loss_font_color_horizontal": ["color", 255, 255, 255, 153],
    "list_item_selected_font_color_horizontal": ["color", 255, 255, 255, 255],
    "list_item_arrow_color_horizontal": ["color", 255, 255, 255, 102],
    "free_spin_list_arrow_color_horizontal": "${game.theme_color}",
    "free_spin_list_close_button_color_horizontal": [
      "color",
      255,
      255,
      255,
      153
    ],
    "free_spin_list_item_font_color_horizontal": ["color", 255, 255, 255, 255],
    "free_spin_list_selected_font_color_horizontal": "${game.theme_color}",
    "main_title_font_color_horizontal": "${game.theme_color}",
    "highlight_font_color_horizontal": ["color", 255, 255, 255, 255],
    "error_message_font_color_horizontal": ["color", 100, 100, 108, 255],
    "error_retry_button_horizontal": ["color", 49, 49, 58, 255],
    "error_retry_button_outline_horizontal": ["color", 36, 36, 46, 255],
    "error_retry_font_color_horizontal": "${game.theme_color}",
    "error_close_font_color_horizontal": ["color", 255, 255, 255, 153],
    "loading_color_horizontal": "${game.theme_color}",
    "loading_close_button_icon_color_horizontal": ["color", 255, 255, 255, 153],
    "alert_background_color_horizontal": ["color", 47, 47, 59, 242],
    "alert_border_color_horizontal": ["color", 0, 0, 0, 102],
    "calendar_title_color_horizontal": "${game.theme_color}",
    "calendar_bg_horizontal": ["color", 48, 48, 59, 255],
    "calendar_color_horizontal": "${game.theme_color}",
    "scroll_to_top_button_horizontal": ["color", 48, 48, 60, 255],
    "scroll_to_top_button_border_horizontal": ["color", 40, 40, 49, 255],
    "primary_font_color_horizontal": ["color", 255, 255, 255, 153],
    "secondary_font_color_horizontal": ["color", 255, 255, 255, 102]
  },
  "game": {
    "theme_color": ["color", 196, 127, 55, 255],
    "theme_color_60_percent": ["color", 196, 127, 55, 153],
    "theme_color_50_percent": ["color", 196, 127, 55, 128],
    "theme_color_30_percent": ["color", 196, 127, 55, 77],
    "theme_color_25_percent": ["color", 196, 127, 55, 66],
    "theme_color_halved": ["color", 98, 63.5, 27.5, 255],
    "white_color": ["color", 255, 255, 255, 255],
    "white_color_80_percent": ["color", 255, 255, 255, 204],
    "white_color_60_percent": ["color", 255, 255, 255, 153],
    "white_color_50_percent": ["color", 255, 255, 255, 128],
    "white_color_30_percent": ["color", 255, 255, 255, 77],
    "white_color_25_percent": ["color", 255, 255, 255, 66],
    "white_color_10_percent": ["color", 255, 255, 255, 30],
    "white_color_0_percent": ["color", 255, 255, 255, 0],
    "theme_font_family": ["font", "Arial"]
  },
  "paytable_rules": {
    "theme_color": "${game.theme_color}",
    "desc_color": ["color", 204, 204, 204],
    "value_color": ["color", 255, 255, 255],
    "navigator_bg": ["color", 48, 48, 60],
    "navigator_bar_bg": ["color", 40, 40, 52],
    "seperator_bg": ["color", 40, 40, 52]
  },
  "setting": {
    "theme_color": "${game.theme_color}",
    "secondary_theme_color": "${game.secondary_theme_color}",
    "tertiary_theme_color": "${game.tertiary_theme_color}",
    "theme_font": "${game.theme_font_family}",
    "slider_switch_color": {
      "false": ["color", 144, 144, 150, 255],
      "true": "${game.theme_color}"
    },
    "slider_line_color": {
      "false": ["color", 144, 144, 150, 20],
      "true": "${game.theme_color}"
    },
    "label_switch_color_a": {
      "false": "${game.white_color}",
      "true": "${game.theme_color}"
    },
    "label_switch_color_b": {
      "false": ["color", 144, 144, 150, 82],
      "true": "${game.theme_color}"
    },
    "label_switch_color_c": {
      "false": "${game.white_color_10_percent}",
      "true": "${game.theme_color}"
    },
    "button_switch_color_a": {
      "false": "${game.white_color_30_percent}",
      "true": "${game.theme_color}"
    },
    "color_button_transition_a": {
      "normal": "${game.theme_color}",
      "pressed": "${game.theme_color_50_percent}",
      "hover": "${game.theme_color}",
      "disabled": "${game.theme_color_25_percent}"
    },
    "white_button_transition_a": {
      "normal": "${game.white_color}",
      "pressed": "${game.white_color_50_percent}",
      "hover": "${game.white_color}",
      "disabled": "${game.white_color_25_percent}"
    },
    "grey_button_transition_a": {
      "normal": "${game.white_color_60_percent}",
      "pressed": ["color", 133, 133, 133, 153],
      "hover": "${game.white_color_60_percent}",
      "disabled": ["color", 133, 133, 133, 153]
    },
    "spin_start_label": "${game.white_color_80_percent}",
    "navigator_bg": ["color", 48, 48, 60, 255],
    "navigator_bar_bg": ["color", 40, 40, 52]
  }
}
