{
  "GemstonesGold": { "Title": "ทองอัญมณี" },
  "GemstonesGoldSymbolPopOut": {
    "ScatterDescription": "สัญลักษณ์ Scatter 3 ตัวหรือมากกว่าจะเริ่มการหมุนฟรี"
  },
  "InfoboardMessage": { "Win": "ชนะ", "TotalWin": "เงินรางวัลรวม" },
  "SettingMenuHelper": {
    "QuitGameTitle": "ออกจากเกม",
    "QuitGameMessage": "คุณแน่ใจหรือไม่ว่าต้องการที่จะออก",
    "Cancel": "ยกเลิก",
    "Quit": "ออก",
    "ReevaluateBet": "ตัวเลือกเดิมพันได้รับการอัปเดตแล้ว กรุณาเลือกตัวเลือกเดิมพันใหม่",
    "Select": "ตัวเลือกเดิมพัน",
    "RetryResLoad": "การโหลดทรัพยากรล้มเหลว ระบบกำลังทำการโหลดใหม่อีกครั้ง... (ครั้ง %{times})",
    "HistoryOK": "ตกลง",
    "SmartBotTitle": "สมาร์ทบอท",
    "SmartBotMessage": "คุณต้องการลองใช้สมาร์ทบอทหรือไม่?",
    "NextTime": "ไว้คราวหน้า",
    "TryNow": "ลองตอนนี้เลย"
  },
  "SettingMenu": {
    "WalletLoading": "กำลังโหลด",
    "SettingSliderNumNone": "ไม่มี",
    "BalanceWord": "ยอดเงินคงเหลือ",
    "WinPrizeWord": "ชนะ",
    "WalletRetry": "ลองอีกครั้ง",
    "SettingCloseWord": "ปิด",
    "SettingHistoryWord": "ประวัติ",
    "SettingPayoutWord": "ตารางการจ่ายเงินรางวัล",
    "SettingRulesWord": "กฎ",
    "SettingSoundWord": "เสียง",
    "TurboSpinEnable": "เปิดการหมุนเทอร์โบ",
    "TurboSpinDisable": "ปิดการหมุนเทอร์โบ",
    "BiggestBet": "เดิมพันสูงสุด",
    "SettingSmartBotWord": "สมาร์ทบอท",
    "SmallestBet": "เดิมพันต่ำสุด",
    "SettingQuitWord": "ออก",
    "Bet": "เดิมพัน",
    "Max": "สุด",
    "FreeGame": "เกมเล่นฟรี",
    "RollOver": "โรลโอเวอร์"
  }
}
