[
  1,
  ["74YfLQJ59AvruGvIbUDn8H"],
  0,
  [
    [
      "sp.SkeletonData",
      ["_name", "_atlasText", "textureNames", "_skeletonJson", "textures"],
      -1,
      3
    ]
  ],
  [[0, 0, 1, 2, 3, 4, 5]],
  [
    [
      0,
      "l3_heart_atlas_symbols",
      "\nsymbols.png\nsize: 512,737\nformat: RGBA8888\nfilter: Linear,Linear\nrepeat: none\nh_blue\n  rotate: 180\n  xy: 296, 156\n  size: 120, 107\n  orig: 122, 113\n  offset: 0, 1\n  index: -1\nh_blue_shadow\n  rotate: false\n  xy: 2, 356\n  size: 121, 111\n  orig: 123, 113\n  offset: 1, 1\n  index: -1\nh_brown\n  rotate: false\n  xy: 191, 20\n  size: 102, 86\n  orig: 102, 86\n  offset: 0, 0\n  index: -1\nh_brown_edge_glow\n  rotate: false\n  xy: 412, 640\n  size: 91, 95\n  orig: 95, 99\n  offset: 2, 2\n  index: -1\nh_brown_shadow\n  rotate: false\n  xy: 2, 156\n  size: 104, 87\n  orig: 106, 91\n  offset: 1, 2\n  index: -1\nh_gold_L\n  rotate: false\n  xy: 321, 10\n  size: 63, 62\n  orig: 64, 63\n  offset: 0, 0\n  index: -1\nh_gold_L2\n  rotate: false\n  xy: 243, 401\n  size: 48, 65\n  orig: 49, 66\n  offset: 0, 1\n  index: -1\nh_gold_R\n  rotate: false\n  xy: 264, 213\n  size: 38, 49\n  orig: 39, 50\n  offset: 0, 0\n  index: -1\nh_gold_edge_glow\n  rotate: false\n  xy: 300, 580\n  size: 110, 155\n  orig: 114, 159\n  offset: 2, 2\n  index: -1\nh_gold_front\n  rotate: 180\n  xy: 83, 88\n  size: 115, 110\n  orig: 115, 110\n  offset: 0, 0\n  index: -1\nh_gold_front_L\n  rotate: false\n  xy: 449, 13\n  size: 61, 57\n  orig: 61, 57\n  offset: 0, 0\n  index: -1\nh_gold_front_R\n  rotate: false\n  xy: 2, 15\n  size: 54, 51\n  orig: 54, 52\n  offset: 0, 0\n  index: -1\nh_gold_mid\n  rotate: false\n  xy: 430, 572\n  size: 63, 67\n  orig: 63, 68\n  offset: 0, 0\n  index: -1\nh_gold_mid_L\n  rotate: false\n  xy: 166, 206\n  size: 28, 39\n  orig: 29, 41\n  offset: 0, 2\n  index: -1\nh_gold_shadow\n  rotate: false\n  xy: 2, 581\n  size: 158, 154\n  orig: 160, 156\n  offset: 1, 1\n  index: -1\nh_gold_sparkle_1\n  rotate: false\n  xy: 261, 368\n  size: 27, 32\n  orig: 31, 34\n  offset: 2, 1\n  index: -1\nh_gold_sparkle_2\n  rotate: false\n  xy: 476, 355\n  size: 26, 27\n  orig: 28, 31\n  offset: 1, 2\n  index: -1\nh_gold_sparkle_3\n  rotate: false\n  xy: 135, 481\n  size: 18, 18\n  orig: 20, 21\n  offset: 1, 1\n  index: -1\nh_gold_sparkle_4\n  rotate: false\n  xy: 135, 529\n  size: 18, 19\n  orig: 20, 21\n  offset: 1, 1\n  index: -1\nh_green\n  rotate: true\n  xy: 2, 45\n  size: 107, 104\n  orig: 109, 113\n  offset: 2, 1\n  index: -1\nh_green_shadow\n  rotate: false\n  xy: 122, 245\n  size: 109, 106\n  orig: 112, 110\n  offset: 2, 2\n  index: -1\nh_purple\n  rotate: 180\n  xy: 370, 245\n  size: 123, 134\n  orig: 125, 134\n  offset: 2, 0\n  index: -1\nh_purple_edge_glow\n  rotate: true\n  xy: 2, 469\n  size: 110, 131\n  orig: 114, 133\n  offset: 2, 1\n  index: -1\nh_purple_shadow\n  rotate: true\n  xy: 162, 467\n  size: 125, 135\n  orig: 127, 137\n  offset: 1, 1\n  index: -1\nh_red_L\n  rotate: false\n  xy: 473, 483\n  size: 28, 38\n  orig: 29, 39\n  offset: 0, 1\n  index: -1\nh_red_R\n  rotate: false\n  xy: 182, 112\n  size: 30, 40\n  orig: 30, 41\n  offset: 0, 0\n  index: -1\nh_red_back\n  rotate: false\n  xy: 422, 379\n  size: 81, 105\n  orig: 82, 106\n  offset: 1, 1\n  index: -1\nh_red_back_L\n  rotate: false\n  xy: 2, 127\n  size: 26, 28\n  orig: 26, 31\n  offset: 0, 1\n  index: -1\nh_red_back_L2\n  rotate: false\n  xy: 453, 512\n  size: 49, 60\n  orig: 49, 61\n  offset: 0, 1\n  index: -1\nh_red_back_R\n  rotate: true\n  xy: 108, 207\n  size: 37, 57\n  orig: 38, 58\n  offset: 0, 0\n  index: -1\nh_red_back_R2\n  rotate: false\n  xy: 490, 618\n  size: 19, 20\n  orig: 19, 21\n  offset: 0, 1\n  index: -1\nh_red_edge_glow\n  rotate: true\n  xy: 299, 484\n  size: 94, 152\n  orig: 98, 154\n  offset: 2, 1\n  index: -1\nh_red_front\n  rotate: false\n  xy: 74, 4\n  size: 129, 69\n  orig: 129, 70\n  offset: 0, 0\n  index: -1\nh_red_front_L\n  rotate: false\n  xy: 135, 501\n  size: 19, 27\n  orig: 19, 28\n  offset: 0, 1\n  index: -1\nh_red_front_R\n  rotate: false\n  xy: 453, 488\n  size: 22, 23\n  orig: 22, 23\n  offset: 0, 0\n  index: -1\nh_red_front_mid\n  rotate: false\n  xy: 135, 550\n  size: 18, 30\n  orig: 19, 31\n  offset: 1, 0\n  index: -1\nh_red_mid_L\n  rotate: false\n  xy: 243, 381\n  size: 13, 21\n  orig: 15, 22\n  offset: 1, 1\n  index: -1\nh_red_mid_R\n  rotate: false\n  xy: 412, 600\n  size: 23, 28\n  orig: 24, 28\n  offset: 0, 0\n  index: -1\nh_red_mid_R2\n  rotate: false\n  xy: 484, 328\n  size: 25, 26\n  orig: 28, 27\n  offset: 1, 1\n  index: -1\nh_red_shadow\n  rotate: false\n  xy: 162, 594\n  size: 136, 141\n  orig: 140, 143\n  offset: 2, 1\n  index: -1\nl_club\n  rotate: 270\n  xy: 258, 60\n  size: 105, 113\n  orig: 105, 113\n  offset: 0, 0\n  index: -1\nl_club_shadow\n  rotate: true\n  xy: 299, 368\n  size: 114, 121\n  orig: 116, 125\n  offset: 1, 2\n  index: -1\nl_diamond\n  rotate: true\n  xy: 368, 40\n  size: 97, 117\n  orig: 97, 117\n  offset: 0, 0\n  index: -1\nl_diamond_shadow\n  rotate: true\n  xy: 243, 263\n  size: 103, 125\n  orig: 107, 127\n  offset: 2, 1\n  index: -1\nl_heart\n  rotate: 270\n  xy: 409, 118\n  size: 111, 100\n  orig: 111, 100\n  offset: 0, 0\n  index: -1\nl_heart_shadow\n  rotate: false\n  xy: 2, 245\n  size: 118, 109\n  orig: 122, 111\n  offset: 2, 1\n  index: -1\nl_spade\n  rotate: true\n  xy: 177, 129\n  size: 115, 122\n  orig: 115, 122\n  offset: 0, 0\n  index: -1\nl_spade_shadow\n  rotate: true\n  xy: 125, 353\n  size: 112, 116\n  orig: 114, 120\n  offset: 1, 2\n  index: -1\n",
      ["symbols.png"],
      {
        "skeleton": {
          "hash": "k2M1s437jajYPUdXo41+NpUUYOw",
          "spine": "3.8.99",
          "x": -61,
          "y": -64.5,
          "width": 121.5,
          "height": 112
        },
        "bones": [
          { "name": "root", "scaleX": 0.5, "scaleY": 0.5 },
          { "name": "_subroot", "parent": "root" },
          { "name": "symbol", "parent": "_subroot" },
          { "name": "ctrl", "parent": "_subroot" }
        ],
        "slots": [
          {
            "name": "l_heart_shadow",
            "bone": "_subroot",
            "attachment": "l_heart_shadow"
          },
          { "name": "symbol", "bone": "symbol", "attachment": "l_heart" }
        ],
        "skins": [
          {
            "name": "default",
            "attachments": {
              "l_heart_shadow": {
                "l_heart_shadow": {
                  "x": -0.5,
                  "y": -18,
                  "width": 243,
                  "height": 222
                }
              },
              "symbol": {
                "l_heart": {
                  "type": "mesh",
                  "hull": 14,
                  "uvs": [
                    0.90068, 0.64172, 0.70989, 0.89188, 0.52292, 1, 0.32831,
                    0.91308, 0.11841, 0.67988, 0.01528, 0.45255, 0.00382,
                    0.30577, 0.18908, 0.01484, 0.40088, 0.00002, 0.50382,
                    0.0636, 0.64877, 0.00001, 0.90641, 0.07208, 1, 0.28874,
                    0.99999, 0.41177, 0.69652, 0.75995, 0.52101, 0.91259,
                    0.34741, 0.79599, 0.83595, 0.59409, 0.1927, 0.57713
                  ],
                  "triangles": [
                    3, 15, 2, 2, 15, 1, 3, 16, 15, 3, 4, 16, 15, 14, 1, 15, 16,
                    14, 0, 14, 17, 0, 1, 14, 4, 18, 16, 16, 18, 14, 17, 14, 9,
                    4, 5, 18, 0, 17, 13, 14, 18, 9, 9, 10, 17, 13, 17, 12, 12,
                    17, 10, 18, 6, 7, 18, 8, 9, 18, 7, 8, 18, 5, 6, 11, 12, 10
                  ],
                  "vertices": [
                    1, 2, 87.95, -33.34, 1, 1, 2, 45.6, -83.38, 1, 1, 2, 4.09,
                    -105, 1, 1, 2, -39.12, -87.62, 1, 1, 2, -85.71, -40.98, 1,
                    1, 2, -108.61, 4.49, 1, 2, 2, -111.15, 33.85, 0.8, 3,
                    -111.15, 33.85, 0.2, 2, 2, -70.02, 92.03, 0.8, 3, -70.02,
                    92.03, 0.2, 2, 2, -23, 95, 0.8, 3, -23, 95, 0.2, 2, 2,
                    -0.15, 82.28, 0.8, 3, -0.15, 82.28, 0.2, 2, 2, 32.03, 95,
                    0.8, 3, 32.03, 95, 0.2, 2, 2, 89.22, 80.58, 0.8, 3, 89.22,
                    80.58, 0.2, 2, 2, 110, 37.25, 0.8, 3, 110, 37.25, 0.2, 1, 2,
                    110, 12.65, 1, 2, 2, 42.63, -56.99, 0.8, 3, 42.63, -56.99,
                    0.2, 2, 2, 3.66, -87.52, 0.8, 3, 3.66, -87.52, 0.2, 2, 2,
                    -34.88, -64.2, 0.8, 3, -34.88, -64.2, 0.2, 2, 2, 73.58,
                    -23.82, 0.8, 3, 73.58, -23.82, 0.2, 2, 2, -69.22, -20.43,
                    0.8, 3, -69.22, -20.43, 0.2
                  ]
                }
              }
            }
          }
        ],
        "animations": {
          "spawn": {
            "bones": {
              "symbol": {
                "translate": [
                  { "curve": 0.25, "c3": 0.75 },
                  { "time": 0.0667, "y": -5, "curve": 0.25, "c3": 0.75 },
                  { "time": 0.1667, "y": 2, "curve": 0.25, "c3": 0.75 },
                  { "time": 0.3333, "y": -2, "curve": 0.25, "c3": 0.75 },
                  { "time": 0.5 }
                ]
              },
              "ctrl": {
                "translate": [
                  { "curve": 0.25, "c3": 0.75 },
                  { "time": 0.0667, "y": -10, "curve": 0.25, "c3": 0.75 },
                  { "time": 0.2667, "y": 4, "curve": 0.25, "c3": 0.75 },
                  { "time": 0.5 }
                ]
              }
            }
          },
          "win": {
            "bones": {
              "symbol": {
                "scale": [
                  { "curve": 0.384, "c3": 0.803, "c4": 0.71 },
                  {
                    "time": 0.0667,
                    "x": 0.98,
                    "y": 0.98,
                    "curve": 0.125,
                    "c2": 0.21,
                    "c3": 0.608
                  },
                  {
                    "time": 0.2,
                    "x": 1.02,
                    "y": 1.02,
                    "curve": 0.523,
                    "c3": 0.467
                  },
                  {
                    "time": 0.3333,
                    "x": 0.99,
                    "y": 0.99,
                    "curve": 0.125,
                    "c2": 0.21,
                    "c3": 0.608
                  },
                  { "time": 0.5 }
                ]
              },
              "ctrl": {
                "translate": [
                  { "curve": 0.25, "c3": 0.75 },
                  { "time": 0.0667, "y": 10, "curve": 0.25, "c3": 0.75 },
                  { "time": 0.2667, "y": -20, "curve": 0.25, "c3": 0.75 },
                  { "time": 0.5 }
                ],
                "scale": [
                  { "curve": 0.25, "c3": 0.75 },
                  {
                    "time": 0.0667,
                    "x": 0.95,
                    "y": 0.95,
                    "curve": 0.25,
                    "c3": 0.75
                  },
                  {
                    "time": 0.2667,
                    "x": 1.05,
                    "y": 1.05,
                    "curve": 0.25,
                    "c3": 0.75
                  },
                  { "time": 0.5 }
                ]
              }
            }
          }
        }
      },
      [0]
    ]
  ],
  0,
  0,
  [0],
  [-1],
  [0]
]
