{
  "FeatureGameSuggest": {
    "Title": "Unfinished Feature Reminder",
    "Message": "You have an unfinished feature in %{gameName}.",
    "MessageExtraGame": "You have an unfinished feature in %{gameName} and %{totalGame} other games.",
    "MessageOptions": "Do you wish to continue the feature?",
    "MessageForceComplete": "Please complete it before starting a new game.",
    "DialogContinue": "Continue"
  },
  "MaxWin": {
    "Title": "The maximum win limit has been reached!",
    "Message": "You have won %{amount}!"
  },
  "GameCustomDisplay": {
    "SessionNetPosition": "Net",
    "SessionTime": "Session"
  },
  "GameTitleTrial": { "Title": "Trial Mode" },
  "HealthReminder": {
    "ReminderSeconds": "%{smart_count} second |||| %{smart_count} seconds",
    "ReminderMinutes": "%{smart_count} minute |||| %{smart_count} minutes",
    "ReminderHours": "%{smart_count} hour |||| %{smart_count} hours",
    "HealthCareTitle": "Reminder",
    "HealthCareSentence": "You had played %{value}.",
    "ViewGameHistory": "View Game History",
    "HealthCareReminderContinue": "Continue",
    "HealthCareReminderExit": "Quit"
  },
  "Login": {
    "LoginFail": "Login failed, system retrying... (%{times} time)",
    "WebLoginReload": "Reload",
    "WebLoginDismiss": "Dismiss",
    "WebLoginLoading": "Loading",
    "WebLoginLoadPageFailed": "Loading Failed",
    "WebLoginLogin": "Login"
  },
  "RetryHandler": { "Times": "(%{times} time)" },
  "TurboSpinSuggest": {
    "Message": "You seemed to be playing at a fast rate. Would you like to enable Turbo Spin?",
    "Later": "Later",
    "Enable": "Enable"
  }
}
