[
  1,
  [
    "50sYIuI51IjYe7brvgs4TY",
    "45+BvrpX1HQ5eQP1bT+Vg7",
    "274LhOQ45BqrwIWpFRx8Pz",
    "a2FRLgoVlOSLOR4d3CnfEh",
    "94pjGtDaRN/70wHsPjgUKn",
    "8586ebEkpEiL9uYFWESHOf",
    "66iqScO+lM/r4wFVhdy3Q1",
    "12Uk2Te4pG64muRjKKYlWW",
    "e8DSU0Bb9FxIFIZeUQ25fG",
    "becg6mfaxIs4ssjyxmeUqs",
    "57+qRMsz9Cx7dWlp+8Ixxe",
    "a3Es1DFaVNYbf1FQz9kjMy",
    "14oJV6d6pGI6tDzs4md0ku",
    "c1nsgl+xhICIoRCfIOBFUP",
    "52aEDvo2JJyLwv7dFgui7E",
    "82DKomwzBMZZu2ZChtMOW8",
    "bbXlLfvmVGNpIGKgZLWfD6",
    "49Nd+xsl1Pu6SPYv523HV3",
    "26+CAuHFVIeKGOh9oHD4cs",
    "1e8DtMu7NMOqFTe3xJPSa3",
    "45bv/VzB1OXL9cHbzh2flI",
    "c6s1BaL6dLDLsLvqDvzdK0",
    "40iSPOWIpAY5pv33jxhnri",
    "56SyOBpeRCHYjetOEnct8a",
    "a0St2wHflPoY1Vi2H6xIFo",
    "e7dPabZbtFf4o3JjWZ3hc5",
    "feOhtOTOVEb7AyUVxPDCNe",
    "e8PwPCJMdMr7JhwwSj8uxi",
    "1dsnuXyC9FNoSqQ9U2/xZQ",
    "c7eLpz+fRPeJOf8gVZnA0S",
    "f562FodJJAmYu1SeDggPRH",
    "96I6QbaDhDgrnkBtidCiJN",
    "022RDuaOFCS559rKokHoDV",
    "6avfpI3RBDdrV/uW7Vt9y4",
    "7eXvH1brxA0YV56DyVYwtq",
    "37aXx/6KRGMp/udmTtYoKF",
    "a6UK2hwCVL+4UV8Z6OFkXW",
    "07ujudkNlMxbl2bEYYJbld",
    "5azMciuBdOUZpnt1GW/c+Q",
    "bdDjPyhY9Dy5Sd9wKtL919",
    "08pjcJJfdFTY9QfiwsTMiO",
    "b0q+sXGxtH36diznUqIjcQ",
    "1akN7Y231IJo2bqgbaeIZz",
    "6dTfWNURdJ/7k6QKw+xUfD",
    "cdWhRDxOhIMY3g2ax5SWwi",
    "3bUtBii7NI/K5dyDsZ2vQo",
    "7fz/gAUq9MbahjoeuNw2Sx",
    "c9RjOnSzFDXbOV1Q2kogr1",
    "7fWKhbEfxCgKzJakiJQxLt",
    "c4o5geXQZPT4i3zJ5KRe+w",
    "5derYxvm1PwY4wUwuCuZUj",
    "e7TTF1GXpPpbtHMBhey+0j",
    "1e0uqxwDlHyZ/XTnVzygoL",
    "74GUbL07NIIoNF+OxmGXVQ",
    "37ObVTFvNC+5lrgM35ZE89",
    "5bi83MlhpIzIpCVOmpNCcp",
    "39fn5ZrnNG6bTCOyRzpDvT",
    "4bJaEilFZNdrto3kVGoNbh",
    "0f0WbDnGxLvJJCaokvtfoN",
    "c4ht8soMRPLrFu63o38/Yq",
    "ecA5RY0EVLXrlvfejZBp/O",
    "663RccXs9AcY0tz2JCz+4Y",
    "57OG1qFfdEVowRmegl0ePY",
    "44Hycsy4RCJJ2dO1TK2H1q",
    "1eYRZh7AhLDZNDiFXS7M4B",
    "9a0P1BqLpOKo5k4f0+ulvi",
    "02iyMaCAJKvI1zyHipeZpA",
    "e8TLmjBvJKnaa934eS8mNx",
    "35NeGoZENCk7KUWuj5xb8q",
    "268NzdbuJKbpGsmQLdvKcm",
    "8e92gtKo1M3rBHUgl06SSy",
    "fcdPlt1FFL27q5LjiuRevN",
    "b0RL4NgVJD7pXE52kAt/XC",
    "fe8jMsDpFIU5C/jkwvLk5w",
    "25O31vadJBGb1XpXZl2omt",
    "3dMhi9nb9PloefXJpbkT3r",
    "d9FFmvgLRPDKV0k880/dlU",
    "88evyfOnlAL6WHfXaUr0AI",
    "d1qPyDww1L8KYA+rFeZdYU",
    "e329WaC6NAI7jp22UoFWlv",
    "59v4XOgT5MoLaWK7fzBKzL",
    "392ssPSdtOkJwtag6J/KlD",
    "90zQ+W5VlLurPInG8qkyCy",
    "31nKH9ttRDUoxLa/1fuURt",
    "26v2caGXxL7oLmMakpJGf9",
    "2cNaFA7oRNwpaG8YbLftoo",
    "c1vCCVCJhCc7g0scTCpynV",
    "feeBVUs8pIDpzcSk5T7apt",
    "deiLI4uB9JV7dWHs+odPoC",
    "3fyUpb5iRLeLN+oMd/wbgz",
    "777DIazDVMNa1UIZJbc1N5",
    "3dNpUZ6Z9I6Zx+bXdwBXpJ",
    "9fqr5v/yVMcLh0aKRqfBKI",
    "6fsF63o6pGjIxY/Jz8O3mM",
    "09oSyDap9LAqyOMk34Li8t",
    "99OU8SFjVIcY+6zJ158g52",
    "238dLf9MpJGLdbUCTSfCA6",
    "5cx+JRhL1C9rJiR04/jNmp",
    "355+JYJwZI0KdUe46C8qo+",
    "b03H5opWFJ/I897evBevXV",
    "78Jdh+SXRFEqW727qPPfGc",
    "211YqHg5pCVJc+dUTLssJP",
    "d5pLVF1tVITaR8qrfq5Li9",
    "43e0bU72BG4oqoSoL3Nudp",
    "4eQZwzFkZFCZHMKFKOIcui",
    "e514KVeBFIDrpMTGgvurEl",
    "b6fjmKQvFMWIwOMP1fo2zo",
    "4e38lnZ1tMq4yM0SK0P7mv",
    "c0DLHqecVMJ5wiP7D74pII",
    "56SRS2Q/BBC7yL+lD+aVKQ",
    "0cnv0bt25HgpRwO03m+vC+",
    "18hHvKzkhK24Xv6dV0mQEP",
    "be3MKPKoZA3LZBCy5Im2YX",
    "36aXRAg8BMY6xoAHBPTYgR",
    "35DLc2UdBIL7ZicbWEvabA",
    "f4bV8qrtVPAZTUX4ft54ud",
    "3f4ZxuNtRIkYST3IgHqByF",
    "9b4AJTeGhDFrJ6hXo2n/kY",
    "00Rpgl3s9FXKzWAZ0XQLIH",
    "3271rTdsNDwqUXimGIGEAw",
    "cdPdvvJWNFMoqzCZ28rqql",
    "1cXhjtg9NAyI9je2h5/we3",
    "04I5mBZB1DT6rrbz4jdtUm",
    "bdX9Zn1B1OeYmfc4L9pPnD",
    "b8yn57ScdLKYrHf5HA3vpC",
    "b2SXEt2LBCjaEQbm2B4zy/",
    "5fG1Bck91OW4zaDKkA0bP4",
    "98LYsI6YpO2LufTZREBcu2",
    "4a3hH+LCZIJKH/SIKZfg6s",
    "f2bxYoJg5GzLjFCRGXkJu5",
    "d0gwkwQixAb6vep8E+YUgC",
    "d2j4XkcQ1LcJg8sa7iPSuE",
    "71o/y2R6NBJ4X3Gv0YPdsz",
    "efYdKfEHVLeLw4Nvb2hTAk",
    "36VyK0s9pA6JNBtNXJn0pA",
    "25H8xmmm9LpI1He+Gu1Rnw",
    "7d795uNvFLYoUr1nsWa7sL",
    "7bcBtcPIlP97K42xFy2sFF",
    "7bNnPIg+ZB0JFa2uvDrRk0",
    "85Q/GEA91CC6MP3RMxPhaG",
    "38P29U6rFDgLd/UovQ849M",
    "55lAi9vqFAHZhF+3k6hU15",
    "e9k4XINvdMe5RZ3icAYL4c",
    "f3EwBlAMZP2rZduYjg3S3F",
    "65Yk9ZmgpAb7z6hXG3yx+A",
    "6eL/W0XrBBy7kAgqHbAENC",
    "e9UrGyKc5NT7S73D5H63b4",
    "e27VPCGsFDLYQiNu/A7XvA",
    "4c5uPMHThOaYRzVi6k8qxU",
    "5e+3fChchCD7JRadRFjY2Y",
    "fcOaH6byFFR4DSWWNdzHh9",
    "34kuazDoNMcqMWk6fEz45m",
    "40k79Tt9VHeIVQKj+sPE4Z",
    "31jo+CA/dF9YIs35lDFCzH"
  ],
  ["value", "_textureSetter"],
  [
    "cc.SpriteFrame",
    ["cc.AnimationClip", ["_name", "_duration", "sample", "curveData"], 0, 11]
  ],
  [[1, 0, 1, 2, 3, 4]],
  [
    [
      [
        {
          "name": "bl_vfx_e_add_04",
          "rect": [1613, 1661, 224, 120],
          "offset": [6, -142],
          "originalSize": [378, 410],
          "rotated": 1,
          "capInsets": [0, 0, 0, 0]
        }
      ],
      [0],
      0,
      [0],
      [1],
      [0]
    ],
    [
      [
        {
          "name": "bl_vfx_e_normal_06",
          "rect": [1775, 1, 252, 138],
          "offset": [7, -134],
          "originalSize": [378, 410],
          "rotated": 1,
          "capInsets": [0, 0, 0, 0]
        }
      ],
      [0],
      0,
      [0],
      [1],
      [1]
    ],
    [
      [
        {
          "name": "bl_vfx_e_add_08",
          "rect": [927, 1445, 356, 190],
          "offset": [10, -108],
          "originalSize": [378, 410],
          "rotated": 1,
          "capInsets": [0, 0, 0, 0]
        }
      ],
      [0],
      0,
      [0],
      [1],
      [0]
    ],
    [
      [
        {
          "name": "bl_vfx_e_normal_11",
          "rect": [1009, 791, 364, 212],
          "offset": [7, -97],
          "originalSize": [378, 410],
          "capInsets": [0, 0, 0, 0]
        }
      ],
      [0],
      0,
      [0],
      [1],
      [1]
    ],
    [
      [
        {
          "name": "bl_vfx_e_normal_14",
          "rect": [1395, 283, 378, 250],
          "offset": [0, -76],
          "originalSize": [378, 410],
          "capInsets": [0, 0, 0, 0]
        }
      ],
      [0],
      0,
      [0],
      [1],
      [1]
    ],
    [
      [
        {
          "name": "bl_vfx_e_normal_32",
          "rect": [1249, 1317, 238, 232],
          "offset": [40, -60],
          "originalSize": [378, 410],
          "capInsets": [0, 0, 0, 0]
        }
      ],
      [0],
      0,
      [0],
      [1],
      [1]
    ],
    [
      [
        {
          "name": "bl_vfx_e_normal_16",
          "rect": [1395, 1, 378, 280],
          "offset": [0, -58],
          "originalSize": [378, 410],
          "capInsets": [0, 0, 0, 0]
        }
      ],
      [0],
      0,
      [0],
      [1],
      [1]
    ],
    [
      [
        {
          "name": "bl_vfx_e_add_07",
          "rect": [1137, 725, 326, 172],
          "offset": [8, -114],
          "originalSize": [378, 410],
          "rotated": 1,
          "capInsets": [0, 0, 0, 0]
        }
      ],
      [0],
      0,
      [0],
      [1],
      [0]
    ],
    [
      [
        {
          "name": "bl_vfx_e_normal_02",
          "rect": [149, 1467, 102, 56],
          "offset": [-2, -175],
          "originalSize": [378, 410],
          "capInsets": [0, 0, 0, 0]
        }
      ],
      [0],
      0,
      [0],
      [1],
      [1]
    ],
    [
      [
        {
          "name": "bl_vfx_e_normal_38",
          "rect": [1489, 1235, 228, 208],
          "offset": [34, -38],
          "originalSize": [378, 410],
          "rotated": 1,
          "capInsets": [0, 0, 0, 0]
        }
      ],
      [0],
      0,
      [0],
      [1],
      [1]
    ],
    [
      [
        {
          "name": "bl_vfx_e_normal_26",
          "rect": [1, 1105, 312, 360],
          "offset": [-5, -4],
          "originalSize": [378, 410],
          "capInsets": [0, 0, 0, 0]
        }
      ],
      [0],
      0,
      [0],
      [1],
      [1]
    ],
    [
      [
        [
          0,
          "bw_vfx_n_add",
          1,
          24,
          [
            {},
            "comps",
            11,
            [
              {},
              "cc.Sprite",
              11,
              [
                {},
                "spriteFrame",
                12,
                [
                  [
                    [{ "frame": 0.041666666666666664 }, "value", 6, 0],
                    [{ "frame": 0.08333333333333333 }, "value", 6, 1],
                    [{ "frame": 0.125 }, "value", 6, 2],
                    [{ "frame": 0.16666666666666666 }, "value", 6, 3],
                    [{ "frame": 0.20833333333333334 }, "value", 6, 4],
                    [{ "frame": 0.25 }, "value", 6, 5],
                    [{ "frame": 0.2916666666666667 }, "value", 6, 6],
                    [{ "frame": 0.3333333333333333 }, "value", 6, 7],
                    [{ "frame": 0.375 }, "value", 6, 8],
                    [{ "frame": 0.4166666666666667 }, "value", 6, 9],
                    [{ "frame": 0.4583333333333333 }, "value", 6, 10],
                    [{ "frame": 0.5 }, "value", 6, 11],
                    [{ "frame": 0.5416666666666666 }, "value", 6, 12],
                    [{ "frame": 0.5833333333333334 }, "value", 6, 13],
                    [{ "frame": 0.625 }, "value", 6, 14],
                    [{ "frame": 0.6666666666666666 }, "value", 6, 15],
                    [{ "frame": 0.7083333333333334 }, "value", 6, 16],
                    [{ "frame": 0.75 }, "value", 6, 17],
                    [{ "frame": 0.7916666666666666 }, "value", 6, 18],
                    [{ "frame": 0.8333333333333334 }, "value", 6, 19],
                    [{ "frame": 0.875 }, "value", 6, 20],
                    [{ "frame": 0.9166666666666666 }, "value", 6, 21],
                    [{ "frame": 0.9583333333333334 }, "value", 6, 22]
                  ],
                  11,
                  11,
                  11,
                  11,
                  11,
                  11,
                  11,
                  11,
                  11,
                  11,
                  11,
                  11,
                  11,
                  11,
                  11,
                  11,
                  11,
                  11,
                  11,
                  11,
                  11,
                  11,
                  11
                ]
              ]
            ]
          ]
        ]
      ],
      0,
      0,
      [0, 0, 0, 0, 0, 0, 0, 0, 0, 0, 0, 0, 0, 0, 0, 0, 0, 0, 0, 0, 0, 0, 0],
      [0, 0, 0, 0, 0, 0, 0, 0, 0, 0, 0, 0, 0, 0, 0, 0, 0, 0, 0, 0, 0, 0, 0],
      [
        3, 4, 5, 6, 7, 8, 9, 10, 11, 12, 13, 14, 15, 16, 17, 18, 19, 20, 21, 22,
        23, 24, 25
      ]
    ],
    [
      [
        {
          "name": "bl_vfx_e_add_21",
          "rect": [1, 1139, 354, 348],
          "offset": [-12, -22],
          "originalSize": [378, 410],
          "capInsets": [0, 0, 0, 0]
        }
      ],
      [0],
      0,
      [0],
      [1],
      [0]
    ],
    [
      [
        {
          "name": "bl_vfx_e_add_39",
          "rect": [1699, 381, 14, 156],
          "offset": [137, -17],
          "originalSize": [378, 410],
          "capInsets": [0, 0, 0, 0]
        }
      ],
      [0],
      0,
      [0],
      [1],
      [0]
    ],
    [
      [
        {
          "name": "bl_vfx_e_add_05",
          "rect": [1589, 729, 262, 142],
          "offset": [6, -132],
          "originalSize": [378, 410],
          "rotated": 1,
          "capInsets": [0, 0, 0, 0]
        }
      ],
      [0],
      0,
      [0],
      [1],
      [0]
    ],
    [
      [
        {
          "name": "bl_vfx_e_add_37",
          "rect": [1383, 1661, 228, 208],
          "offset": [34, -39],
          "originalSize": [378, 410],
          "capInsets": [0, 0, 0, 0]
        }
      ],
      [0],
      0,
      [0],
      [1],
      [0]
    ],
    [
      [
        {
          "name": "bl_vfx_e_add_00",
          "rect": [365, 375, 3, 3],
          "offset": [-187.5, 203.5],
          "originalSize": [378, 410],
          "capInsets": [0, 0, 0, 0]
        }
      ],
      [0],
      0,
      [0],
      [1],
      [0]
    ],
    [
      [
        {
          "name": "bl_vfx_e_add_20",
          "rect": [1, 1489, 350, 334],
          "offset": [-14, -29],
          "originalSize": [378, 410],
          "capInsets": [0, 0, 0, 0]
        }
      ],
      [0],
      0,
      [0],
      [1],
      [0]
    ],
    [
      [
        {
          "name": "bl_vfx_e_normal_28",
          "rect": [1, 359, 320, 374],
          "offset": [-6, 4],
          "originalSize": [378, 410],
          "capInsets": [0, 0, 0, 0]
        }
      ],
      [0],
      0,
      [0],
      [1],
      [1]
    ],
    [
      [
        {
          "name": "bl_vfx_e_normal_09",
          "rect": [343, 353, 336, 182],
          "offset": [12, -112],
          "originalSize": [378, 410],
          "capInsets": [0, 0, 0, 0]
        }
      ],
      [0],
      0,
      [0],
      [1],
      [1]
    ],
    [
      [
        {
          "name": "bl_vfx_e_add_26",
          "rect": [1, 761, 354, 376],
          "offset": [-2, -3],
          "originalSize": [378, 410],
          "capInsets": [0, 0, 0, 0]
        }
      ],
      [0],
      0,
      [0],
      [1],
      [0]
    ],
    [
      [
        {
          "name": "bl_vfx_e_normal_30",
          "rect": [319, 1067, 324, 228],
          "offset": [-5, -63],
          "originalSize": [378, 410],
          "capInsets": [0, 0, 0, 0]
        }
      ],
      [0],
      0,
      [0],
      [1],
      [1]
    ],
    [
      [
        {
          "name": "bl_vfx_e_normal_19",
          "rect": [973, 1005, 318, 298],
          "offset": [-15, -40],
          "originalSize": [378, 410],
          "capInsets": [0, 0, 0, 0]
        }
      ],
      [0],
      0,
      [0],
      [1],
      [1]
    ],
    [
      [
        {
          "name": "bl_vfx_e_add_02",
          "rect": [1611, 993, 130, 66],
          "offset": [4, -170],
          "originalSize": [378, 410],
          "rotated": 1,
          "capInsets": [0, 0, 0, 0]
        }
      ],
      [0],
      0,
      [0],
      [1],
      [0]
    ],
    [
      [
        {
          "name": "bl_vfx_e_add_38",
          "rect": [1, 1825, 38, 164],
          "offset": [128, -16],
          "originalSize": [378, 410],
          "rotated": 1,
          "capInsets": [0, 0, 0, 0]
        }
      ],
      [0],
      0,
      [0],
      [1],
      [0]
    ],
    [
      [
        [
          0,
          "bl_vfx_e_normal",
          1.6666666666666667,
          24,
          [
            {},
            "comps",
            11,
            [
              {},
              "cc.Sprite",
              11,
              [
                {},
                "spriteFrame",
                12,
                [
                  [
                    [{ "frame": 0 }, "value", 6, 0],
                    [{ "frame": 0.041666666666666664 }, "value", 6, 1],
                    [{ "frame": 0.08333333333333333 }, "value", 6, 2],
                    [{ "frame": 0.125 }, "value", 6, 3],
                    [{ "frame": 0.16666666666666666 }, "value", 6, 4],
                    [{ "frame": 0.20833333333333334 }, "value", 6, 5],
                    [{ "frame": 0.25 }, "value", 6, 6],
                    [{ "frame": 0.2916666666666667 }, "value", 6, 7],
                    [{ "frame": 0.3333333333333333 }, "value", 6, 8],
                    [{ "frame": 0.375 }, "value", 6, 9],
                    [{ "frame": 0.4166666666666667 }, "value", 6, 10],
                    [{ "frame": 0.4583333333333333 }, "value", 6, 11],
                    [{ "frame": 0.5 }, "value", 6, 12],
                    [{ "frame": 0.5416666666666666 }, "value", 6, 13],
                    [{ "frame": 0.5833333333333334 }, "value", 6, 14],
                    [{ "frame": 0.625 }, "value", 6, 15],
                    [{ "frame": 0.6666666666666666 }, "value", 6, 16],
                    [{ "frame": 0.7083333333333334 }, "value", 6, 17],
                    [{ "frame": 0.75 }, "value", 6, 18],
                    [{ "frame": 0.7916666666666666 }, "value", 6, 19],
                    [{ "frame": 0.8333333333333334 }, "value", 6, 20],
                    [{ "frame": 0.875 }, "value", 6, 21],
                    [{ "frame": 0.9166666666666666 }, "value", 6, 22],
                    [{ "frame": 0.9583333333333334 }, "value", 6, 23],
                    [{ "frame": 1 }, "value", 6, 24],
                    [{ "frame": 1.0416666666666667 }, "value", 6, 25],
                    [{ "frame": 1.0833333333333333 }, "value", 6, 26],
                    [{ "frame": 1.125 }, "value", 6, 27],
                    [{ "frame": 1.1666666666666667 }, "value", 6, 28],
                    [{ "frame": 1.2083333333333333 }, "value", 6, 29],
                    [{ "frame": 1.25 }, "value", 6, 30],
                    [{ "frame": 1.2916666666666667 }, "value", 6, 31],
                    [{ "frame": 1.3333333333333333 }, "value", 6, 32],
                    [{ "frame": 1.375 }, "value", 6, 33],
                    [{ "frame": 1.4166666666666667 }, "value", 6, 34],
                    [{ "frame": 1.4583333333333333 }, "value", 6, 35],
                    [{ "frame": 1.5 }, "value", 6, 36],
                    [{ "frame": 1.5416666666666667 }, "value", 6, 37],
                    [{ "frame": 1.5833333333333333 }, "value", 6, 38],
                    [{ "frame": 1.625 }, "value", 6, 39]
                  ],
                  11,
                  11,
                  11,
                  11,
                  11,
                  11,
                  11,
                  11,
                  11,
                  11,
                  11,
                  11,
                  11,
                  11,
                  11,
                  11,
                  11,
                  11,
                  11,
                  11,
                  11,
                  11,
                  11,
                  11,
                  11,
                  11,
                  11,
                  11,
                  11,
                  11,
                  11,
                  11,
                  11,
                  11,
                  11,
                  11,
                  11,
                  11,
                  11,
                  11
                ]
              ]
            ]
          ]
        ]
      ],
      0,
      0,
      [
        0, 0, 0, 0, 0, 0, 0, 0, 0, 0, 0, 0, 0, 0, 0, 0, 0, 0, 0, 0, 0, 0, 0, 0,
        0, 0, 0, 0, 0, 0, 0, 0, 0, 0, 0, 0, 0, 0, 0, 0
      ],
      [
        0, 0, 0, 0, 0, 0, 0, 0, 0, 0, 0, 0, 0, 0, 0, 0, 0, 0, 0, 0, 0, 0, 0, 0,
        0, 0, 0, 0, 0, 0, 0, 0, 0, 0, 0, 0, 0, 0, 0, 0
      ],
      [
        26, 27, 28, 29, 30, 31, 32, 33, 34, 35, 36, 37, 38, 39, 40, 41, 42, 43,
        44, 45, 46, 47, 48, 49, 50, 51, 52, 53, 54, 55, 56, 57, 58, 59, 60, 61,
        62, 63, 64, 65
      ]
    ],
    [
      [
        {
          "name": "bl_vfx_e_normal_37",
          "rect": [1701, 995, 228, 208],
          "offset": [34, -39],
          "originalSize": [378, 410],
          "rotated": 1,
          "capInsets": [0, 0, 0, 0]
        }
      ],
      [0],
      0,
      [0],
      [1],
      [1]
    ],
    [
      [
        {
          "name": "bl_vfx_e_add_14",
          "rect": [577, 375, 378, 270],
          "offset": [0, -64],
          "originalSize": [378, 410],
          "rotated": 1,
          "capInsets": [0, 0, 0, 0]
        }
      ],
      [0],
      0,
      [0],
      [1],
      [0]
    ],
    [
      [
        {
          "name": "bl_vfx_e_normal_31",
          "rect": [645, 1261, 318, 230],
          "offset": [-1, -62],
          "originalSize": [378, 410],
          "capInsets": [0, 0, 0, 0]
        }
      ],
      [0],
      0,
      [0],
      [1],
      [1]
    ],
    [
      [
        {
          "name": "bl_vfx_e_add_34",
          "rect": [1383, 1155, 254, 252],
          "offset": [34, -49],
          "originalSize": [378, 410],
          "rotated": 1,
          "capInsets": [0, 0, 0, 0]
        }
      ],
      [0],
      0,
      [0],
      [1],
      [0]
    ],
    [
      [
        {
          "name": "bl_vfx_e_add_27",
          "rect": [1, 383, 356, 376],
          "offset": [-1, -3],
          "originalSize": [378, 410],
          "capInsets": [0, 0, 0, 0]
        }
      ],
      [0],
      0,
      [0],
      [1],
      [0]
    ],
    [
      [
        {
          "name": "bl_vfx_e_normal_36",
          "rect": [1699, 1235, 226, 206],
          "offset": [34, -40],
          "originalSize": [378, 410],
          "rotated": 1,
          "capInsets": [0, 0, 0, 0]
        }
      ],
      [0],
      0,
      [0],
      [1],
      [1]
    ],
    [
      [
        {
          "name": "bl_vfx_e_normal_12",
          "rect": [1395, 535, 374, 222],
          "offset": [2, -91],
          "originalSize": [378, 410],
          "capInsets": [0, 0, 0, 0]
        }
      ],
      [0],
      0,
      [0],
      [1],
      [1]
    ],
    [
      [
        {
          "name": "bl_vfx_e_normal_29",
          "rect": [315, 1297, 322, 230],
          "offset": [-5, -67],
          "originalSize": [378, 410],
          "capInsets": [0, 0, 0, 0]
        }
      ],
      [0],
      0,
      [0],
      [1],
      [1]
    ],
    [
      [
        {
          "name": "bl_vfx_e_normal_24",
          "rect": [343, 1, 336, 350],
          "offset": [-20, -10],
          "originalSize": [378, 410],
          "capInsets": [0, 0, 0, 0]
        }
      ],
      [0],
      0,
      [0],
      [1],
      [1]
    ],
    [
      [
        {
          "name": "bl_vfx_e_add_35",
          "rect": [1383, 1411, 250, 248],
          "offset": [36, -48],
          "originalSize": [378, 410],
          "capInsets": [0, 0, 0, 0]
        }
      ],
      [0],
      0,
      [0],
      [1],
      [0]
    ],
    [
      [
        {
          "name": "bl_vfx_e_add_12",
          "rect": [357, 1143, 378, 244],
          "offset": [0, -79],
          "originalSize": [378, 410],
          "rotated": 1,
          "capInsets": [0, 0, 0, 0]
        }
      ],
      [0],
      0,
      [0],
      [1],
      [0]
    ],
    [
      [
        {
          "name": "bl_vfx_e_add_30",
          "rect": [1435, 381, 346, 262],
          "offset": [5, -58],
          "originalSize": [378, 410],
          "rotated": 1,
          "capInsets": [0, 0, 0, 0]
        }
      ],
      [0],
      0,
      [0],
      [1],
      [0]
    ],
    [
      [
        {
          "name": "bl_vfx_e_normal_35",
          "rect": [1395, 759, 240, 234],
          "offset": [41, -57],
          "originalSize": [378, 410],
          "capInsets": [0, 0, 0, 0]
        }
      ],
      [0],
      0,
      [0],
      [1],
      [1]
    ],
    [
      [
        {
          "name": "bl_vfx_e_normal_07",
          "rect": [965, 1305, 282, 154],
          "offset": [9, -126],
          "originalSize": [378, 410],
          "capInsets": [0, 0, 0, 0]
        }
      ],
      [0],
      0,
      [0],
      [1],
      [1]
    ],
    [
      [
        {
          "name": "bl_vfx_e_normal_17",
          "rect": [1015, 1, 378, 286],
          "offset": [0, -50],
          "originalSize": [378, 410],
          "capInsets": [0, 0, 0, 0]
        }
      ],
      [0],
      0,
      [0],
      [1],
      [1]
    ],
    [
      [
        {
          "name": "bl_vfx_e_add_31",
          "rect": [1311, 729, 276, 262],
          "offset": [38, -56],
          "originalSize": [378, 410],
          "capInsets": [0, 0, 0, 0]
        }
      ],
      [0],
      0,
      [0],
      [1],
      [0]
    ],
    [
      [
        {
          "name": "bl_vfx_e_add_18",
          "rect": [607, 1515, 356, 318],
          "offset": [-11, -37],
          "originalSize": [378, 410],
          "rotated": 1,
          "capInsets": [0, 0, 0, 0]
        }
      ],
      [0],
      0,
      [0],
      [1],
      [0]
    ],
    [
      [
        {
          "name": "bl_vfx_e_normal_27",
          "rect": [1, 735, 316, 368],
          "offset": [-5, 0],
          "originalSize": [378, 410],
          "capInsets": [0, 0, 0, 0]
        }
      ],
      [0],
      0,
      [0],
      [1],
      [1]
    ],
    [
      [
        {
          "name": "bl_vfx_e_add_24",
          "rect": [725, 1, 360, 366],
          "offset": [-9, -12],
          "originalSize": [378, 410],
          "capInsets": [0, 0, 0, 0]
        }
      ],
      [0],
      0,
      [0],
      [1],
      [0]
    ],
    [
      [
        {
          "name": "bl_vfx_e_add_23",
          "rect": [365, 1, 358, 372],
          "offset": [-10, -9],
          "originalSize": [378, 410],
          "capInsets": [0, 0, 0, 0]
        }
      ],
      [0],
      0,
      [0],
      [1],
      [0]
    ],
    [
      [
        {
          "name": "bl_vfx_e_add_22",
          "rect": [1087, 1, 356, 360],
          "offset": [-11, -15],
          "originalSize": [378, 410],
          "capInsets": [0, 0, 0, 0]
        }
      ],
      [0],
      0,
      [0],
      [1],
      [0]
    ],
    [
      [
        {
          "name": "bl_vfx_e_normal_08",
          "rect": [1293, 1005, 310, 170],
          "offset": [11, -118],
          "originalSize": [378, 410],
          "rotated": 1,
          "capInsets": [0, 0, 0, 0]
        }
      ],
      [0],
      0,
      [0],
      [1],
      [1]
    ],
    [
      [
        {
          "name": "bl_vfx_e_normal_22",
          "rect": [319, 735, 326, 330],
          "offset": [-20, -21],
          "originalSize": [378, 410],
          "capInsets": [0, 0, 0, 0]
        }
      ],
      [0],
      0,
      [0],
      [1],
      [1]
    ],
    [
      [
        {
          "name": "bl_vfx_e_normal_20",
          "rect": [647, 955, 324, 304],
          "offset": [-16, -36],
          "originalSize": [378, 410],
          "capInsets": [0, 0, 0, 0]
        }
      ],
      [0],
      0,
      [0],
      [1],
      [1]
    ],
    [
      [
        {
          "name": "bl_vfx_e_add_25",
          "rect": [1, 1, 362, 380],
          "offset": [-8, -5],
          "originalSize": [378, 410],
          "capInsets": [0, 0, 0, 0]
        }
      ],
      [0],
      0,
      [0],
      [1],
      [0]
    ],
    [
      [
        {
          "name": "bl_vfx_e_normal_05",
          "rect": [1775, 255, 218, 120],
          "offset": [5, -143],
          "originalSize": [378, 410],
          "rotated": 1,
          "capInsets": [0, 0, 0, 0]
        }
      ],
      [0],
      0,
      [0],
      [1],
      [1]
    ],
    [
      [
        {
          "name": "bl_vfx_e_add_13",
          "rect": [353, 1523, 378, 252],
          "offset": [0, -74],
          "originalSize": [378, 410],
          "rotated": 1,
          "capInsets": [0, 0, 0, 0]
        }
      ],
      [0],
      0,
      [0],
      [1],
      [0]
    ],
    [
      [
        {
          "name": "bl_vfx_e_normal_39",
          "rect": [1489, 1465, 38, 166],
          "offset": [128, -15],
          "originalSize": [378, 410],
          "rotated": 1,
          "capInsets": [0, 0, 0, 0]
        }
      ],
      [0],
      0,
      [0],
      [1],
      [1]
    ],
    [
      [
        {
          "name": "bl_vfx_e_add_03",
          "rect": [927, 1803, 178, 96],
          "offset": [8, -155],
          "originalSize": [378, 410],
          "capInsets": [0, 0, 0, 0]
        }
      ],
      [0],
      0,
      [0],
      [1],
      [0]
    ],
    [
      [
        {
          "name": "bl_vfx_e_normal_10",
          "rect": [323, 537, 354, 196],
          "offset": [12, -105],
          "originalSize": [378, 410],
          "capInsets": [0, 0, 0, 0]
        }
      ],
      [0],
      0,
      [0],
      [1],
      [1]
    ],
    [
      [
        {
          "name": "bl_vfx_e_normal_15",
          "rect": [1015, 523, 378, 266],
          "offset": [0, -67],
          "originalSize": [378, 410],
          "capInsets": [0, 0, 0, 0]
        }
      ],
      [0],
      0,
      [0],
      [1],
      [1]
    ],
    [
      [
        {
          "name": "bl_vfx_e_add_11",
          "rect": [357, 763, 378, 228],
          "offset": [0, -86],
          "originalSize": [378, 410],
          "rotated": 1,
          "capInsets": [0, 0, 0, 0]
        }
      ],
      [0],
      0,
      [0],
      [1],
      [0]
    ],
    [
      [
        {
          "name": "mh_vfx_04_add",
          "rect": [1, 509, 400, 175],
          "offset": [0, 0],
          "originalSize": [400, 175],
          "capInsets": [0, 0, 0, 0]
        }
      ],
      [0],
      0,
      [0],
      [1],
      [2]
    ],
    [
      [
        {
          "name": "bl_vfx_e_add_10",
          "rect": [359, 383, 378, 216],
          "offset": [0, -95],
          "originalSize": [378, 410],
          "rotated": 1,
          "capInsets": [0, 0, 0, 0]
        }
      ],
      [0],
      0,
      [0],
      [1],
      [0]
    ],
    [
      [
        {
          "name": "button",
          "rect": [1, 614, 338, 132],
          "offset": [0, 0],
          "originalSize": [338, 132],
          "capInsets": [0, 0, 0, 0]
        }
      ],
      [0],
      0,
      [0],
      [1],
      [66]
    ],
    [
      [
        [
          0,
          "bw_vfx_p_add",
          1.9583333333333333,
          24,
          [
            {},
            "comps",
            11,
            [
              {},
              "cc.Sprite",
              11,
              [
                {},
                "spriteFrame",
                12,
                [
                  [
                    [{ "frame": 0 }, "value", 6, 0],
                    [{ "frame": 0.041666666666666664 }, "value", 6, 1],
                    [{ "frame": 0.08333333333333333 }, "value", 6, 2],
                    [{ "frame": 0.125 }, "value", 6, 3],
                    [{ "frame": 0.16666666666666666 }, "value", 6, 4],
                    [{ "frame": 0.20833333333333334 }, "value", 6, 5],
                    [{ "frame": 0.25 }, "value", 6, 6],
                    [{ "frame": 0.2916666666666667 }, "value", 6, 7],
                    [{ "frame": 0.3333333333333333 }, "value", 6, 8],
                    [{ "frame": 0.375 }, "value", 6, 9],
                    [{ "frame": 0.4166666666666667 }, "value", 6, 10],
                    [{ "frame": 0.4583333333333333 }, "value", 6, 11],
                    [{ "frame": 0.5 }, "value", 6, 12],
                    [{ "frame": 0.5416666666666666 }, "value", 6, 13],
                    [{ "frame": 0.5833333333333334 }, "value", 6, 14],
                    [{ "frame": 0.625 }, "value", 6, 15],
                    [{ "frame": 0.6666666666666666 }, "value", 6, 16],
                    [{ "frame": 0.7083333333333334 }, "value", 6, 17],
                    [{ "frame": 0.75 }, "value", 6, 18],
                    [{ "frame": 0.7916666666666666 }, "value", 6, 19],
                    [{ "frame": 0.8333333333333334 }, "value", 6, 20],
                    [{ "frame": 0.875 }, "value", 6, 21],
                    [{ "frame": 0.9166666666666666 }, "value", 6, 22],
                    [{ "frame": 0.9583333333333334 }, "value", 6, 23],
                    [{ "frame": 1 }, "value", 6, 24],
                    [{ "frame": 1.0416666666666667 }, "value", 6, 25],
                    [{ "frame": 1.0833333333333333 }, "value", 6, 26],
                    [{ "frame": 1.125 }, "value", 6, 27],
                    [{ "frame": 1.1666666666666667 }, "value", 6, 28],
                    [{ "frame": 1.2083333333333333 }, "value", 6, 29],
                    [{ "frame": 1.25 }, "value", 6, 30],
                    [{ "frame": 1.2916666666666667 }, "value", 6, 31],
                    [{ "frame": 1.3333333333333333 }, "value", 6, 32],
                    [{ "frame": 1.375 }, "value", 6, 33],
                    [{ "frame": 1.4166666666666667 }, "value", 6, 34],
                    [{ "frame": 1.4583333333333333 }, "value", 6, 35],
                    [{ "frame": 1.5 }, "value", 6, 36],
                    [{ "frame": 1.5416666666666667 }, "value", 6, 37],
                    [{ "frame": 1.5833333333333333 }, "value", 6, 38],
                    [{ "frame": 1.625 }, "value", 6, 39],
                    [{ "frame": 1.6666666666666667 }, "value", 6, 40],
                    [{ "frame": 1.7083333333333333 }, "value", 6, 41],
                    [{ "frame": 1.75 }, "value", 6, 42],
                    [{ "frame": 1.7916666666666667 }, "value", 6, 43],
                    [{ "frame": 1.8333333333333333 }, "value", 6, 44],
                    [{ "frame": 1.875 }, "value", 6, 45],
                    [{ "frame": 1.9166666666666667 }, "value", 6, 46]
                  ],
                  11,
                  11,
                  11,
                  11,
                  11,
                  11,
                  11,
                  11,
                  11,
                  11,
                  11,
                  11,
                  11,
                  11,
                  11,
                  11,
                  11,
                  11,
                  11,
                  11,
                  11,
                  11,
                  11,
                  11,
                  11,
                  11,
                  11,
                  11,
                  11,
                  11,
                  11,
                  11,
                  11,
                  11,
                  11,
                  11,
                  11,
                  11,
                  11,
                  11,
                  11,
                  11,
                  11,
                  11,
                  11,
                  11,
                  11
                ]
              ]
            ]
          ]
        ]
      ],
      0,
      0,
      [
        0, 0, 0, 0, 0, 0, 0, 0, 0, 0, 0, 0, 0, 0, 0, 0, 0, 0, 0, 0, 0, 0, 0, 0,
        0, 0, 0, 0, 0, 0, 0, 0, 0, 0, 0, 0, 0, 0, 0, 0, 0, 0, 0, 0, 0, 0, 0
      ],
      [
        0, 0, 0, 0, 0, 0, 0, 0, 0, 0, 0, 0, 0, 0, 0, 0, 0, 0, 0, 0, 0, 0, 0, 0,
        0, 0, 0, 0, 0, 0, 0, 0, 0, 0, 0, 0, 0, 0, 0, 0, 0, 0, 0, 0, 0, 0, 0
      ],
      [
        67, 68, 69, 70, 71, 72, 73, 74, 75, 76, 77, 78, 79, 80, 81, 82, 83, 84,
        85, 86, 87, 88, 89, 90, 91, 92, 93, 94, 95, 96, 97, 98, 99, 100, 101,
        102, 103, 104, 105, 106, 107, 108, 109, 110, 111, 112, 113
      ]
    ],
    [
      [
        {
          "name": "bl_vfx_e_normal_13",
          "rect": [1015, 289, 378, 232],
          "offset": [0, -86],
          "originalSize": [378, 410],
          "capInsets": [0, 0, 0, 0]
        }
      ],
      [0],
      0,
      [0],
      [1],
      [1]
    ],
    [
      [
        {
          "name": "bl_vfx_e_add_09",
          "rect": [903, 1075, 368, 204],
          "offset": [5, -101],
          "originalSize": [378, 410],
          "rotated": 1,
          "capInsets": [0, 0, 0, 0]
        }
      ],
      [0],
      0,
      [0],
      [1],
      [0]
    ],
    [
      [
        {
          "name": "bl_vfx_e_normal_33",
          "rect": [1465, 995, 238, 234],
          "offset": [41, -59],
          "originalSize": [378, 410],
          "rotated": 1,
          "capInsets": [0, 0, 0, 0]
        }
      ],
      [0],
      0,
      [0],
      [1],
      [1]
    ],
    [
      [
        {
          "name": "bl_vfx_e_normal_23",
          "rect": [681, 1, 332, 342],
          "offset": [-20, -15],
          "originalSize": [378, 410],
          "capInsets": [0, 0, 0, 0]
        }
      ],
      [0],
      0,
      [0],
      [1],
      [1]
    ],
    [
      [
        {
          "name": "bl_vfx_e_normal_03",
          "rect": [1, 1467, 146, 78],
          "offset": [2, -164],
          "originalSize": [378, 410],
          "capInsets": [0, 0, 0, 0]
        }
      ],
      [0],
      0,
      [0],
      [1],
      [1]
    ],
    [
      [
        {
          "name": "bl_vfx_e_normal_21",
          "rect": [679, 637, 328, 316],
          "offset": [-16, -29],
          "originalSize": [378, 410],
          "capInsets": [0, 0, 0, 0]
        }
      ],
      [0],
      0,
      [0],
      [1],
      [1]
    ],
    [
      [
        {
          "name": "bl_vfx_e_add_06",
          "rect": [1311, 993, 298, 160],
          "offset": [7, -123],
          "originalSize": [378, 410],
          "capInsets": [0, 0, 0, 0]
        }
      ],
      [0],
      0,
      [0],
      [1],
      [0]
    ],
    [
      [
        {
          "name": "bl_vfx_e_normal_18",
          "rect": [681, 345, 332, 290],
          "offset": [-23, -45],
          "originalSize": [378, 410],
          "capInsets": [0, 0, 0, 0]
        }
      ],
      [0],
      0,
      [0],
      [1],
      [1]
    ],
    [
      [
        {
          "name": "bl_vfx_e_add_16",
          "rect": [603, 1135, 378, 298],
          "offset": [0, -47],
          "originalSize": [378, 410],
          "rotated": 1,
          "capInsets": [0, 0, 0, 0]
        }
      ],
      [0],
      0,
      [0],
      [1],
      [0]
    ],
    [
      [
        {
          "name": "bl_vfx_e_add_17",
          "rect": [1445, 1, 378, 306],
          "offset": [0, -43],
          "originalSize": [378, 410],
          "rotated": 1,
          "capInsets": [0, 0, 0, 0]
        }
      ],
      [0],
      0,
      [0],
      [1],
      [0]
    ],
    [
      [
        {
          "name": "bl_vfx_e_add_33",
          "rect": [1119, 1419, 262, 256],
          "offset": [35, -51],
          "originalSize": [378, 410],
          "capInsets": [0, 0, 0, 0]
        }
      ],
      [0],
      0,
      [0],
      [1],
      [0]
    ],
    [
      [
        [
          0,
          "bl_vfx_e_add",
          1.6666666666666667,
          24,
          [
            {},
            "comps",
            11,
            [
              {},
              "cc.Sprite",
              11,
              [
                {},
                "spriteFrame",
                12,
                [
                  [
                    [{ "frame": 0 }, "value", 6, 0],
                    [{ "frame": 0.041666666666666664 }, "value", 6, 1],
                    [{ "frame": 0.08333333333333333 }, "value", 6, 2],
                    [{ "frame": 0.125 }, "value", 6, 3],
                    [{ "frame": 0.16666666666666666 }, "value", 6, 4],
                    [{ "frame": 0.20833333333333334 }, "value", 6, 5],
                    [{ "frame": 0.25 }, "value", 6, 6],
                    [{ "frame": 0.2916666666666667 }, "value", 6, 7],
                    [{ "frame": 0.3333333333333333 }, "value", 6, 8],
                    [{ "frame": 0.375 }, "value", 6, 9],
                    [{ "frame": 0.4166666666666667 }, "value", 6, 10],
                    [{ "frame": 0.4583333333333333 }, "value", 6, 11],
                    [{ "frame": 0.5 }, "value", 6, 12],
                    [{ "frame": 0.5416666666666666 }, "value", 6, 13],
                    [{ "frame": 0.5833333333333334 }, "value", 6, 14],
                    [{ "frame": 0.625 }, "value", 6, 15],
                    [{ "frame": 0.6666666666666666 }, "value", 6, 16],
                    [{ "frame": 0.7083333333333334 }, "value", 6, 17],
                    [{ "frame": 0.75 }, "value", 6, 18],
                    [{ "frame": 0.7916666666666666 }, "value", 6, 19],
                    [{ "frame": 0.8333333333333334 }, "value", 6, 20],
                    [{ "frame": 0.875 }, "value", 6, 21],
                    [{ "frame": 0.9166666666666666 }, "value", 6, 22],
                    [{ "frame": 0.9583333333333334 }, "value", 6, 23],
                    [{ "frame": 1 }, "value", 6, 24],
                    [{ "frame": 1.0416666666666667 }, "value", 6, 25],
                    [{ "frame": 1.0833333333333333 }, "value", 6, 26],
                    [{ "frame": 1.125 }, "value", 6, 27],
                    [{ "frame": 1.1666666666666667 }, "value", 6, 28],
                    [{ "frame": 1.2083333333333333 }, "value", 6, 29],
                    [{ "frame": 1.25 }, "value", 6, 30],
                    [{ "frame": 1.2916666666666667 }, "value", 6, 31],
                    [{ "frame": 1.3333333333333333 }, "value", 6, 32],
                    [{ "frame": 1.375 }, "value", 6, 33],
                    [{ "frame": 1.4166666666666667 }, "value", 6, 34],
                    [{ "frame": 1.4583333333333333 }, "value", 6, 35],
                    [{ "frame": 1.5 }, "value", 6, 36],
                    [{ "frame": 1.5416666666666667 }, "value", 6, 37],
                    [{ "frame": 1.5833333333333333 }, "value", 6, 38],
                    [{ "frame": 1.625 }, "value", 6, 39]
                  ],
                  11,
                  11,
                  11,
                  11,
                  11,
                  11,
                  11,
                  11,
                  11,
                  11,
                  11,
                  11,
                  11,
                  11,
                  11,
                  11,
                  11,
                  11,
                  11,
                  11,
                  11,
                  11,
                  11,
                  11,
                  11,
                  11,
                  11,
                  11,
                  11,
                  11,
                  11,
                  11,
                  11,
                  11,
                  11,
                  11,
                  11,
                  11,
                  11,
                  11
                ]
              ]
            ]
          ]
        ]
      ],
      0,
      0,
      [
        0, 0, 0, 0, 0, 0, 0, 0, 0, 0, 0, 0, 0, 0, 0, 0, 0, 0, 0, 0, 0, 0, 0, 0,
        0, 0, 0, 0, 0, 0, 0, 0, 0, 0, 0, 0, 0, 0, 0, 0
      ],
      [
        0, 0, 0, 0, 0, 0, 0, 0, 0, 0, 0, 0, 0, 0, 0, 0, 0, 0, 0, 0, 0, 0, 0, 0,
        0, 0, 0, 0, 0, 0, 0, 0, 0, 0, 0, 0, 0, 0, 0, 0
      ],
      [
        114, 115, 116, 117, 118, 119, 120, 121, 122, 123, 124, 125, 126, 127,
        128, 129, 130, 131, 132, 133, 134, 135, 136, 137, 138, 139, 140, 141,
        142, 143, 144, 145, 146, 147, 148, 149, 150, 151, 152, 153
      ]
    ],
    [
      [
        {
          "name": "bl_vfx_e_normal_25",
          "rect": [1, 1, 340, 356],
          "offset": [-19, -6],
          "originalSize": [378, 410],
          "capInsets": [0, 0, 0, 0]
        }
      ],
      [0],
      0,
      [0],
      [1],
      [1]
    ],
    [
      [
        {
          "name": "bl_vfx_e_normal_01",
          "rect": [1489, 1505, 52, 32],
          "offset": [-1, -187],
          "originalSize": [378, 410],
          "capInsets": [0, 0, 0, 0]
        }
      ],
      [0],
      0,
      [0],
      [1],
      [1]
    ],
    [
      [
        {
          "name": "bl_vfx_e_add_32",
          "rect": [1109, 1155, 272, 262],
          "offset": [37, -53],
          "originalSize": [378, 410],
          "capInsets": [0, 0, 0, 0]
        }
      ],
      [0],
      0,
      [0],
      [1],
      [0]
    ],
    [
      [
        {
          "name": "bl_vfx_e_add_28",
          "rect": [1177, 363, 354, 256],
          "offset": [0, -61],
          "originalSize": [378, 410],
          "rotated": 1,
          "capInsets": [0, 0, 0, 0]
        }
      ],
      [0],
      0,
      [0],
      [1],
      [0]
    ],
    [
      [
        {
          "name": "bl_vfx_d_screen",
          "rect": [1, 1, 505, 506],
          "offset": [0, 0],
          "originalSize": [505, 506],
          "capInsets": [0, 0, 0, 0]
        }
      ],
      [0],
      0,
      [0],
      [1],
      [2]
    ],
    [
      [
        {
          "name": "bl_vfx_e_normal_34",
          "rect": [1637, 759, 238, 234],
          "offset": [42, -58],
          "originalSize": [378, 410],
          "capInsets": [0, 0, 0, 0]
        }
      ],
      [0],
      0,
      [0],
      [1],
      [1]
    ],
    [
      [
        {
          "name": "bl_vfx_e_add_19",
          "rect": [849, 369, 354, 326],
          "offset": [-12, -33],
          "originalSize": [378, 410],
          "rotated": 1,
          "capInsets": [0, 0, 0, 0]
        }
      ],
      [0],
      0,
      [0],
      [1],
      [0]
    ],
    [
      [
        {
          "name": "bl_vfx_e_add_15",
          "rect": [587, 755, 378, 286],
          "offset": [0, -56],
          "originalSize": [378, 410],
          "rotated": 1,
          "capInsets": [0, 0, 0, 0]
        }
      ],
      [0],
      0,
      [0],
      [1],
      [0]
    ],
    [
      [
        {
          "name": "bl_vfx_e_add_29",
          "rect": [875, 725, 348, 260],
          "offset": [5, -59],
          "originalSize": [378, 410],
          "rotated": 1,
          "capInsets": [0, 0, 0, 0]
        }
      ],
      [0],
      0,
      [0],
      [1],
      [0]
    ],
    [
      [
        {
          "name": "bl_vfx_e_add_01",
          "rect": [167, 1825, 80, 38],
          "offset": [0, -181],
          "originalSize": [378, 410],
          "capInsets": [0, 0, 0, 0]
        }
      ],
      [0],
      0,
      [0],
      [1],
      [0]
    ],
    [
      [
        {
          "name": "bl_vfx_e_normal_04",
          "rect": [1771, 535, 182, 100],
          "offset": [4, -153],
          "originalSize": [378, 410],
          "rotated": 1,
          "capInsets": [0, 0, 0, 0]
        }
      ],
      [0],
      0,
      [0],
      [1],
      [1]
    ],
    [
      [
        {
          "name": "bl_vfx_e_add_36",
          "rect": [1119, 1677, 238, 214],
          "offset": [39, -36],
          "originalSize": [378, 410],
          "capInsets": [0, 0, 0, 0]
        }
      ],
      [0],
      0,
      [0],
      [1],
      [0]
    ],
    [
      [
        {
          "name": "bl_vfx_e_normal_00",
          "rect": [323, 359, 3, 3],
          "offset": [-187.5, 203.5],
          "originalSize": [378, 410],
          "capInsets": [0, 0, 0, 0]
        }
      ],
      [0],
      0,
      [0],
      [1],
      [1]
    ]
  ]
]
