[
  1,
  [
    "abmSMCeWFBb5vvbN1powx+",
    "ecpdLyjvZBwrvm+cedCcQy",
    "4bOjdcLyJPmaulq8JYyjUV"
  ],
  ["_textureSetter", "root", "node", "data", "_spriteFrame"],
  [
    [
      "cc.Node",
      [
        "_name",
        "_prefab",
        "_children",
        "_parent",
        "_components",
        "_contentSize",
        "_trs"
      ],
      2,
      4,
      2,
      1,
      9,
      5,
      7
    ],
    ["cc.PrefabInfo", ["fileId", "root", "asset"], 2, 1, 1],
    "cc.SpriteFrame",
    ["cc.Prefab", ["_name"], 2],
    [
      "cc.Sprite",
      ["_sizeMode", "_isTrimmedMode", "node", "_materials", "_spriteFrame"],
      1,
      1,
      3,
      6
    ]
  ],
  [
    [1, 0, 1, 2, 2],
    [3, 0, 2],
    [0, 0, 2, 1, 2],
    [0, 0, 3, 2, 1, 2],
    [0, 0, 3, 4, 1, 5, 6, 2],
    [1, 1, 2, 1],
    [4, 0, 1, 2, 3, 4, 3]
  ],
  [
    [
      [
        {
          "name": "ui_01",
          "rect": [1, 1, 756, 1638],
          "offset": [0, 0],
          "originalSize": [756, 1638],
          "rotated": 1,
          "capInsets": [0, 0, 0, 0]
        }
      ],
      [2],
      0,
      [0],
      [0],
      [0]
    ],
    [
      [
        [1, "main_ui_controller"],
        [2, "main_ui_controller", [-2], [5, -1, 0]],
        [3, "main_ui_holder", 1, [-3], [0, "e9PaSHFORFc4ONx5W+Jqdt", 1, 0]],
        [
          4,
          "ui_01",
          2,
          [[6, 2, false, -4, [0], 1]],
          [0, "21Mt4hXlZFJ6bp1S11kSyj", 1, 0],
          [5, 756, 1638],
          [0, 0, 0, 0, 0, 0, 1, 1.43, 1.43, 1]
        ]
      ],
      0,
      [0, 1, 1, 0, -1, 2, 0, -1, 3, 0, 2, 3, 0, 3, 1, 4],
      [0, 0],
      [-1, 4],
      [1, 2]
    ]
  ]
]
