[
  1,
  [
    "bbrQON1W9MBaLEDfjfmF2X",
    "ecpdLyjvZBwrvm+cedCcQy",
    "abmSMCeWFBb5vvbN1powx+",
    "7dAxA7TulAOb2xZiw6hw39",
    "11eWmUtfZAbZBcthcY4lxg",
    "65vS6TXFtMVJ+RkYQGWGEZ",
    "35umqYuklBJJYC/i/435qE",
    "f6zE3/8TZE3rASgt4hv97O",
    "6aI6qqSmxCVq2B1ge8iZtW",
    "cdfMtBnoBJTJIcu5gUvHSQ",
    "7bzK+AEd5JEJx+/fenxjbn",
    "f1e2wzEO1Po6t+vwt5GvY0",
    "eeCyTwlYNA04MhVRg0BpYR",
    "4blDSPYvxB1YkzXou8PJW1",
    "fdw1WPZTNM/KMQj7i+miLs",
    "21sG9pFgtJNIQkmUaZdUve",
    "1esI5NQD1PQKiBofn8QuKC",
    "94koHnL4BOKotEmc9295oC",
    "e4Ml41lTZCTKlyL6cLbP1g",
    "e8QMy9fwxNsLRFVv0FcxNz",
    "70vXCHA3NJDLDszKUW8w3s",
    "f3/2q2EbxGypKyN5G4yNj5",
    "2cIPuEzE5AapB75Ulj3fkv",
    "45B1Zu8GdN3Y7h7MJs7iIQ",
    "0cNG6X1wpDT60FqHwHEwv3",
    "0bhxFsudxPh5wYTUEi7gV3",
    "baiDRrV05LQYdywk1+FR4c",
    "59FxCXMsNPDKycFqstvIfB",
    "a2/VtZefdJFo+dQzWRqVOF",
    "4byseQlGROtZfRzickGgSY",
    "0fx0LVOwpAYKcB1FHJx9Ik",
    "9ajx+oCp5PepFs8D+XVtzm",
    "42ZqRQ47NLNaMwmu9AZCSM",
    "64pGSPcipLIopa+In4OQ6I",
    "c427iZzlhLfYl4EsAIMtfD",
    "6c13k5nX5M67T9i3DYmYmP",
    "65AW7qEQBFiaoBpAiLUbmq",
    "80ywGgDj1CgbwR4vaKrZS+",
    "54pkXx+YhJdaJtvVpAzgI1",
    "74rmPy9+BIcqHznYgFIz/a",
    "62RDEh9WtBy4EvJYY/WMHy",
    "84rF3wa8FAcKIAJADol2gY",
    "8aLHTYQ51GqbM+5bsr1KAv",
    "f1dOUd63hJ84tZD6SXiV3/",
    "120cz1C/VLZINAOFwiSKdP",
    "4d3h00fvZOza/csP1gH179",
    "2eWYEgRMpLsop2DzzQKSQi",
    "0fLhZklfVJLqs6ZWQ7Apl6",
    "37B0TpVnZCmILUhZzBtrvU",
    "25i5HG6WtMKahUxYjthv/p",
    "b9NOiMFJdJtIgWPs+rpTlJ",
    "b8BVzjDb1GQ6P7cZMy6iuz"
  ],
  [
    "_textureSetter",
    "value",
    "node",
    "_spriteFrame",
    "_defaultClip",
    "root",
    "data"
  ],
  [
    "cc.SpriteFrame",
    [
      "cc.Node",
      [
        "_name",
        "_components",
        "_prefab",
        "_children",
        "_parent",
        "_contentSize",
        "_trs"
      ],
      2,
      9,
      4,
      2,
      1,
      5,
      7
    ],
    ["cc.PrefabInfo", ["fileId", "root", "asset"], 2, 1, 1],
    [
      "cc.Sprite",
      [
        "_sizeMode",
        "_isTrimmedMode",
        "_srcBlendFactor",
        "_dstBlendFactor",
        "node",
        "_materials",
        "_spriteFrame"
      ],
      -1,
      1,
      3,
      6
    ],
    [
      "cc.AnimationClip",
      ["_name", "_duration", "sample", "wrapMode", "curveData"],
      -1,
      11
    ],
    ["cc.Prefab", ["_name"], 2],
    [
      "cc.Animation",
      ["playOnLoad", "node", "_clips", "_defaultClip"],
      2,
      1,
      3,
      6
    ]
  ],
  [
    [1, 0, 4, 1, 2, 5, 6, 2],
    [2, 0, 1, 2, 2],
    [3, 2, 3, 0, 1, 4, 5, 6, 5],
    [6, 0, 1, 2, 3, 2],
    [4, 0, 1, 2, 3, 4, 5],
    [5, 0, 2],
    [1, 0, 3, 1, 2, 2],
    [2, 1, 2, 1],
    [3, 0, 1, 4, 5, 6, 3]
  ],
  [
    [
      [
        {
          "name": "ui_vfx_a_screen_06_18",
          "rect": [1281, 715, 420, 140],
          "offset": [0, 20],
          "originalSize": [420, 180],
          "rotated": 1,
          "capInsets": [0, 0, 0, 0]
        }
      ],
      [0],
      0,
      [0],
      [0],
      [0]
    ],
    [
      [
        {
          "name": "ui_vfx_a_screen_06_17",
          "rect": [1139, 717, 420, 140],
          "offset": [0, 20],
          "originalSize": [420, 180],
          "rotated": 1,
          "capInsets": [0, 0, 0, 0]
        }
      ],
      [0],
      0,
      [0],
      [0],
      [0]
    ],
    [
      [
        {
          "name": "ui_vfx_a_screen_06_23",
          "rect": [423, 145, 420, 142],
          "offset": [0, 19],
          "originalSize": [420, 180],
          "capInsets": [0, 0, 0, 0]
        }
      ],
      [0],
      0,
      [0],
      [0],
      [0]
    ],
    [
      [
        {
          "name": "ui_vfx_a_screen_02",
          "rect": [543, 1017, 540, 163],
          "offset": [0, 0],
          "originalSize": [540, 163],
          "capInsets": [0, 0, 0, 0]
        }
      ],
      [0],
      0,
      [0],
      [0],
      [2]
    ],
    [
      [
        {
          "name": "ui_vfx_a_screen_06_09",
          "rect": [1831, 1, 420, 140],
          "offset": [0, 20],
          "originalSize": [420, 180],
          "rotated": 1,
          "capInsets": [0, 0, 0, 0]
        }
      ],
      [0],
      0,
      [0],
      [0],
      [0]
    ],
    [
      [
        {
          "name": "ui_vfx_a_screen_06_08",
          "rect": [1267, 431, 420, 140],
          "offset": [0, 20],
          "originalSize": [420, 180],
          "capInsets": [0, 0, 0, 0]
        }
      ],
      [0],
      0,
      [0],
      [0],
      [0]
    ],
    [
      [
        {
          "name": "ui_vfx_a_screen_06_15",
          "rect": [855, 717, 420, 140],
          "offset": [0, 20],
          "originalSize": [420, 180],
          "rotated": 1,
          "capInsets": [0, 0, 0, 0]
        }
      ],
      [0],
      0,
      [0],
      [0],
      [0]
    ],
    [
      [
        {
          "name": "ui_vfx_a_screen_04",
          "rect": [1085, 759, 350, 350],
          "offset": [0, 0],
          "originalSize": [350, 350],
          "capInsets": [0, 0, 0, 0]
        }
      ],
      [0],
      0,
      [0],
      [0],
      [2]
    ],
    [
      [
        [
          4,
          "ui_vfx_a_06_loop",
          1.4583333333333333,
          24,
          2,
          [
            {},
            "comps",
            11,
            [
              {},
              "cc.Sprite",
              11,
              [
                {},
                "spriteFrame",
                12,
                [
                  [
                    [{ "frame": 0 }, "value", 6, 0],
                    [{ "frame": 0.041666666666666664 }, "value", 6, 1],
                    [{ "frame": 0.08333333333333333 }, "value", 6, 2],
                    [{ "frame": 0.125 }, "value", 6, 3],
                    [{ "frame": 0.16666666666666666 }, "value", 6, 4],
                    [{ "frame": 0.20833333333333334 }, "value", 6, 5],
                    [{ "frame": 0.25 }, "value", 6, 6],
                    [{ "frame": 0.2916666666666667 }, "value", 6, 7],
                    [{ "frame": 0.3333333333333333 }, "value", 6, 8],
                    [{ "frame": 0.375 }, "value", 6, 9],
                    [{ "frame": 0.4166666666666667 }, "value", 6, 10],
                    [{ "frame": 0.4583333333333333 }, "value", 6, 11],
                    [{ "frame": 0.5 }, "value", 6, 12],
                    [{ "frame": 0.5416666666666666 }, "value", 6, 13],
                    [{ "frame": 0.5833333333333334 }, "value", 6, 14],
                    [{ "frame": 0.625 }, "value", 6, 15],
                    [{ "frame": 0.6666666666666666 }, "value", 6, 16],
                    [{ "frame": 0.7083333333333334 }, "value", 6, 17],
                    [{ "frame": 0.75 }, "value", 6, 18],
                    [{ "frame": 0.7916666666666666 }, "value", 6, 19],
                    [{ "frame": 0.8333333333333334 }, "value", 6, 20],
                    [{ "frame": 0.875 }, "value", 6, 21],
                    [{ "frame": 0.9166666666666666 }, "value", 6, 22],
                    [{ "frame": 0.9583333333333334 }, "value", 6, 23],
                    [{ "frame": 1 }, "value", 6, 24],
                    [{ "frame": 1.0416666666666667 }, "value", 6, 25],
                    [{ "frame": 1.0833333333333333 }, "value", 6, 26],
                    [{ "frame": 1.125 }, "value", 6, 27],
                    [{ "frame": 1.1666666666666667 }, "value", 6, 28],
                    [{ "frame": 1.2083333333333333 }, "value", 6, 29],
                    [{ "frame": 1.25 }, "value", 6, 30],
                    [{ "frame": 1.2916666666666667 }, "value", 6, 31],
                    [{ "frame": 1.3333333333333333 }, "value", 6, 32],
                    [{ "frame": 1.375 }, "value", 6, 33],
                    [{ "frame": 1.4166666666666667 }, "value", 6, 34]
                  ],
                  11,
                  11,
                  11,
                  11,
                  11,
                  11,
                  11,
                  11,
                  11,
                  11,
                  11,
                  11,
                  11,
                  11,
                  11,
                  11,
                  11,
                  11,
                  11,
                  11,
                  11,
                  11,
                  11,
                  11,
                  11,
                  11,
                  11,
                  11,
                  11,
                  11,
                  11,
                  11,
                  11,
                  11,
                  11
                ]
              ]
            ]
          ]
        ]
      ],
      0,
      0,
      [
        0, 0, 0, 0, 0, 0, 0, 0, 0, 0, 0, 0, 0, 0, 0, 0, 0, 0, 0, 0, 0, 0, 0, 0,
        0, 0, 0, 0, 0, 0, 0, 0, 0, 0, 0
      ],
      [
        1, 1, 1, 1, 1, 1, 1, 1, 1, 1, 1, 1, 1, 1, 1, 1, 1, 1, 1, 1, 1, 1, 1, 1,
        1, 1, 1, 1, 1, 1, 1, 1, 1, 1, 1
      ],
      [
        3, 8, 9, 10, 11, 12, 13, 14, 15, 16, 17, 18, 19, 20, 21, 22, 23, 24, 25,
        26, 27, 28, 29, 30, 31, 32, 33, 34, 35, 36, 37, 38, 39, 40, 41
      ]
    ],
    [
      [
        {
          "name": "ui_vfx_a_screen_06_25",
          "rect": [1, 433, 420, 142],
          "offset": [0, 19],
          "originalSize": [420, 180],
          "capInsets": [0, 0, 0, 0]
        }
      ],
      [0],
      0,
      [0],
      [0],
      [0]
    ],
    [
      [
        {
          "name": "ui_vfx_a_screen_06_16",
          "rect": [997, 717, 420, 140],
          "offset": [0, 20],
          "originalSize": [420, 180],
          "rotated": 1,
          "capInsets": [0, 0, 0, 0]
        }
      ],
      [0],
      0,
      [0],
      [0],
      [0]
    ],
    [
      [
        {
          "name": "ui_vfx_a_screen_06_06",
          "rect": [423, 575, 420, 140],
          "offset": [0, 20],
          "originalSize": [420, 180],
          "capInsets": [0, 0, 0, 0]
        }
      ],
      [0],
      0,
      [0],
      [0],
      [0]
    ],
    [
      [
        {
          "name": "ui_vfx_a_screen_06_22",
          "rect": [1, 289, 420, 142],
          "offset": [0, 19],
          "originalSize": [420, 180],
          "capInsets": [0, 0, 0, 0]
        }
      ],
      [0],
      0,
      [0],
      [0],
      [0]
    ],
    [
      [
        {
          "name": "ui_vfx_a_normal_03",
          "rect": [695, 228, 14, 24],
          "offset": [0, 0],
          "originalSize": [14, 24],
          "capInsets": [0, 0, 0, 0]
        }
      ],
      [0],
      0,
      [0],
      [0],
      [42]
    ],
    [
      [
        {
          "name": "ui_vfx_a_screen_06_31",
          "rect": [145, 721, 420, 142],
          "offset": [0, 19],
          "originalSize": [420, 180],
          "rotated": 1,
          "capInsets": [0, 0, 0, 0]
        }
      ],
      [0],
      0,
      [0],
      [0],
      [0]
    ],
    [
      [
        {
          "name": "ui_vfx_a_screen_06_20",
          "rect": [1565, 715, 420, 140],
          "offset": [0, 20],
          "originalSize": [420, 180],
          "rotated": 1,
          "capInsets": [0, 0, 0, 0]
        }
      ],
      [0],
      0,
      [0],
      [0],
      [0]
    ],
    [
      [
        {
          "name": "ui_vfx_a_screen_06_33",
          "rect": [845, 289, 420, 142],
          "offset": [0, 19],
          "originalSize": [420, 180],
          "capInsets": [0, 0, 0, 0]
        }
      ],
      [0],
      0,
      [0],
      [0],
      [0]
    ],
    [
      [
        {
          "name": "ui_vfx_a_screen_06_26",
          "rect": [423, 289, 420, 142],
          "offset": [0, 19],
          "originalSize": [420, 180],
          "capInsets": [0, 0, 0, 0]
        }
      ],
      [0],
      0,
      [0],
      [0],
      [0]
    ],
    [
      [
        {
          "name": "ui_vfx_a_screen_06_29",
          "rect": [1, 577, 420, 142],
          "offset": [0, 19],
          "originalSize": [420, 180],
          "capInsets": [0, 0, 0, 0]
        }
      ],
      [0],
      0,
      [0],
      [0],
      [0]
    ],
    [
      [
        {
          "name": "ui_vfx_a_screen_06_01",
          "rect": [1, 145, 420, 142],
          "offset": [0, 19],
          "originalSize": [420, 180],
          "capInsets": [0, 0, 0, 0]
        }
      ],
      [0],
      0,
      [0],
      [0],
      [0]
    ],
    [
      [
        {
          "name": "ui_vfx_a_screen_06_28",
          "rect": [1267, 1, 420, 142],
          "offset": [0, 19],
          "originalSize": [420, 180],
          "capInsets": [0, 0, 0, 0]
        }
      ],
      [0],
      0,
      [0],
      [0],
      [0]
    ],
    [
      [
        {
          "name": "ui_vfx_a_screen_06_13",
          "rect": [433, 859, 420, 140],
          "offset": [0, 20],
          "originalSize": [420, 180],
          "capInsets": [0, 0, 0, 0]
        }
      ],
      [0],
      0,
      [0],
      [0],
      [0]
    ],
    [
      [
        {
          "name": "ui_vfx_a_screen_06_32",
          "rect": [289, 721, 420, 142],
          "offset": [0, 19],
          "originalSize": [420, 180],
          "rotated": 1,
          "capInsets": [0, 0, 0, 0]
        }
      ],
      [0],
      0,
      [0],
      [0],
      [0]
    ],
    [
      [
        {
          "name": "ui_vfx_a_screen_06_03",
          "rect": [423, 433, 420, 140],
          "offset": [0, 20],
          "originalSize": [420, 180],
          "capInsets": [0, 0, 0, 0]
        }
      ],
      [0],
      0,
      [0],
      [0],
      [0]
    ],
    [
      [
        {
          "name": "ui_vfx_a_screen_06_00",
          "rect": [1, 1, 420, 142],
          "offset": [0, 19],
          "originalSize": [420, 180],
          "capInsets": [0, 0, 0, 0]
        }
      ],
      [0],
      0,
      [0],
      [0],
      [0]
    ],
    [
      [
        {
          "name": "ui_vfx_a_screen_06_30",
          "rect": [1, 721, 420, 142],
          "offset": [0, 19],
          "originalSize": [420, 180],
          "rotated": 1,
          "capInsets": [0, 0, 0, 0]
        }
      ],
      [0],
      0,
      [0],
      [0],
      [0]
    ],
    [
      [
        {
          "name": "ui_vfx_a_screen_06_34",
          "rect": [1267, 145, 420, 142],
          "offset": [0, 19],
          "originalSize": [420, 180],
          "capInsets": [0, 0, 0, 0]
        }
      ],
      [0],
      0,
      [0],
      [0],
      [0]
    ],
    [
      [
        {
          "name": "ui_vfx_a_screen_06_10",
          "rect": [845, 575, 420, 140],
          "offset": [0, 20],
          "originalSize": [420, 180],
          "capInsets": [0, 0, 0, 0]
        }
      ],
      [0],
      0,
      [0],
      [0],
      [0]
    ],
    [
      [
        {
          "name": "ui_vfx_a_screen_06_24",
          "rect": [845, 1, 420, 142],
          "offset": [0, 19],
          "originalSize": [420, 180],
          "capInsets": [0, 0, 0, 0]
        }
      ],
      [0],
      0,
      [0],
      [0],
      [0]
    ],
    [
      [
        {
          "name": "ui_vfx_a_screen_06_21",
          "rect": [1707, 423, 420, 140],
          "offset": [0, 20],
          "originalSize": [420, 180],
          "rotated": 1,
          "capInsets": [0, 0, 0, 0]
        }
      ],
      [0],
      0,
      [0],
      [0],
      [0]
    ],
    [
      [
        [5, "main_ambient_bg_controller"],
        [
          6,
          "main_ambient_bg_controller",
          [-3, -4, -5, -6, -7, -8, -9, -10, -11, -12],
          [[3, true, -2, [27], 26]],
          [7, -1, 0]
        ],
        [
          0,
          "bns_vfx_a_screen_06",
          1,
          [
            [2, 1, 769, 2, false, -13, [10], 11],
            [3, true, -14, [13], 12]
          ],
          [1, "52TRJtYQpMGqtTbHOiTnPt", 1, 0],
          [5, 540, 93],
          [0, -243, 0, 0, 0, 0, 1, 2, 2, 1]
        ],
        [
          0,
          "ui_vfx_a_screen_09",
          1,
          [
            [2, 1, 769, 2, false, -15, [14], 15],
            [3, true, -16, [17], 16]
          ],
          [1, "7bxJJ6779JJ4telSVxHQWZ", 1, 0],
          [5, 540, 135],
          [0, -243, 0, 0, 0, 0, 1, 2, 2, 2]
        ],
        [
          0,
          "ui_vfx_a_screen_06",
          1,
          [
            [2, 1, 769, 2, false, -17, [20], 21],
            [3, true, -18, [23], 22]
          ],
          [1, "1eHQUWHl9P5ZimaAQ1LQNJ", 1, 0],
          [5, 420, 180],
          [0, 993, 0, 0, 0, 0, 1, 2, 2, 1]
        ],
        [
          0,
          "ui_vfx_a_screen_01",
          1,
          [[2, 1, 769, 2, false, -19, [0], 1]],
          [1, "80wFHLpLBHhY7JOHkl793g", 1, 0],
          [5, 540, 256],
          [0, -250, 0, 0, 0, 0, 1, 2, 2, 1]
        ],
        [
          0,
          "ui_vfx_a_screen_02",
          1,
          [[2, 1, 769, 2, false, -20, [2], 3]],
          [1, "d7YcG71sdHEbhEeew3g/zS", 1, 0],
          [5, 540, 163],
          [0, -375, 0, 0, 0, 0, 1, 2, 2, 1]
        ],
        [
          0,
          "ui_vfx_a_normal_03",
          1,
          [[8, 2, false, -21, [4], 5]],
          [1, "calBqFbNJKkbR8Ms5DBWMl", 1, 0],
          [5, 14, 24],
          [508, 983, 0, 0, 0, 0, 1, 2, 2, 1]
        ],
        [
          0,
          "ui_vfx_a_screen_04",
          1,
          [[2, 1, 769, 2, false, -22, [6], 7]],
          [1, "33Kb/QUDVPCL0qylTCa+Gw", 1, 0],
          [5, 350, 350],
          [180, 957, 0, 0, 0, 0, 1, 2, 2, 1]
        ],
        [
          0,
          "wh_vfx_b_add_04",
          1,
          [[2, 1, 769, 2, false, -23, [8], 9]],
          [1, "bespE4DKdLVbOb3L3rppMi", 1, 0],
          [5, 490, 490],
          [510, 983, 0, 0, 0, 0, 1, 0.5, 0.5, 1]
        ],
        [
          0,
          "ui_vfx_a_screen_05",
          1,
          [[2, 1, 769, 2, false, -24, [18], 19]],
          [1, "4dTue7IvVJHqLadnCEnVET", 1, 0],
          [5, 540, 256],
          [0, 994, 0, 0, 0, 0, 1, 2, 2, 1]
        ],
        [
          0,
          "ui_vfx_a_screen_07",
          1,
          [[2, 1, 769, 2, false, -25, [24], 25]],
          [1, "4621wUgaRLoLUBJI41j/pa", 1, 0],
          [5, 179, 232],
          [363, 935, 0, 0, 0, 0, 1, 2, 2, 1]
        ]
      ],
      0,
      [
        0, 5, 1, 0, 2, 1, 0, -1, 5, 0, -2, 6, 0, -3, 7, 0, -4, 8, 0, -5, 9, 0,
        -6, 2, 0, -7, 3, 0, -8, 10, 0, -9, 4, 0, -10, 11, 0, 2, 2, 0, 2, 2, 0,
        2, 3, 0, 2, 3, 0, 2, 4, 0, 2, 4, 0, 2, 5, 0, 2, 6, 0, 2, 7, 0, 2, 8, 0,
        2, 9, 0, 2, 10, 0, 2, 11, 0, 6, 1, 25
      ],
      [
        0, 0, 0, 0, 0, 0, 0, 0, 0, 0, 0, 0, 0, 0, 0, 0, 0, 0, 0, 0, 0, 0, 0, 0,
        0, 0, 0, 0
      ],
      [
        -1, 3, -1, 3, -1, 3, -1, 3, -1, 3, -1, 3, 4, -1, -1, 3, 4, -1, -1, 3,
        -1, 3, 4, -1, -1, 3, 4, -1
      ],
      [
        1, 43, 1, 44, 1, 45, 1, 46, 1, 47, 1, 48, 4, 4, 1, 49, 5, 5, 1, 50, 1,
        3, 6, 6, 1, 51, 7, 7
      ]
    ],
    [
      [
        {
          "name": "ui_vfx_a_screen_07",
          "rect": [1437, 759, 179, 232],
          "offset": [0, 0],
          "originalSize": [179, 232],
          "capInsets": [0, 0, 0, 0]
        }
      ],
      [0],
      0,
      [0],
      [0],
      [2]
    ],
    [
      [
        {
          "name": "ui_vfx_a_screen_05",
          "rect": [543, 759, 540, 256],
          "offset": [0, 0],
          "originalSize": [540, 256],
          "capInsets": [0, 0, 0, 0]
        }
      ],
      [0],
      0,
      [0],
      [0],
      [2]
    ],
    [
      [
        {
          "name": "ui_vfx_a_screen_06_19",
          "rect": [1423, 715, 420, 140],
          "offset": [0, 20],
          "originalSize": [420, 180],
          "rotated": 1,
          "capInsets": [0, 0, 0, 0]
        }
      ],
      [0],
      0,
      [0],
      [0],
      [0]
    ],
    [
      [
        {
          "name": "ui_vfx_a_screen_06_27",
          "rect": [845, 145, 420, 142],
          "offset": [0, 19],
          "originalSize": [420, 180],
          "capInsets": [0, 0, 0, 0]
        }
      ],
      [0],
      0,
      [0],
      [0],
      [0]
    ],
    [
      [
        {
          "name": "ui_vfx_a_screen_06_02",
          "rect": [423, 1, 420, 142],
          "offset": [0, 19],
          "originalSize": [420, 180],
          "capInsets": [0, 0, 0, 0]
        }
      ],
      [0],
      0,
      [0],
      [0],
      [0]
    ],
    [
      [
        {
          "name": "ui_vfx_a_screen_06_11",
          "rect": [1267, 573, 420, 140],
          "offset": [0, 20],
          "originalSize": [420, 180],
          "capInsets": [0, 0, 0, 0]
        }
      ],
      [0],
      0,
      [0],
      [0],
      [0]
    ],
    [
      [
        {
          "name": "ui_vfx_a_screen_06_12",
          "rect": [433, 717, 420, 140],
          "offset": [0, 20],
          "originalSize": [420, 180],
          "capInsets": [0, 0, 0, 0]
        }
      ],
      [0],
      0,
      [0],
      [0],
      [0]
    ],
    [
      [
        {
          "name": "ui_vfx_a_screen_06_05",
          "rect": [1689, 1, 420, 140],
          "offset": [0, 20],
          "originalSize": [420, 180],
          "rotated": 1,
          "capInsets": [0, 0, 0, 0]
        }
      ],
      [0],
      0,
      [0],
      [0],
      [0]
    ],
    [
      [
        {
          "name": "ui_vfx_a_screen_01",
          "rect": [1, 759, 540, 256],
          "offset": [0, 0],
          "originalSize": [540, 256],
          "capInsets": [0, 0, 0, 0]
        }
      ],
      [0],
      0,
      [0],
      [0],
      [2]
    ],
    [
      [
        {
          "name": "ui_vfx_a_screen_06_04",
          "rect": [1267, 289, 420, 140],
          "offset": [0, 20],
          "originalSize": [420, 180],
          "capInsets": [0, 0, 0, 0]
        }
      ],
      [0],
      0,
      [0],
      [0],
      [0]
    ],
    [
      [
        {
          "name": "ui_vfx_a_screen_06_14",
          "rect": [433, 1001, 420, 140],
          "offset": [0, 20],
          "originalSize": [420, 180],
          "capInsets": [0, 0, 0, 0]
        }
      ],
      [0],
      0,
      [0],
      [0],
      [0]
    ],
    [
      [
        [
          4,
          "ambient_main",
          5.166666666666667,
          24,
          2,
          [
            {},
            "paths",
            11,
            [
              {
                "ui_vfx_a_normal_03": {
                  "props": {
                    "opacity": [
                      { "frame": 0, "value": 255 },
                      { "frame": 0.25, "value": 221 },
                      { "frame": 0.375, "value": 51 },
                      { "frame": 0.5, "value": 0 },
                      { "frame": 0.875, "value": 138 },
                      { "frame": 1.0833333333333333, "value": 248 },
                      { "frame": 1.2083333333333333, "value": 0 },
                      { "frame": 1.5416666666666667, "value": 247 },
                      { "frame": 1.8333333333333333, "value": 100 },
                      { "frame": 2.0416666666666665, "value": 245 },
                      { "frame": 2.125, "value": 228 },
                      { "frame": 2.5416666666666665, "value": 82 },
                      { "frame": 2.7916666666666665, "value": 129 },
                      { "frame": 3.2916666666666665, "value": 255 },
                      { "frame": 3.5833333333333335, "value": 240 },
                      { "frame": 3.9583333333333335, "value": 0 },
                      { "frame": 4.541666666666667, "value": 138 },
                      { "frame": 5.125, "value": 247 }
                    ]
                  }
                }
              },
              "ui_vfx_a_screen_07",
              11,
              [
                {},
                "props",
                11,
                [
                  {},
                  "color",
                  12,
                  [
                    [
                      [{ "frame": 0 }, "value", 8, [4, 4294967295]],
                      [{ "frame": 0.25 }, "value", 8, [4, 4292730333]],
                      [{ "frame": 0.375 }, "value", 8, [4, 4281545523]],
                      [{ "frame": 0.5 }, "value", 8, [4, 4278190080]],
                      [{ "frame": 0.875 }, "value", 8, [4, 4287269514]],
                      [
                        { "frame": 1.0833333333333333 },
                        "value",
                        8,
                        [4, 4294506744]
                      ],
                      [
                        { "frame": 1.2083333333333333 },
                        "value",
                        8,
                        [4, 4278190080]
                      ],
                      [
                        { "frame": 1.5416666666666667 },
                        "value",
                        8,
                        [4, 4294440951]
                      ],
                      [
                        { "frame": 1.8333333333333333 },
                        "value",
                        8,
                        [4, 4284769380]
                      ],
                      [
                        { "frame": 2.0416666666666665 },
                        "value",
                        8,
                        [4, 4294309365]
                      ],
                      [{ "frame": 2.125 }, "value", 8, [4, 4293190884]],
                      [
                        { "frame": 2.5416666666666665 },
                        "value",
                        8,
                        [4, 4283585106]
                      ],
                      [
                        { "frame": 2.7916666666666665 },
                        "value",
                        8,
                        [4, 4286677377]
                      ],
                      [
                        { "frame": 3.2916666666666665 },
                        "value",
                        8,
                        [4, 4294967295]
                      ],
                      [
                        { "frame": 3.5833333333333335 },
                        "value",
                        8,
                        [4, 4293980400]
                      ],
                      [
                        { "frame": 3.9583333333333335 },
                        "value",
                        8,
                        [4, 4278190080]
                      ],
                      [
                        { "frame": 4.541666666666667 },
                        "value",
                        8,
                        [4, 4287269514]
                      ],
                      [{ "frame": 5.125 }, "value", 8, [4, 4294440951]]
                    ],
                    11,
                    11,
                    11,
                    11,
                    11,
                    11,
                    11,
                    11,
                    11,
                    11,
                    11,
                    11,
                    11,
                    11,
                    11,
                    11,
                    11,
                    11
                  ]
                ]
              ],
              "ui_vfx_a_screen_05",
              11,
              [
                {},
                "props",
                11,
                [
                  {},
                  "color",
                  12,
                  [
                    [
                      [{ "frame": 0 }, "value", 8, [4, 4294967295]],
                      [
                        { "frame": 0.4583333333333333 },
                        "value",
                        8,
                        [4, 4278190080]
                      ],
                      [
                        { "frame": 0.7083333333333334 },
                        "value",
                        8,
                        [4, 4294967295]
                      ],
                      [
                        { "frame": 0.9583333333333334 },
                        "value",
                        8,
                        [4, 4286677377]
                      ],
                      [
                        { "frame": 1.4583333333333333 },
                        "value",
                        8,
                        [4, 4293190884]
                      ],
                      [
                        { "frame": 1.7083333333333333 },
                        "value",
                        8,
                        [4, 4287269514]
                      ],
                      [
                        { "frame": 1.9583333333333333 },
                        "value",
                        8,
                        [4, 4294440951]
                      ],
                      [
                        { "frame": 2.4166666666666665 },
                        "value",
                        8,
                        [4, 4279440147]
                      ],
                      [{ "frame": 2.75 }, "value", 8, [4, 4294967295]],
                      [{ "frame": 3 }, "value", 8, [4, 4278190080]],
                      [{ "frame": 3.25 }, "value", 8, [4, 4294967295]],
                      [{ "frame": 3.5 }, "value", 8, [4, 4286677377]],
                      [
                        { "frame": 4.208333333333333 },
                        "value",
                        8,
                        [4, 4293190884]
                      ],
                      [
                        { "frame": 4.458333333333333 },
                        "value",
                        8,
                        [4, 4287269514]
                      ],
                      [
                        { "frame": 4.708333333333333 },
                        "value",
                        8,
                        [4, 4294440951]
                      ],
                      [
                        { "frame": 5.166666666666667 },
                        "value",
                        8,
                        [4, 4279440147]
                      ]
                    ],
                    11,
                    11,
                    11,
                    11,
                    11,
                    11,
                    11,
                    11,
                    11,
                    11,
                    11,
                    11,
                    11,
                    11,
                    11,
                    11
                  ]
                ]
              ],
              "ui_vfx_a_screen_04",
              11,
              [
                {},
                "props",
                11,
                [
                  {},
                  "color",
                  12,
                  [
                    [
                      [{ "frame": 0 }, "value", 8, [4, 4294967295]],
                      [{ "frame": 0.5 }, "value", 8, [4, 4278190080]],
                      [{ "frame": 0.875 }, "value", 8, [4, 4293717228]],
                      [
                        { "frame": 1.5416666666666667 },
                        "value",
                        8,
                        [4, 4294440951]
                      ],
                      [{ "frame": 2.125 }, "value", 8, [4, 4293190884]],
                      [
                        { "frame": 2.7916666666666665 },
                        "value",
                        8,
                        [4, 4286677377]
                      ],
                      [
                        { "frame": 3.2916666666666665 },
                        "value",
                        8,
                        [4, 4294967295]
                      ],
                      [
                        { "frame": 3.9583333333333335 },
                        "value",
                        8,
                        [4, 4278190080]
                      ],
                      [
                        { "frame": 4.541666666666667 },
                        "value",
                        8,
                        [4, 4287269514]
                      ],
                      [{ "frame": 5.125 }, "value", 8, [4, 4294440951]]
                    ],
                    11,
                    11,
                    11,
                    11,
                    11,
                    11,
                    11,
                    11,
                    11,
                    11
                  ]
                ]
              ],
              "ui_vfx_a_screen_02",
              11,
              [
                {},
                "props",
                11,
                [
                  {},
                  "color",
                  12,
                  [
                    [
                      [{ "frame": 0 }, "value", 8, [4, 4294967295]],
                      [{ "frame": 0.5 }, "value", 8, [4, 4278190080]],
                      [{ "frame": 0.875 }, "value", 8, [4, 4287269514]],
                      [
                        { "frame": 1.5416666666666667 },
                        "value",
                        8,
                        [4, 4294440951]
                      ],
                      [{ "frame": 2.125 }, "value", 8, [4, 4293190884]],
                      [
                        { "frame": 2.7916666666666665 },
                        "value",
                        8,
                        [4, 4286677377]
                      ],
                      [
                        { "frame": 3.2916666666666665 },
                        "value",
                        8,
                        [4, 4294967295]
                      ],
                      [
                        { "frame": 3.9583333333333335 },
                        "value",
                        8,
                        [4, 4278190080]
                      ],
                      [
                        { "frame": 4.541666666666667 },
                        "value",
                        8,
                        [4, 4287269514]
                      ],
                      [{ "frame": 5.125 }, "value", 8, [4, 4294440951]]
                    ],
                    11,
                    11,
                    11,
                    11,
                    11,
                    11,
                    11,
                    11,
                    11,
                    11
                  ]
                ]
              ],
              "ui_vfx_a_screen_01",
              11,
              [
                {},
                "props",
                11,
                [
                  {},
                  "color",
                  12,
                  [
                    [
                      [{ "frame": 0 }, "value", 8, [4, 4294967295]],
                      [
                        { "frame": 0.4583333333333333 },
                        "value",
                        8,
                        [4, 4278190080]
                      ],
                      [
                        { "frame": 0.7083333333333334 },
                        "value",
                        8,
                        [4, 4294967295]
                      ],
                      [
                        { "frame": 0.9583333333333334 },
                        "value",
                        8,
                        [4, 4286677377]
                      ],
                      [
                        { "frame": 1.4583333333333333 },
                        "value",
                        8,
                        [4, 4293190884]
                      ],
                      [
                        { "frame": 1.7083333333333333 },
                        "value",
                        8,
                        [4, 4287269514]
                      ],
                      [
                        { "frame": 1.9583333333333333 },
                        "value",
                        8,
                        [4, 4294440951]
                      ],
                      [
                        { "frame": 2.4166666666666665 },
                        "value",
                        8,
                        [4, 4279440147]
                      ],
                      [{ "frame": 2.75 }, "value", 8, [4, 4294967295]],
                      [{ "frame": 3 }, "value", 8, [4, 4278190080]],
                      [{ "frame": 3.25 }, "value", 8, [4, 4294967295]],
                      [{ "frame": 3.5 }, "value", 8, [4, 4286677377]],
                      [
                        { "frame": 4.208333333333333 },
                        "value",
                        8,
                        [4, 4293190884]
                      ],
                      [
                        { "frame": 4.458333333333333 },
                        "value",
                        8,
                        [4, 4287269514]
                      ],
                      [
                        { "frame": 4.708333333333333 },
                        "value",
                        8,
                        [4, 4294440951]
                      ],
                      [
                        { "frame": 5.166666666666667 },
                        "value",
                        8,
                        [4, 4279440147]
                      ]
                    ],
                    11,
                    11,
                    11,
                    11,
                    11,
                    11,
                    11,
                    11,
                    11,
                    11,
                    11,
                    11,
                    11,
                    11,
                    11,
                    11
                  ]
                ]
              ],
              "wh_vfx_b_add_04",
              11,
              [
                {},
                "props",
                11,
                [
                  {},
                  "color",
                  12,
                  [
                    [
                      [{ "frame": 0 }, "value", 8, [4, 4294967295]],
                      [{ "frame": 0.25 }, "value", 8, [4, 4292730333]],
                      [{ "frame": 0.375 }, "value", 8, [4, 4281545523]],
                      [{ "frame": 0.5 }, "value", 8, [4, 4278190080]],
                      [{ "frame": 0.875 }, "value", 8, [4, 4287269514]],
                      [
                        { "frame": 1.0833333333333333 },
                        "value",
                        8,
                        [4, 4294506744]
                      ],
                      [
                        { "frame": 1.2083333333333333 },
                        "value",
                        8,
                        [4, 4278190080]
                      ],
                      [
                        { "frame": 1.5416666666666667 },
                        "value",
                        8,
                        [4, 4294440951]
                      ],
                      [
                        { "frame": 1.8333333333333333 },
                        "value",
                        8,
                        [4, 4284769380]
                      ],
                      [
                        { "frame": 2.0416666666666665 },
                        "value",
                        8,
                        [4, 4294309365]
                      ],
                      [{ "frame": 2.125 }, "value", 8, [4, 4293190884]],
                      [
                        { "frame": 2.5416666666666665 },
                        "value",
                        8,
                        [4, 4283585106]
                      ],
                      [
                        { "frame": 2.7916666666666665 },
                        "value",
                        8,
                        [4, 4286677377]
                      ],
                      [
                        { "frame": 3.2916666666666665 },
                        "value",
                        8,
                        [4, 4294967295]
                      ],
                      [
                        { "frame": 3.5833333333333335 },
                        "value",
                        8,
                        [4, 4293980400]
                      ],
                      [
                        { "frame": 3.9583333333333335 },
                        "value",
                        8,
                        [4, 4278190080]
                      ],
                      [
                        { "frame": 4.541666666666667 },
                        "value",
                        8,
                        [4, 4287269514]
                      ],
                      [{ "frame": 5.125 }, "value", 8, [4, 4294440951]]
                    ],
                    11,
                    11,
                    11,
                    11,
                    11,
                    11,
                    11,
                    11,
                    11,
                    11,
                    11,
                    11,
                    11,
                    11,
                    11,
                    11,
                    11,
                    11
                  ]
                ]
              ]
            ]
          ]
        ]
      ],
      0,
      0,
      [],
      [],
      []
    ],
    [
      [
        {
          "name": "ui_vfx_a_screen_06_07",
          "rect": [845, 433, 420, 140],
          "offset": [0, 20],
          "originalSize": [420, 180],
          "capInsets": [0, 0, 0, 0]
        }
      ],
      [0],
      0,
      [0],
      [0],
      [0]
    ]
  ]
]
