[
  1,
  [
    "22vt4wTGJGAqLy1HHkOwrB",
    "86+g92nfZFoIoTmbu/Dh5A",
    "d7O0gZahFOx7hXiYTeqy/o",
    "e4lGA7QgVP2KfI4aekrvU1",
    "9aCWyU1v1AsJv0iyULlGp3",
    "15H2WCPedGn50LpYF4ZpTj",
    "11jmqNmvZFKoCFG/NPQ+O6",
    "71RraVVBhFspXWzBkKg452",
    "a5WaKwVNZCQ43T8kuI8dN8",
    "bf7zu5y5tOpauwROGgybvR",
    "46rHvPmepK95QnAzWEkJ4H",
    "262ETYkYtJlr6bmNQAzaAz",
    "83eOTPHntNMa2SdXv82NuT",
    "cd0pcGz8pOo63ucTMQKRv5",
    "063zQmhTBNdpd/vDF15of1",
    "53z+ZPjuBNxa5xCbB70MGQ"
  ],
  [
    "_textureSetter",
    "bl_desc",
    "bl_fs",
    "bl_start",
    "info_1",
    "info_2",
    "info_3",
    "info_4",
    "info_5",
    "info_6",
    "info_7",
    "info_tw",
    "info_win",
    "wb",
    "wm",
    "wsm"
  ],
  ["cc.SpriteFrame", ["cc.SpriteAtlas", ["_name", "_spriteFrames"], 2, 11]],
  [[1, 0, 1, 2]],
  [
    [
      [
        {
          "name": "wm",
          "rect": [1, 367, 690, 131],
          "offset": [0, 0],
          "originalSize": [690, 131],
          "capInsets": [0, 0, 0, 0]
        }
      ],
      [0],
      0,
      [0],
      [0],
      [0]
    ],
    [
      [
        {
          "name": "info_3",
          "rect": [1, 1, 950, 64],
          "offset": [0, 1],
          "originalSize": [958, 66],
          "capInsets": [0, 0, 0, 0]
        }
      ],
      [0],
      0,
      [0],
      [0],
      [0]
    ],
    [
      [
        {
          "name": "info_2",
          "rect": [605, 255, 608, 62],
          "offset": [-2, -2],
          "originalSize": [612, 66],
          "capInsets": [0, 0, 0, 0]
        }
      ],
      [0],
      0,
      [0],
      [0],
      [0]
    ],
    [
      [
        {
          "name": "info_tw",
          "rect": [1831, 112, 195, 42],
          "offset": [0, 1],
          "originalSize": [199, 66],
          "rotated": 1,
          "capInsets": [0, 0, 0, 0]
        }
      ],
      [0],
      0,
      [0],
      [0],
      [0]
    ],
    [
      [
        [
          0,
          "general.plist",
          [
            {},
            "bl_desc",
            6,
            0,
            "bl_fs",
            6,
            1,
            "bl_start",
            6,
            2,
            "info_1",
            6,
            3,
            "info_2",
            6,
            4,
            "info_3",
            6,
            5,
            "info_4",
            6,
            6,
            "info_5",
            6,
            7,
            "info_6",
            6,
            8,
            "info_7",
            6,
            9,
            "info_tw",
            6,
            10,
            "info_win",
            6,
            11,
            "wb",
            6,
            12,
            "wm",
            6,
            13,
            "wsm",
            6,
            14
          ]
        ]
      ],
      0,
      0,
      [0, 0, 0, 0, 0, 0, 0, 0, 0, 0, 0, 0, 0, 0, 0],
      [1, 2, 3, 4, 5, 6, 7, 8, 9, 10, 11, 12, 13, 14, 15],
      [1, 2, 3, 4, 5, 6, 7, 8, 9, 10, 11, 12, 13, 14, 15]
    ],
    [
      [
        {
          "name": "info_7",
          "rect": [1280, 419, 335, 60],
          "offset": [2, -3],
          "originalSize": [343, 66],
          "capInsets": [0, 0, 0, 0]
        }
      ],
      [0],
      0,
      [0],
      [0],
      [0]
    ],
    [
      [
        {
          "name": "wsm",
          "rect": [1291, 137, 538, 280],
          "offset": [0, 0],
          "originalSize": [538, 280],
          "capInsets": [0, 0, 0, 0]
        }
      ],
      [0],
      0,
      [0],
      [0],
      [0]
    ],
    [
      [
        {
          "name": "info_4",
          "rect": [859, 69, 715, 66],
          "offset": [-2, 0],
          "originalSize": [723, 66],
          "capInsets": [0, 0, 0, 0]
        }
      ],
      [0],
      0,
      [0],
      [0],
      [0]
    ],
    [
      [
        {
          "name": "info_win",
          "rect": [1576, 69, 193, 58],
          "offset": [0, 0],
          "originalSize": [201, 66],
          "capInsets": [0, 0, 0, 0]
        }
      ],
      [0],
      0,
      [0],
      [0],
      [0]
    ],
    [
      [
        {
          "name": "bl_desc",
          "rect": [1, 135, 602, 230],
          "offset": [0, 0],
          "originalSize": [602, 230],
          "capInsets": [0, 0, 0, 0]
        }
      ],
      [0],
      0,
      [0],
      [0],
      [0]
    ],
    [
      [
        {
          "name": "info_1",
          "rect": [1, 67, 856, 66],
          "offset": [-1, 0],
          "originalSize": [866, 66],
          "capInsets": [0, 0, 0, 0]
        }
      ],
      [0],
      0,
      [0],
      [0],
      [0]
    ],
    [
      [
        {
          "name": "info_5",
          "rect": [953, 1, 760, 66],
          "offset": [-2, 0],
          "originalSize": [770, 66],
          "capInsets": [0, 0, 0, 0]
        }
      ],
      [0],
      0,
      [0],
      [0],
      [0]
    ],
    [
      [
        {
          "name": "info_6",
          "rect": [1617, 419, 228, 64],
          "offset": [0, 1],
          "originalSize": [234, 66],
          "capInsets": [0, 0, 0, 0]
        }
      ],
      [0],
      0,
      [0],
      [0],
      [0]
    ],
    [
      [
        {
          "name": "wb",
          "rect": [605, 137, 684, 116],
          "offset": [0, 0],
          "originalSize": [684, 116],
          "capInsets": [0, 0, 0, 0]
        }
      ],
      [0],
      0,
      [0],
      [0],
      [0]
    ],
    [
      [
        {
          "name": "bl_fs",
          "rect": [693, 319, 585, 174],
          "offset": [0, 0],
          "originalSize": [585, 174],
          "capInsets": [0, 0, 0, 0]
        }
      ],
      [0],
      0,
      [0],
      [0],
      [0]
    ],
    [
      [
        {
          "name": "bl_start",
          "rect": [1771, 1, 109, 91],
          "offset": [0, 0],
          "originalSize": [109, 91],
          "rotated": 1,
          "capInsets": [0, 0, 0, 0]
        }
      ],
      [0],
      0,
      [0],
      [0],
      [0]
    ]
  ]
]
