[
  1,
  [
    "66iDvybQtCfKDzenVjb78g",
    "c1sk6AT1BG4bG/slh8Hjg+",
    "caNwcs6KVNP6jRP/YWNUNI",
    "9cJ7KS/ApFB6h5mnXWODHu",
    "e2jvlMEQpMVqq4G84ZS1Kb",
    "0aSjFqxwlBSofRwMvK2wa3",
    "3fZ8DhXtxHaqWgry+xd5zj",
    "43RaAFhXtA2Z88++5zIqgU",
    "52pMSbquxL8bLryOBWF+Kl",
    "05DGWS5rdLI7Xb+ElKCaSK",
    "2a2u4KGxpN0YPf8kZyZPlz",
    "44PvMMz5xIDo5Jytu9v57x",
    "54/u9/HYhCC4pj9Ul7uRW4",
    "d51MeCFhxHKbm55Tj+8vhx",
    "ecuyJvctFDjYbqybtykcam",
    "57nOWRBUBEWZUZZQuyVoTt",
    "3aAXfCnp9FmpmtyWDY8Cds",
    "36bbwCg4JG+5uUTy0ZdeFi",
    "cedkL3ZltEtIZ0nxB/y+8+",
    "c07eWlFi9BPIHkhM4qH/kO",
    "34+7/XOxJHa7cU699nvKjG",
    "90a11hF6pLw5sat4+odfCy",
    "98n7TIWJhCtq7vo778XjIi",
    "d8icsOG5tEMJ82ncL2zlFH",
    "f7y3aLEQxDjouom98j24vz",
    "devH2hdkZKh66102YVtpsh",
    "c8ZESDbn9E3Yyf/u7htZgE",
    "f9Yl84jfdET5LpLbwOBvvF",
    "024wQ8cChPH74anikP5KIU"
  ],
  ["_textureSetter", "value"],
  [
    "cc.SpriteFrame",
    [
      "cc.AnimationClip",
      ["_name", "_duration", "sample", "wrapMode", "curveData"],
      -1,
      11
    ]
  ],
  [[1, 0, 1, 2, 3, 4, 5]],
  [
    [
      [
        {
          "name": "cart_vfx_f_add_53",
          "rect": [415, 194, 136, 191],
          "offset": [4, -63],
          "originalSize": [308, 373],
          "capInsets": [0, 0, 0, 0]
        }
      ],
      [0],
      0,
      [0],
      [0],
      [0]
    ],
    [
      [
        {
          "name": "cart_vfx_f_add_34",
          "rect": [553, 1, 134, 191],
          "offset": [5, -63],
          "originalSize": [308, 373],
          "capInsets": [0, 0, 0, 0]
        }
      ],
      [0],
      0,
      [0],
      [0],
      [0]
    ],
    [
      [
        {
          "name": "cart_vfx_c_normal_18",
          "rect": [1, 663, 182, 98],
          "offset": [-3, -1],
          "originalSize": [350, 350],
          "capInsets": [0, 0, 0, 0]
        }
      ],
      [0],
      0,
      [0],
      [0],
      [1]
    ],
    [
      [
        {
          "name": "cart_vfx_f_add_30",
          "rect": [1, 387, 136, 191],
          "offset": [4, -63],
          "originalSize": [308, 373],
          "capInsets": [0, 0, 0, 0]
        }
      ],
      [0],
      0,
      [0],
      [0],
      [0]
    ],
    [
      [
        {
          "name": "cart_vfx_c_normal_20",
          "rect": [391, 435, 3, 3],
          "offset": [-173.5, 173.5],
          "originalSize": [350, 350],
          "capInsets": [0, 0, 0, 0]
        }
      ],
      [0],
      0,
      [0],
      [0],
      [1]
    ],
    [
      [
        {
          "name": "cart_vfx_c_normal_16",
          "rect": [197, 435, 192, 104],
          "offset": [-2, -1],
          "originalSize": [350, 350],
          "capInsets": [0, 0, 0, 0]
        }
      ],
      [0],
      0,
      [0],
      [0],
      [1]
    ],
    [
      [
        {
          "name": "cart_vfx_c_normal_13",
          "rect": [205, 113, 200, 110],
          "offset": [1, 1],
          "originalSize": [350, 350],
          "capInsets": [0, 0, 0, 0]
        }
      ],
      [0],
      0,
      [0],
      [0],
      [1]
    ],
    [
      [
        {
          "name": "cart_vfx_f_add_35",
          "rect": [415, 387, 134, 191],
          "offset": [5, -63],
          "originalSize": [308, 373],
          "capInsets": [0, 0, 0, 0]
        }
      ],
      [0],
      0,
      [0],
      [0],
      [0]
    ],
    [
      [
        [
          0,
          "cart_vfx_f",
          1.125,
          24,
          2,
          [
            {},
            "comps",
            11,
            [
              {},
              "cc.Sprite",
              11,
              [
                {},
                "spriteFrame",
                12,
                [
                  [
                    [{ "frame": 0 }, "value", 6, 0],
                    [{ "frame": 0.041666666666666664 }, "value", 6, 1],
                    [{ "frame": 0.08333333333333333 }, "value", 6, 2],
                    [{ "frame": 0.125 }, "value", 6, 3],
                    [{ "frame": 0.16666666666666666 }, "value", 6, 4],
                    [{ "frame": 0.20833333333333334 }, "value", 6, 5],
                    [{ "frame": 0.25 }, "value", 6, 6],
                    [{ "frame": 0.2916666666666667 }, "value", 6, 7],
                    [{ "frame": 0.3333333333333333 }, "value", 6, 8],
                    [{ "frame": 0.375 }, "value", 6, 9],
                    [{ "frame": 0.4166666666666667 }, "value", 6, 10],
                    [{ "frame": 0.4583333333333333 }, "value", 6, 11],
                    [{ "frame": 0.5 }, "value", 6, 12],
                    [{ "frame": 0.5416666666666666 }, "value", 6, 13],
                    [{ "frame": 0.5833333333333334 }, "value", 6, 14],
                    [{ "frame": 0.625 }, "value", 6, 15],
                    [{ "frame": 0.6666666666666666 }, "value", 6, 16],
                    [{ "frame": 0.7083333333333334 }, "value", 6, 17],
                    [{ "frame": 0.75 }, "value", 6, 18],
                    [{ "frame": 0.7916666666666666 }, "value", 6, 19],
                    [{ "frame": 0.8333333333333334 }, "value", 6, 20],
                    [{ "frame": 0.875 }, "value", 6, 21],
                    [{ "frame": 0.9166666666666666 }, "value", 6, 22],
                    [{ "frame": 0.9583333333333334 }, "value", 6, 23],
                    [{ "frame": 1 }, "value", 6, 24],
                    [{ "frame": 1.0416666666666667 }, "value", 6, 25],
                    [{ "frame": 1.0833333333333333 }, "value", 6, 26]
                  ],
                  11,
                  11,
                  11,
                  11,
                  11,
                  11,
                  11,
                  11,
                  11,
                  11,
                  11,
                  11,
                  11,
                  11,
                  11,
                  11,
                  11,
                  11,
                  11,
                  11,
                  11,
                  11,
                  11,
                  11,
                  11,
                  11,
                  11
                ]
              ]
            ]
          ]
        ]
      ],
      0,
      0,
      [
        0, 0, 0, 0, 0, 0, 0, 0, 0, 0, 0, 0, 0, 0, 0, 0, 0, 0, 0, 0, 0, 0, 0, 0,
        0, 0, 0
      ],
      [
        1, 1, 1, 1, 1, 1, 1, 1, 1, 1, 1, 1, 1, 1, 1, 1, 1, 1, 1, 1, 1, 1, 1, 1,
        1, 1, 1
      ],
      [
        2, 3, 4, 5, 6, 7, 8, 9, 10, 11, 12, 13, 14, 15, 16, 17, 18, 19, 20, 21,
        22, 23, 24, 25, 26, 27, 28
      ]
    ],
    [
      [
        {
          "name": "cart_vfx_c_normal_14",
          "rect": [1, 221, 200, 104],
          "offset": [1, 0],
          "originalSize": [350, 350],
          "capInsets": [0, 0, 0, 0]
        }
      ],
      [0],
      0,
      [0],
      [0],
      [1]
    ],
    [
      [
        {
          "name": "cart_vfx_f_add_45",
          "rect": [687, 387, 136, 189],
          "offset": [4, -63],
          "originalSize": [308, 373],
          "capInsets": [0, 0, 0, 0]
        }
      ],
      [0],
      0,
      [0],
      [0],
      [0]
    ],
    [
      [
        {
          "name": "cart_vfx_f_add_42",
          "rect": [825, 1, 134, 191],
          "offset": [5, -63],
          "originalSize": [308, 373],
          "capInsets": [0, 0, 0, 0]
        }
      ],
      [0],
      0,
      [0],
      [0],
      [0]
    ],
    [
      [
        {
          "name": "cart_vfx_f_add_41",
          "rect": [689, 194, 134, 191],
          "offset": [5, -63],
          "originalSize": [308, 373],
          "capInsets": [0, 0, 0, 0]
        }
      ],
      [0],
      0,
      [0],
      [0],
      [0]
    ],
    [
      [
        {
          "name": "cart_vfx_c_normal_01",
          "rect": [407, 169, 114, 92],
          "offset": [7, 2],
          "originalSize": [350, 350],
          "rotated": 1,
          "capInsets": [0, 0, 0, 0]
        }
      ],
      [0],
      0,
      [0],
      [0],
      [1]
    ],
    [
      [
        {
          "name": "cart_vfx_f_add_31",
          "rect": [1, 580, 136, 191],
          "offset": [4, -63],
          "originalSize": [308, 373],
          "capInsets": [0, 0, 0, 0]
        }
      ],
      [0],
      0,
      [0],
      [0],
      [0]
    ],
    [
      [
        {
          "name": "cart_vfx_f_add_32",
          "rect": [139, 194, 136, 191],
          "offset": [4, -63],
          "originalSize": [308, 373],
          "capInsets": [0, 0, 0, 0]
        }
      ],
      [0],
      0,
      [0],
      [0],
      [0]
    ],
    [
      [
        {
          "name": "cart_vfx_f_add_36",
          "rect": [415, 580, 134, 191],
          "offset": [5, -63],
          "originalSize": [308, 373],
          "capInsets": [0, 0, 0, 0]
        }
      ],
      [0],
      0,
      [0],
      [0],
      [0]
    ],
    [
      [
        {
          "name": "cart_vfx_c_normal_19",
          "rect": [411, 1, 166, 86],
          "offset": [3, 0],
          "originalSize": [350, 350],
          "rotated": 1,
          "capInsets": [0, 0, 0, 0]
        }
      ],
      [0],
      0,
      [0],
      [0],
      [1]
    ],
    [
      [
        {
          "name": "cart_vfx_c_normal_11",
          "rect": [1, 1, 204, 108],
          "offset": [3, 0],
          "originalSize": [350, 350],
          "capInsets": [0, 0, 0, 0]
        }
      ],
      [0],
      0,
      [0],
      [0],
      [1]
    ],
    [
      [
        {
          "name": "cart_vfx_c_normal_07",
          "rect": [1, 539, 192, 102],
          "offset": [5, -1],
          "originalSize": [350, 350],
          "capInsets": [0, 0, 0, 0]
        }
      ],
      [0],
      0,
      [0],
      [0],
      [1]
    ],
    [
      [
        {
          "name": "cart_vfx_f_add_33",
          "rect": [277, 1, 136, 191],
          "offset": [4, -63],
          "originalSize": [308, 373],
          "capInsets": [0, 0, 0, 0]
        }
      ],
      [0],
      0,
      [0],
      [0],
      [0]
    ],
    [
      [
        {
          "name": "cart_vfx_f_add_37",
          "rect": [553, 194, 134, 191],
          "offset": [5, -63],
          "originalSize": [308, 373],
          "capInsets": [0, 0, 0, 0]
        }
      ],
      [0],
      0,
      [0],
      [0],
      [0]
    ],
    [
      [
        {
          "name": "cart_vfx_f_add_40",
          "rect": [551, 580, 134, 191],
          "offset": [5, -63],
          "originalSize": [308, 373],
          "capInsets": [0, 0, 0, 0]
        }
      ],
      [0],
      0,
      [0],
      [0],
      [0]
    ],
    [
      [
        {
          "name": "cart_vfx_c_normal_08",
          "rect": [1, 327, 198, 104],
          "offset": [5, -1],
          "originalSize": [350, 350],
          "capInsets": [0, 0, 0, 0]
        }
      ],
      [0],
      0,
      [0],
      [0],
      [1]
    ],
    [
      [
        {
          "name": "cart_vfx_c_normal_06",
          "rect": [201, 333, 196, 100],
          "offset": [10, -2],
          "originalSize": [350, 350],
          "capInsets": [0, 0, 0, 0]
        }
      ],
      [0],
      0,
      [0],
      [0],
      [1]
    ],
    [
      [
        {
          "name": "cart_vfx_c_normal_03",
          "rect": [195, 541, 160, 100],
          "offset": [9, 0],
          "originalSize": [350, 350],
          "capInsets": [0, 0, 0, 0]
        }
      ],
      [0],
      0,
      [0],
      [0],
      [1]
    ],
    [
      [
        {
          "name": "cart_vfx_c_normal_05",
          "rect": [403, 285, 188, 96],
          "offset": [10, -2],
          "originalSize": [350, 350],
          "rotated": 1,
          "capInsets": [0, 0, 0, 0]
        }
      ],
      [0],
      0,
      [0],
      [0],
      [1]
    ],
    [
      [
        {
          "name": "cart_vfx_f_add_46",
          "rect": [687, 578, 136, 189],
          "offset": [4, -63],
          "originalSize": [308, 373],
          "capInsets": [0, 0, 0, 0]
        }
      ],
      [0],
      0,
      [0],
      [0],
      [0]
    ],
    [
      [
        {
          "name": "cart_vfx_c_normal_12",
          "rect": [207, 1, 202, 110],
          "offset": [2, 1],
          "originalSize": [350, 350],
          "capInsets": [0, 0, 0, 0]
        }
      ],
      [0],
      0,
      [0],
      [0],
      [1]
    ],
    [
      [
        {
          "name": "cart_vfx_f_add_47",
          "rect": [139, 387, 136, 191],
          "offset": [4, -63],
          "originalSize": [308, 373],
          "capInsets": [0, 0, 0, 0]
        }
      ],
      [0],
      0,
      [0],
      [0],
      [0]
    ],
    [
      [
        {
          "name": "cart_vfx_c_normal_17",
          "rect": [391, 475, 186, 100],
          "offset": [-3, -2],
          "originalSize": [350, 350],
          "rotated": 1,
          "capInsets": [0, 0, 0, 0]
        }
      ],
      [0],
      0,
      [0],
      [0],
      [1]
    ],
    [
      [
        {
          "name": "cart_vfx_f_add_28",
          "rect": [1, 194, 136, 191],
          "offset": [4, -63],
          "originalSize": [308, 373],
          "capInsets": [0, 0, 0, 0]
        }
      ],
      [0],
      0,
      [0],
      [0],
      [0]
    ],
    [
      [
        {
          "name": "cart_vfx_c_normal_04",
          "rect": [185, 663, 174, 96],
          "offset": [10, -2],
          "originalSize": [350, 350],
          "capInsets": [0, 0, 0, 0]
        }
      ],
      [0],
      0,
      [0],
      [0],
      [1]
    ],
    [
      [
        {
          "name": "cart_vfx_c_normal_15",
          "rect": [1, 433, 194, 104],
          "offset": [-1, 0],
          "originalSize": [350, 350],
          "capInsets": [0, 0, 0, 0]
        }
      ],
      [0],
      0,
      [0],
      [0],
      [1]
    ],
    [
      [
        {
          "name": "cart_vfx_c_normal_00",
          "rect": [391, 435, 3, 3],
          "offset": [-173.5, 173.5],
          "originalSize": [350, 350],
          "capInsets": [0, 0, 0, 0]
        }
      ],
      [0],
      0,
      [0],
      [0],
      [1]
    ],
    [
      [
        {
          "name": "cart_vfx_f_add_44",
          "rect": [825, 377, 134, 181],
          "offset": [5, -68],
          "originalSize": [308, 373],
          "capInsets": [0, 0, 0, 0]
        }
      ],
      [0],
      0,
      [0],
      [0],
      [0]
    ],
    [
      [
        {
          "name": "cart_vfx_f_add_51",
          "rect": [277, 387, 136, 191],
          "offset": [4, -63],
          "originalSize": [308, 373],
          "capInsets": [0, 0, 0, 0]
        }
      ],
      [0],
      0,
      [0],
      [0],
      [0]
    ],
    [
      [
        {
          "name": "cart_vfx_f_add_27",
          "rect": [1, 1, 136, 191],
          "offset": [4, -63],
          "originalSize": [308, 373],
          "capInsets": [0, 0, 0, 0]
        }
      ],
      [0],
      0,
      [0],
      [0],
      [0]
    ],
    [
      [
        {
          "name": "cart_vfx_c_normal_02",
          "rect": [361, 663, 138, 96],
          "offset": [9, 1],
          "originalSize": [350, 350],
          "capInsets": [0, 0, 0, 0]
        }
      ],
      [0],
      0,
      [0],
      [0],
      [1]
    ],
    [
      [
        {
          "name": "cart_vfx_f_add_43",
          "rect": [825, 194, 134, 181],
          "offset": [5, -68],
          "originalSize": [308, 373],
          "capInsets": [0, 0, 0, 0]
        }
      ],
      [0],
      0,
      [0],
      [0],
      [0]
    ],
    [
      [
        {
          "name": "cart_vfx_f_add_38",
          "rect": [689, 1, 134, 191],
          "offset": [5, -63],
          "originalSize": [308, 373],
          "capInsets": [0, 0, 0, 0]
        }
      ],
      [0],
      0,
      [0],
      [0],
      [0]
    ],
    [
      [
        {
          "name": "cart_vfx_f_add_48",
          "rect": [139, 580, 136, 191],
          "offset": [4, -63],
          "originalSize": [308, 373],
          "capInsets": [0, 0, 0, 0]
        }
      ],
      [0],
      0,
      [0],
      [0],
      [0]
    ],
    [
      [
        {
          "name": "cart_vfx_f_add_50",
          "rect": [415, 1, 136, 191],
          "offset": [4, -63],
          "originalSize": [308, 373],
          "capInsets": [0, 0, 0, 0]
        }
      ],
      [0],
      0,
      [0],
      [0],
      [0]
    ],
    [
      [
        {
          "name": "cart_vfx_f_add_29",
          "rect": [139, 1, 136, 191],
          "offset": [4, -63],
          "originalSize": [308, 373],
          "capInsets": [0, 0, 0, 0]
        }
      ],
      [0],
      0,
      [0],
      [0],
      [0]
    ],
    [
      [
        {
          "name": "cart_vfx_c_normal_10",
          "rect": [1, 111, 202, 108],
          "offset": [3, 0],
          "originalSize": [350, 350],
          "capInsets": [0, 0, 0, 0]
        }
      ],
      [0],
      0,
      [0],
      [0],
      [1]
    ],
    [
      [
        {
          "name": "cart_vfx_f_add_39",
          "rect": [551, 387, 134, 191],
          "offset": [5, -63],
          "originalSize": [308, 373],
          "capInsets": [0, 0, 0, 0]
        }
      ],
      [0],
      0,
      [0],
      [0],
      [0]
    ],
    [
      [
        {
          "name": "cart_vfx_c_normal_09",
          "rect": [203, 225, 198, 106],
          "offset": [4, -1],
          "originalSize": [350, 350],
          "capInsets": [0, 0, 0, 0]
        }
      ],
      [0],
      0,
      [0],
      [0],
      [1]
    ],
    [
      [
        {
          "name": "cart_vfx_f_add_49",
          "rect": [277, 194, 136, 191],
          "offset": [4, -63],
          "originalSize": [308, 373],
          "capInsets": [0, 0, 0, 0]
        }
      ],
      [0],
      0,
      [0],
      [0],
      [0]
    ],
    [
      [
        {
          "name": "cart_vfx_f_add_52",
          "rect": [277, 580, 136, 191],
          "offset": [4, -63],
          "originalSize": [308, 373],
          "capInsets": [0, 0, 0, 0]
        }
      ],
      [0],
      0,
      [0],
      [0],
      [0]
    ]
  ]
]
